[02Aug2025 00:49:11.367] [main/INFO] [cpw.mods.modlauncher.Launcher/MODLAUNCHER]: ModLauncher running: args [--launchTarget, forgeserver, --fml.forgeVersion, 47.3.7, --fml.mcVersion, 1.20.1, --fml.forgeGroup, net.minecraftforge, --fml.mcpVersion, 20230612.114412, nogui]
[02Aug2025 00:49:11.372] [main/INFO] [cpw.mods.modlauncher.Launcher/MODLAUNCHER]: ModLauncher 10.0.9+10.0.9+main.dcd20f30 starting: java version 17.0.15 by Ubuntu; OS Linux arch amd64 version 6.8.0-1030-azure
[02Aug2025 00:49:11.400] [main/DEBUG] [cpw.mods.modlauncher.LaunchServiceHandler/MODLAUNCHER]: Found launch services [fmlclientdev,forgeclient,minecraft,forgegametestserverdev,fmlserveruserdev,fmlclient,fmldatauserdev,forgeserverdev,forgeserveruserdev,forgeclientdev,forgeclientuserdev,forgeserver,forgedatadev,fmlserver,fmlclientuserdev,fmlserverdev,forgedatauserdev,testharness,forgegametestserveruserdev]
[02Aug2025 00:49:11.411] [main/DEBUG] [cpw.mods.modlauncher.NameMappingServiceHandler/MODLAUNCHER]: Found naming services : [srgtomcp]
[02Aug2025 00:49:11.423] [main/DEBUG] [cpw.mods.modlauncher.LaunchPluginHandler/MODLAUNCHER]: Found launch plugins: [mixin,eventbus,slf4jfixer,object_holder_definalize,runtime_enum_extender,capability_token_subclass,accesstransformer,runtimedistcleaner]
[02Aug2025 00:49:11.434] [main/DEBUG] [cpw.mods.modlauncher.TransformationServicesHandler/MODLAUNCHER]: Discovering transformation services
[02Aug2025 00:49:11.439] [main/DEBUG] [net.minecraftforge.fml.loading.FMLPaths/CORE]: Path GAMEDIR is /workspaces/cosecha/servidor_minecraft
[02Aug2025 00:49:11.439] [main/DEBUG] [net.minecraftforge.fml.loading.FMLPaths/CORE]: Path MODSDIR is /workspaces/cosecha/servidor_minecraft/mods
[02Aug2025 00:49:11.439] [main/DEBUG] [net.minecraftforge.fml.loading.FMLPaths/CORE]: Path CONFIGDIR is /workspaces/cosecha/servidor_minecraft/config
[02Aug2025 00:49:11.439] [main/DEBUG] [net.minecraftforge.fml.loading.FMLPaths/CORE]: Path FMLCONFIG is /workspaces/cosecha/servidor_minecraft/config/fml.toml
[02Aug2025 00:49:11.985] [main/DEBUG] [cpw.mods.modlauncher.TransformationServicesHandler/MODLAUNCHER]: Found additional transformation services from discovery services: 
[02Aug2025 00:49:11.991] [main/INFO] [net.minecraftforge.fml.loading.ImmediateWindowHandler/]: ImmediateWindowProvider not loading because launch target is forgeserver
[02Aug2025 00:49:11.999] [main/DEBUG] [cpw.mods.modlauncher.TransformationServicesHandler/MODLAUNCHER]: Found transformer services : [mixin,fml]
[02Aug2025 00:49:11.999] [main/DEBUG] [cpw.mods.modlauncher.TransformationServicesHandler/MODLAUNCHER]: Transformation services loading
[02Aug2025 00:49:12.000] [main/DEBUG] [cpw.mods.modlauncher.TransformationServiceDecorator/MODLAUNCHER]: Loading service mixin
[02Aug2025 00:49:12.000] [main/DEBUG] [cpw.mods.modlauncher.TransformationServiceDecorator/MODLAUNCHER]: Loaded service mixin
[02Aug2025 00:49:12.001] [main/DEBUG] [cpw.mods.modlauncher.TransformationServiceDecorator/MODLAUNCHER]: Loading service fml
[02Aug2025 00:49:12.002] [main/DEBUG] [net.minecraftforge.fml.loading.LauncherVersion/CORE]: Found FMLLauncher version 1.0
[02Aug2025 00:49:12.003] [main/DEBUG] [net.minecraftforge.fml.loading.FMLLoader/CORE]: FML 1.0 loading
[02Aug2025 00:49:12.004] [main/DEBUG] [net.minecraftforge.fml.loading.FMLLoader/CORE]: FML found ModLauncher version : 10.0.9+10.0.9+main.dcd20f30
[02Aug2025 00:49:12.005] [main/DEBUG] [net.minecraftforge.fml.loading.FMLLoader/CORE]: FML found AccessTransformer version : 8.0.4+66+master.c09db6d7
[02Aug2025 00:49:12.006] [main/DEBUG] [net.minecraftforge.fml.loading.FMLLoader/CORE]: FML found EventBus version : 6.0.5+6.0.5+master.eb8e549b
[02Aug2025 00:49:12.006] [main/DEBUG] [net.minecraftforge.fml.loading.FMLLoader/CORE]: Found Runtime Dist Cleaner
[02Aug2025 00:49:12.008] [main/DEBUG] [net.minecraftforge.fml.loading.FMLLoader/CORE]: FML found CoreMod version : 5.1.6
[02Aug2025 00:49:12.009] [main/DEBUG] [net.minecraftforge.fml.loading.FMLLoader/CORE]: Found ForgeSPI package implementation version 7.0.1+7.0.1+master.d2b38bf6
[02Aug2025 00:49:12.009] [main/DEBUG] [net.minecraftforge.fml.loading.FMLLoader/CORE]: Found ForgeSPI package specification 5
[02Aug2025 00:49:12.009] [main/DEBUG] [cpw.mods.modlauncher.TransformationServiceDecorator/MODLAUNCHER]: Loaded service fml
[02Aug2025 00:49:12.010] [main/DEBUG] [cpw.mods.modlauncher.TransformationServicesHandler/MODLAUNCHER]: Configuring option handling for services
[02Aug2025 00:49:12.017] [main/DEBUG] [cpw.mods.modlauncher.TransformationServicesHandler/MODLAUNCHER]: Transformation services initializing
[02Aug2025 00:49:12.018] [main/DEBUG] [cpw.mods.modlauncher.TransformationServiceDecorator/MODLAUNCHER]: Initializing transformation service mixin
[02Aug2025 00:49:12.034] [main/DEBUG] [mixin/]: MixinService [ModLauncher] was successfully booted in cpw.mods.cl.ModuleClassLoader@1e7c7811
[02Aug2025 00:49:12.049] [main/INFO] [mixin/]: SpongePowered MIXIN Subsystem Version=0.8.5 Source=union:/workspaces/cosecha/servidor_minecraft/libraries/org/spongepowered/mixin/0.8.5/mixin-0.8.5.jar%2365!/ Service=ModLauncher Env=SERVER
[02Aug2025 00:49:12.053] [main/DEBUG] [mixin/]: Initialising Mixin Platform Manager
[02Aug2025 00:49:12.053] [main/DEBUG] [mixin/]: Adding mixin platform agents for container ModLauncher Root Container(ModLauncher:4f56a0a2)
[02Aug2025 00:49:12.054] [main/DEBUG] [mixin/]: Instancing new MixinPlatformAgentMinecraftForge for ModLauncher Root Container(ModLauncher:4f56a0a2)
[02Aug2025 00:49:12.054] [main/DEBUG] [mixin/]: MixinPlatformAgentMinecraftForge rejected container ModLauncher Root Container(ModLauncher:4f56a0a2)
[02Aug2025 00:49:12.055] [main/DEBUG] [mixin/]: Instancing new MixinPlatformAgentDefault for ModLauncher Root Container(ModLauncher:4f56a0a2)
[02Aug2025 00:49:12.055] [main/DEBUG] [mixin/]: MixinPlatformAgentDefault accepted container ModLauncher Root Container(ModLauncher:4f56a0a2)
[02Aug2025 00:49:12.057] [main/DEBUG] [cpw.mods.modlauncher.TransformationServiceDecorator/MODLAUNCHER]: Initialized transformation service mixin
[02Aug2025 00:49:12.057] [main/DEBUG] [cpw.mods.modlauncher.TransformationServiceDecorator/MODLAUNCHER]: Initializing transformation service fml
[02Aug2025 00:49:12.057] [main/DEBUG] [net.minecraftforge.fml.loading.FMLServiceProvider/CORE]: Setting up basic FML game directories
[02Aug2025 00:49:12.058] [main/DEBUG] [net.minecraftforge.fml.loading.FMLPaths/CORE]: Path GAMEDIR is /workspaces/cosecha/servidor_minecraft
[02Aug2025 00:49:12.058] [main/DEBUG] [net.minecraftforge.fml.loading.FMLPaths/CORE]: Path MODSDIR is /workspaces/cosecha/servidor_minecraft/mods
[02Aug2025 00:49:12.058] [main/DEBUG] [net.minecraftforge.fml.loading.FMLPaths/CORE]: Path CONFIGDIR is /workspaces/cosecha/servidor_minecraft/config
[02Aug2025 00:49:12.058] [main/DEBUG] [net.minecraftforge.fml.loading.FMLPaths/CORE]: Path FMLCONFIG is /workspaces/cosecha/servidor_minecraft/config/fml.toml
[02Aug2025 00:49:12.058] [main/DEBUG] [net.minecraftforge.fml.loading.FMLServiceProvider/CORE]: Loading configuration
[02Aug2025 00:49:12.061] [main/DEBUG] [net.minecraftforge.fml.loading.FMLServiceProvider/CORE]: Preparing ModFile
[02Aug2025 00:49:12.064] [main/DEBUG] [net.minecraftforge.fml.loading.FMLServiceProvider/CORE]: Preparing launch handler
[02Aug2025 00:49:12.064] [main/DEBUG] [net.minecraftforge.fml.loading.FMLLoader/CORE]: Using forgeserver as launch service
[02Aug2025 00:49:12.077] [main/DEBUG] [net.minecraftforge.fml.loading.FMLLoader/CORE]: Received command line version data  : VersionInfo[forgeVersion=47.3.7, mcVersion=1.20.1, mcpVersion=20230612.114412, forgeGroup=net.minecraftforge]
[02Aug2025 00:49:12.079] [main/DEBUG] [cpw.mods.modlauncher.TransformationServiceDecorator/MODLAUNCHER]: Initialized transformation service fml
[02Aug2025 00:49:12.079] [main/DEBUG] [cpw.mods.modlauncher.NameMappingServiceHandler/MODLAUNCHER]: Current naming domain is 'srg'
[02Aug2025 00:49:12.080] [main/DEBUG] [cpw.mods.modlauncher.NameMappingServiceHandler/MODLAUNCHER]: Identified name mapping providers {}
[02Aug2025 00:49:12.080] [main/DEBUG] [cpw.mods.modlauncher.TransformationServicesHandler/MODLAUNCHER]: Transformation services begin scanning
[02Aug2025 00:49:12.080] [main/DEBUG] [cpw.mods.modlauncher.TransformationServiceDecorator/MODLAUNCHER]: Beginning scan trigger - transformation service mixin
[02Aug2025 00:49:12.081] [main/DEBUG] [cpw.mods.modlauncher.TransformationServiceDecorator/MODLAUNCHER]: End scan trigger - transformation service mixin
[02Aug2025 00:49:12.081] [main/DEBUG] [cpw.mods.modlauncher.TransformationServiceDecorator/MODLAUNCHER]: Beginning scan trigger - transformation service fml
[02Aug2025 00:49:12.081] [main/DEBUG] [net.minecraftforge.fml.loading.FMLServiceProvider/CORE]: Initiating mod scan
[02Aug2025 00:49:12.091] [main/DEBUG] [net.minecraftforge.fml.loading.moddiscovery.ModListHandler/CORE]: Found mod coordinates from lists: []
[02Aug2025 00:49:12.093] [main/DEBUG] [net.minecraftforge.fml.loading.moddiscovery.ModDiscoverer/CORE]: Found Mod Locators : (mods folder:null),(maven libs:null),(exploded directory:null),(minecraft:null),(userdev classpath:null)
[02Aug2025 00:49:12.094] [main/DEBUG] [net.minecraftforge.fml.loading.moddiscovery.ModDiscoverer/CORE]: Found Dependency Locators : (JarInJar:null)
[02Aug2025 00:49:12.104] [main/DEBUG] [net.minecraftforge.fml.loading.moddiscovery.ModFileParser/LOADING]: Considering mod file candidate /workspaces/cosecha/servidor_minecraft/mods/alexsmobs-1.22.8.jar
[02Aug2025 00:49:12.140] [main/DEBUG] [net.minecraftforge.fml.loading.moddiscovery.ModFileInfo/LOADING]: Found valid mod file alexsmobs-1.22.8.jar with {alexsmobs} mods - versions {1.22.8}
[02Aug2025 00:49:12.141] [main/DEBUG] [net.minecraftforge.fml.loading.moddiscovery.ModFileParser/LOADING]: Considering mod file candidate /workspaces/cosecha/servidor_minecraft/mods/AME's Mobs 1.4.1 - 1.20.1.jar
[02Aug2025 00:49:12.142] [main/DEBUG] [net.minecraftforge.fml.loading.moddiscovery.ModFileInfo/LOADING]: Found valid mod file AME's Mobs 1.4.1 - 1.20.1.jar with {animatedmobsmod} mods - versions {1.0.0}
[02Aug2025 00:49:12.143] [main/DEBUG] [net.minecraftforge.fml.loading.moddiscovery.ModFileParser/LOADING]: Considering mod file candidate /workspaces/cosecha/servidor_minecraft/mods/ati_structures(1.20)_v1.1.0_FORGE.jar
[02Aug2025 00:49:12.144] [main/DEBUG] [net.minecraftforge.fml.loading.moddiscovery.ModFileInfo/LOADING]: Found valid mod file ati_structures(1.20)_v1.1.0_FORGE.jar with {ati_structures} mods - versions {1.1.0}
[02Aug2025 00:49:12.145] [main/DEBUG] [net.minecraftforge.fml.loading.moddiscovery.ModFileParser/LOADING]: Considering mod file candidate /workspaces/cosecha/servidor_minecraft/mods/balm-forge-1.20.1-7.2.2.jar
[02Aug2025 00:49:12.147] [main/DEBUG] [net.minecraftforge.fml.loading.moddiscovery.ModFileInfo/LOADING]: Found valid mod file balm-forge-1.20.1-7.2.2.jar with {balm} mods - versions {7.2.2}
[02Aug2025 00:49:12.148] [main/DEBUG] [net.minecraftforge.fml.loading.moddiscovery.ModFileParser/LOADING]: Considering mod file candidate /workspaces/cosecha/servidor_minecraft/mods/betterendcities-1.0.0-1.20.1.jar
[02Aug2025 00:49:12.150] [main/DEBUG] [net.minecraftforge.fml.loading.moddiscovery.ModFileInfo/LOADING]: Found valid mod file betterendcities-1.0.0-1.20.1.jar with {betterendcities} mods - versions {1.0.0-1.20.1}
[02Aug2025 00:49:12.150] [main/DEBUG] [net.minecraftforge.fml.loading.moddiscovery.ModFileParser/LOADING]: Considering mod file candidate /workspaces/cosecha/servidor_minecraft/mods/bfendcities-1.0.jar
[02Aug2025 00:49:12.154] [main/DEBUG] [net.minecraftforge.fml.loading.moddiscovery.ModFileInfo/LOADING]: Found valid mod file bfendcities-1.0.jar with {bfendcities} mods - versions {1.0}
[02Aug2025 00:49:12.154] [main/DEBUG] [net.minecraftforge.fml.loading.moddiscovery.ModFileParser/LOADING]: Considering mod file candidate /workspaces/cosecha/servidor_minecraft/mods/blazegear-1.4.2.jar
[02Aug2025 00:49:12.156] [main/DEBUG] [net.minecraftforge.fml.loading.moddiscovery.ModFileInfo/LOADING]: Found valid mod file blazegear-1.4.2.jar with {blazegear} mods - versions {1.4.2}
[02Aug2025 00:49:12.157] [main/DEBUG] [net.minecraftforge.fml.loading.moddiscovery.ModFileParser/LOADING]: Considering mod file candidate /workspaces/cosecha/servidor_minecraft/mods/blueprint-1.20.1-7.1.3.jar
[02Aug2025 00:49:12.158] [main/DEBUG] [net.minecraftforge.fml.loading.moddiscovery.ModFileInfo/LOADING]: Found valid mod file blueprint-1.20.1-7.1.3.jar with {blueprint} mods - versions {7.1.3}
[02Aug2025 00:49:12.159] [main/DEBUG] [net.minecraftforge.fml.loading.moddiscovery.ModFileParser/LOADING]: Considering mod file candidate /workspaces/cosecha/servidor_minecraft/mods/BOMD-Forge-1.20.1-1.1.1.jar
[02Aug2025 00:49:12.161] [main/DEBUG] [net.minecraftforge.fml.loading.moddiscovery.ModFileInfo/LOADING]: Found valid mod file BOMD-Forge-1.20.1-1.1.1.jar with {bosses_of_mass_destruction} mods - versions {1.1.1}
[02Aug2025 00:49:12.161] [main/DEBUG] [net.minecraftforge.fml.loading.moddiscovery.ModFileParser/LOADING]: Considering mod file candidate /workspaces/cosecha/servidor_minecraft/mods/call_of_drowner-0.1.0-forge-1.20.1.jar
[02Aug2025 00:49:12.162] [main/DEBUG] [net.minecraftforge.fml.loading.moddiscovery.ModFileInfo/LOADING]: Found valid mod file call_of_drowner-0.1.0-forge-1.20.1.jar with {call_of_drowner} mods - versions {0.1.0}
[02Aug2025 00:49:12.164] [main/DEBUG] [net.minecraftforge.fml.loading.moddiscovery.ModFileParser/LOADING]: Considering mod file candidate /workspaces/cosecha/servidor_minecraft/mods/call_of_yucatan-1.0.12-forge-1.20.1.jar
[02Aug2025 00:49:12.165] [main/DEBUG] [net.minecraftforge.fml.loading.moddiscovery.ModFileInfo/LOADING]: Found valid mod file call_of_yucatan-1.0.12-forge-1.20.1.jar with {call_of_yucutan} mods - versions {1.0.12}
[02Aug2025 00:49:12.165] [main/DEBUG] [net.minecraftforge.fml.loading.moddiscovery.ModFileParser/LOADING]: Considering mod file candidate /workspaces/cosecha/servidor_minecraft/mods/CerbonsApi-Forge-1.20.1-1.0.0.jar
[02Aug2025 00:49:12.166] [main/DEBUG] [net.minecraftforge.fml.loading.moddiscovery.ModFileInfo/LOADING]: Found valid mod file CerbonsApi-Forge-1.20.1-1.0.0.jar with {cerbons_api} mods - versions {1.0.0}
[02Aug2025 00:49:12.168] [main/DEBUG] [net.minecraftforge.fml.loading.moddiscovery.ModFileParser/LOADING]: Considering mod file candidate /workspaces/cosecha/servidor_minecraft/mods/citadel-2.5.4-1.20.1.jar
[02Aug2025 00:49:12.168] [main/DEBUG] [net.minecraftforge.fml.loading.moddiscovery.ModFileInfo/LOADING]: Found valid mod file citadel-2.5.4-1.20.1.jar with {citadel} mods - versions {2.5.4}
[02Aug2025 00:49:12.169] [main/DEBUG] [net.minecraftforge.fml.loading.moddiscovery.ModFileParser/LOADING]: Considering mod file candidate /workspaces/cosecha/servidor_minecraft/mods/cleanswing-1.20-1.2.jar
[02Aug2025 00:49:12.170] [main/DEBUG] [net.minecraftforge.fml.loading.moddiscovery.ModFileInfo/LOADING]: Found valid mod file cleanswing-1.20-1.2.jar with {cleanswing} mods - versions {1.20-1.2}
[02Aug2025 00:49:12.171] [main/DEBUG] [net.minecraftforge.fml.loading.moddiscovery.ModFileParser/LOADING]: Considering mod file candidate /workspaces/cosecha/servidor_minecraft/mods/cloth-config-11.1.118-forge.jar
[02Aug2025 00:49:12.172] [main/DEBUG] [net.minecraftforge.fml.loading.moddiscovery.ModFileInfo/LOADING]: Found valid mod file cloth-config-11.1.118-forge.jar with {cloth_config} mods - versions {11.1.118}
[02Aug2025 00:49:12.173] [main/DEBUG] [net.minecraftforge.fml.loading.moddiscovery.ModFileParser/LOADING]: Considering mod file candidate /workspaces/cosecha/servidor_minecraft/mods/CNB-1.20.1-1.5.8.jar
[02Aug2025 00:49:12.174] [main/DEBUG] [net.minecraftforge.fml.loading.moddiscovery.ModFileInfo/LOADING]: Found valid mod file CNB-1.20.1-1.5.8.jar with {cnb} mods - versions {1.5.8}
[02Aug2025 00:49:12.175] [main/DEBUG] [net.minecraftforge.fml.loading.moddiscovery.ModFileParser/LOADING]: Considering mod file candidate /workspaces/cosecha/servidor_minecraft/mods/collective-1.20.1-7.56.jar
[02Aug2025 00:49:12.176] [main/DEBUG] [net.minecraftforge.fml.loading.moddiscovery.ModFileInfo/LOADING]: Found valid mod file collective-1.20.1-7.56.jar with {collective} mods - versions {7.56}
[02Aug2025 00:49:12.177] [main/DEBUG] [net.minecraftforge.fml.loading.moddiscovery.ModFileParser/LOADING]: Considering mod file candidate /workspaces/cosecha/servidor_minecraft/mods/curios-forge-5.10.0+1.20.1.jar
[02Aug2025 00:49:12.177] [main/DEBUG] [net.minecraftforge.fml.loading.moddiscovery.ModFileInfo/LOADING]: Found valid mod file curios-forge-5.10.0+1.20.1.jar with {curios} mods - versions {5.10.0+1.20.1}
[02Aug2025 00:49:12.178] [main/DEBUG] [net.minecraftforge.fml.loading.moddiscovery.ModFileParser/LOADING]: Considering mod file candidate /workspaces/cosecha/servidor_minecraft/mods/Dungeon Crawl-1.20.1-2.3.15.jar
[02Aug2025 00:49:12.179] [main/DEBUG] [net.minecraftforge.fml.loading.moddiscovery.ModFileInfo/LOADING]: Found valid mod file Dungeon Crawl-1.20.1-2.3.15.jar with {dungeoncrawl} mods - versions {2.3.15}
[02Aug2025 00:49:12.180] [main/DEBUG] [net.minecraftforge.fml.loading.moddiscovery.ModFileParser/LOADING]: Considering mod file candidate /workspaces/cosecha/servidor_minecraft/mods/Dungeon Now Loading-forge-1.20.1-1.5.jar
[02Aug2025 00:49:12.181] [main/DEBUG] [net.minecraftforge.fml.loading.moddiscovery.ModFileInfo/LOADING]: Found valid mod file Dungeon Now Loading-forge-1.20.1-1.5.jar with {dungeonnowloading} mods - versions {1.5}
[02Aug2025 00:49:12.183] [main/DEBUG] [net.minecraftforge.fml.loading.moddiscovery.ModFileParser/LOADING]: Considering mod file candidate /workspaces/cosecha/servidor_minecraft/mods/dungeons-and-taverns-3.0.3.f[Forge].jar
[02Aug2025 00:49:12.183] [main/DEBUG] [net.minecraftforge.fml.loading.moddiscovery.ModFileInfo/LOADING]: Found valid mod file dungeons-and-taverns-3.0.3.f[Forge].jar with {mr_dungeons_andtaverns} mods - versions {3.0.3.f}
[02Aug2025 00:49:12.184] [main/DEBUG] [net.minecraftforge.fml.loading.moddiscovery.ModFileParser/LOADING]: Considering mod file candidate /workspaces/cosecha/servidor_minecraft/mods/dungeons_enhanced-1.20.1-5.3.0.jar
[02Aug2025 00:49:12.185] [main/DEBUG] [net.minecraftforge.fml.loading.moddiscovery.ModFileInfo/LOADING]: Found valid mod file dungeons_enhanced-1.20.1-5.3.0.jar with {dungeons_enhanced} mods - versions {5.3.0}
[02Aug2025 00:49:12.186] [main/DEBUG] [net.minecraftforge.fml.loading.moddiscovery.ModFileParser/LOADING]: Considering mod file candidate /workspaces/cosecha/servidor_minecraft/mods/dungeons_plus-1.3.0-forge-1.20.1.jar
[02Aug2025 00:49:12.186] [main/DEBUG] [net.minecraftforge.fml.loading.moddiscovery.ModFileInfo/LOADING]: Found valid mod file dungeons_plus-1.3.0-forge-1.20.1.jar with {dungeons_plus} mods - versions {1.3.0}
[02Aug2025 00:49:12.188] [main/DEBUG] [net.minecraftforge.fml.loading.moddiscovery.ModFileParser/LOADING]: Considering mod file candidate /workspaces/cosecha/servidor_minecraft/mods/DungeonsArise-1.20.x-2.1.58-release.jar
[02Aug2025 00:49:12.188] [main/DEBUG] [net.minecraftforge.fml.loading.moddiscovery.ModFileInfo/LOADING]: Found valid mod file DungeonsArise-1.20.x-2.1.58-release.jar with {dungeons_arise} mods - versions {2.1.58-1.20.x}
[02Aug2025 00:49:12.189] [main/DEBUG] [net.minecraftforge.fml.loading.moddiscovery.ModFileParser/LOADING]: Considering mod file candidate /workspaces/cosecha/servidor_minecraft/mods/DungeonsAriseSevenSeas-1.20.x-1.0.2-forge.jar
[02Aug2025 00:49:12.189] [main/DEBUG] [net.minecraftforge.fml.loading.moddiscovery.ModFileInfo/LOADING]: Found valid mod file DungeonsAriseSevenSeas-1.20.x-1.0.2-forge.jar with {dungeons_arise_seven_seas} mods - versions {1.0.2}
[02Aug2025 00:49:12.190] [main/DEBUG] [net.minecraftforge.fml.loading.moddiscovery.ModFileParser/LOADING]: Considering mod file candidate /workspaces/cosecha/servidor_minecraft/mods/echoes_of_the_end__structures_-1.00.2-forge-1.20.1.jar
[02Aug2025 00:49:12.191] [main/DEBUG] [net.minecraftforge.fml.loading.moddiscovery.ModFileInfo/LOADING]: Found valid mod file echoes_of_the_end__structures_-1.00.2-forge-1.20.1.jar with {echoes_of_the_end__structures_} mods - versions {1.00.2}
[02Aug2025 00:49:12.191] [main/DEBUG] [net.minecraftforge.fml.loading.moddiscovery.ModFileParser/LOADING]: Considering mod file candidate /workspaces/cosecha/servidor_minecraft/mods/ElysiumApi-1.20.1-1.1.0.jar
[02Aug2025 00:49:12.192] [main/DEBUG] [net.minecraftforge.fml.loading.moddiscovery.ModFileInfo/LOADING]: Found valid mod file ElysiumApi-1.20.1-1.1.0.jar with {elysium_api} mods - versions {1.1.0}
[02Aug2025 00:49:12.193] [main/DEBUG] [net.minecraftforge.fml.loading.moddiscovery.ModFileParser/LOADING]: Considering mod file candidate /workspaces/cosecha/servidor_minecraft/mods/endergetic-1.20.1-5.0.1.jar
[02Aug2025 00:49:12.194] [main/DEBUG] [net.minecraftforge.fml.loading.moddiscovery.ModFileInfo/LOADING]: Found valid mod file endergetic-1.20.1-5.0.1.jar with {endergetic} mods - versions {5.0.1}
[02Aug2025 00:49:12.195] [main/DEBUG] [net.minecraftforge.fml.loading.moddiscovery.ModFileParser/LOADING]: Considering mod file candidate /workspaces/cosecha/servidor_minecraft/mods/endrem_forge-5.3.3-R-1.20.1.jar
[02Aug2025 00:49:12.196] [main/DEBUG] [net.minecraftforge.fml.loading.moddiscovery.ModFileInfo/LOADING]: Found valid mod file endrem_forge-5.3.3-R-1.20.1.jar with {endrem} mods - versions {5.3.3-R-1.20.1}
[02Aug2025 00:49:12.199] [main/DEBUG] [net.minecraftforge.fml.loading.moddiscovery.ModFileParser/LOADING]: Considering mod file candidate /workspaces/cosecha/servidor_minecraft/mods/enlightend-5.0.14-1.20.1.jar
[02Aug2025 00:49:12.200] [main/DEBUG] [net.minecraftforge.fml.loading.moddiscovery.ModFileInfo/LOADING]: Found valid mod file enlightend-5.0.14-1.20.1.jar with {enlightened_end} mods - versions {5.0.14}
[02Aug2025 00:49:12.200] [main/DEBUG] [net.minecraftforge.fml.loading.moddiscovery.ModFileParser/LOADING]: Considering mod file candidate /workspaces/cosecha/servidor_minecraft/mods/extra_dungeons-1.0.4-forge-1.20.1.jar
[02Aug2025 00:49:12.201] [main/DEBUG] [net.minecraftforge.fml.loading.moddiscovery.ModFileInfo/LOADING]: Found valid mod file extra_dungeons-1.0.4-forge-1.20.1.jar with {extra_dungeons} mods - versions {1.0.4}
[02Aug2025 00:49:12.202] [main/DEBUG] [net.minecraftforge.fml.loading.moddiscovery.ModFileParser/LOADING]: Considering mod file candidate /workspaces/cosecha/servidor_minecraft/mods/faded_conquest_2-1.3.0B-forge-1.20.1.jar
[02Aug2025 00:49:12.204] [main/DEBUG] [net.minecraftforge.fml.loading.moddiscovery.ModFileInfo/LOADING]: Found valid mod file faded_conquest_2-1.3.0B-forge-1.20.1.jar with {faded_conquest_2} mods - versions {1.2.0}
[02Aug2025 00:49:12.205] [main/DEBUG] [net.minecraftforge.fml.loading.moddiscovery.ModFileParser/LOADING]: Considering mod file candidate /workspaces/cosecha/servidor_minecraft/mods/formations-1.0.3-forge-mc1.20.2.jar
[02Aug2025 00:49:12.207] [main/DEBUG] [net.minecraftforge.fml.loading.moddiscovery.ModFileInfo/LOADING]: Found valid mod file formations-1.0.3-forge-mc1.20.2.jar with {formations} mods - versions {1.0.3}
[02Aug2025 00:49:12.209] [main/DEBUG] [net.minecraftforge.fml.loading.moddiscovery.ModFileParser/LOADING]: Considering mod file candidate /workspaces/cosecha/servidor_minecraft/mods/formationsnether-1.0.5.jar
[02Aug2025 00:49:12.209] [main/DEBUG] [net.minecraftforge.fml.loading.moddiscovery.ModFileInfo/LOADING]: Found valid mod file formationsnether-1.0.5.jar with {formationsnether} mods - versions {1.0.5}
[02Aug2025 00:49:12.210] [main/DEBUG] [net.minecraftforge.fml.loading.moddiscovery.ModFileParser/LOADING]: Considering mod file candidate /workspaces/cosecha/servidor_minecraft/mods/geckolib-forge-1.20.1-4.4.9.jar
[02Aug2025 00:49:12.211] [main/DEBUG] [net.minecraftforge.fml.loading.moddiscovery.ModFileInfo/LOADING]: Found valid mod file geckolib-forge-1.20.1-4.4.9.jar with {geckolib} mods - versions {4.4.9}
[02Aug2025 00:49:12.214] [main/DEBUG] [net.minecraftforge.fml.loading.moddiscovery.ModFileParser/LOADING]: Considering mod file candidate /workspaces/cosecha/servidor_minecraft/mods/geckolib-forge-1.20.1-4.7.1.2.jar
[02Aug2025 00:49:12.214] [main/DEBUG] [net.minecraftforge.fml.loading.moddiscovery.ModFileInfo/LOADING]: Found valid mod file geckolib-forge-1.20.1-4.7.1.2.jar with {geckolib} mods - versions {4.7.1.2}
[02Aug2025 00:49:12.215] [main/DEBUG] [net.minecraftforge.fml.loading.moddiscovery.ModFileParser/LOADING]: Considering mod file candidate /workspaces/cosecha/servidor_minecraft/mods/globalxp-forge-1.20.1-1.11.jar
[02Aug2025 00:49:12.215] [main/DEBUG] [net.minecraftforge.fml.loading.moddiscovery.ModFileInfo/LOADING]: Found valid mod file globalxp-forge-1.20.1-1.11.jar with {globalxp} mods - versions {1.11}
[02Aug2025 00:49:12.216] [main/DEBUG] [net.minecraftforge.fml.loading.moddiscovery.ModFileParser/LOADING]: Considering mod file candidate /workspaces/cosecha/servidor_minecraft/mods/Hearths v1.0.3 f12-71.jar
[02Aug2025 00:49:12.216] [main/DEBUG] [net.minecraftforge.fml.loading.moddiscovery.ModFileInfo/LOADING]: Found valid mod file Hearths v1.0.3 f12-71.jar with {hearths} mods - versions {1.0.3}
[02Aug2025 00:49:12.217] [main/DEBUG] [net.minecraftforge.fml.loading.moddiscovery.ModFileParser/LOADING]: Considering mod file candidate /workspaces/cosecha/servidor_minecraft/mods/HopoBetterRuinedPortals-[1.20-1.20.2]-1.3.7b.jar
[02Aug2025 00:49:12.217] [main/DEBUG] [net.minecraftforge.fml.loading.moddiscovery.ModFileInfo/LOADING]: Found valid mod file HopoBetterRuinedPortals-[1.20-1.20.2]-1.3.7b.jar with {hoporp} mods - versions {1.3.7}
[02Aug2025 00:49:12.218] [main/DEBUG] [net.minecraftforge.fml.loading.moddiscovery.ModFileParser/LOADING]: Considering mod file candidate /workspaces/cosecha/servidor_minecraft/mods/hs_bosses-0.0.3.jar
[02Aug2025 00:49:12.218] [main/DEBUG] [net.minecraftforge.fml.loading.moddiscovery.ModFileInfo/LOADING]: Found valid mod file hs_bosses-0.0.3.jar with {hs_bosses} mods - versions {1.0.0}
[02Aug2025 00:49:12.222] [main/DEBUG] [net.minecraftforge.fml.loading.moddiscovery.ModFileParser/LOADING]: Considering mod file candidate /workspaces/cosecha/servidor_minecraft/mods/Incendium_1.20.x_v5.3.5.jar
[02Aug2025 00:49:12.222] [main/DEBUG] [net.minecraftforge.fml.loading.moddiscovery.ModFileInfo/LOADING]: Found valid mod file Incendium_1.20.x_v5.3.5.jar with {incendium} mods - versions {5.3.5}
[02Aug2025 00:49:12.223] [main/DEBUG] [net.minecraftforge.fml.loading.moddiscovery.ModFileParser/LOADING]: Considering mod file candidate /workspaces/cosecha/servidor_minecraft/mods/invhud.forge.1.20.1-3.4.18.jar
[02Aug2025 00:49:12.224] [main/DEBUG] [net.minecraftforge.fml.loading.moddiscovery.ModFileInfo/LOADING]: Found valid mod file invhud.forge.1.20.1-3.4.18.jar with {inventoryhud} mods - versions {3.4.18}
[02Aug2025 00:49:12.224] [main/DEBUG] [net.minecraftforge.fml.loading.moddiscovery.ModFileParser/LOADING]: Considering mod file candidate /workspaces/cosecha/servidor_minecraft/mods/Jade-1.20.1-forge-11.8.0.jar
[02Aug2025 00:49:12.225] [main/DEBUG] [net.minecraftforge.fml.loading.moddiscovery.ModFileInfo/LOADING]: Found valid mod file Jade-1.20.1-forge-11.8.0.jar with {jade} mods - versions {11.8.0}
[02Aug2025 00:49:12.235] [main/DEBUG] [net.minecraftforge.fml.loading.moddiscovery.ModFileParser/LOADING]: Considering mod file candidate /workspaces/cosecha/servidor_minecraft/mods/Jadens-Nether-Expansion-2.3.2.jar
[02Aug2025 00:49:12.235] [main/DEBUG] [net.minecraftforge.fml.loading.moddiscovery.ModFileInfo/LOADING]: Found valid mod file Jadens-Nether-Expansion-2.3.2.jar with {netherexp} mods - versions {2.3.2}
[02Aug2025 00:49:12.236] [main/DEBUG] [net.minecraftforge.fml.loading.moddiscovery.ModFileParser/LOADING]: Considering mod file candidate /workspaces/cosecha/servidor_minecraft/mods/jei-1.20.1-forge-15.3.0.4.jar
[02Aug2025 00:49:12.237] [main/DEBUG] [net.minecraftforge.fml.loading.moddiscovery.ModFileInfo/LOADING]: Found valid mod file jei-1.20.1-forge-15.3.0.4.jar with {jei} mods - versions {15.3.0.4}
[02Aug2025 00:49:12.240] [main/DEBUG] [net.minecraftforge.fml.loading.moddiscovery.ModFileParser/LOADING]: Considering mod file candidate /workspaces/cosecha/servidor_minecraft/mods/journeymap-1.20.1-5.10.3-forge.jar
[02Aug2025 00:49:12.241] [main/DEBUG] [net.minecraftforge.fml.loading.moddiscovery.ModFileInfo/LOADING]: Found valid mod file journeymap-1.20.1-5.10.3-forge.jar with {journeymap} mods - versions {5.10.3}
[02Aug2025 00:49:12.241] [main/DEBUG] [net.minecraftforge.fml.loading.moddiscovery.ModFileParser/LOADING]: Considering mod file candidate /workspaces/cosecha/servidor_minecraft/mods/just_in_nether-1.1.7-forge-1.20.1.jar
[02Aug2025 00:49:12.242] [main/DEBUG] [net.minecraftforge.fml.loading.moddiscovery.ModFileInfo/LOADING]: Found valid mod file just_in_nether-1.1.7-forge-1.20.1.jar with {just_in_nether} mods - versions {1.0.0}
[02Aug2025 00:49:12.243] [main/DEBUG] [net.minecraftforge.fml.loading.moddiscovery.ModFileParser/LOADING]: Considering mod file candidate /workspaces/cosecha/servidor_minecraft/mods/JustEnoughResources-1.20.1-1.4.0.247.jar
[02Aug2025 00:49:12.243] [main/DEBUG] [net.minecraftforge.fml.loading.moddiscovery.ModFileInfo/LOADING]: Found valid mod file JustEnoughResources-1.20.1-1.4.0.247.jar with {jeresources} mods - versions {1.4.0.247}
[02Aug2025 00:49:12.244] [main/DEBUG] [net.minecraftforge.fml.loading.moddiscovery.ModFileParser/LOADING]: Considering mod file candidate /workspaces/cosecha/servidor_minecraft/mods/justzoom_forge_1.0.2_MC_1.20.1.jar
[02Aug2025 00:49:12.244] [main/DEBUG] [net.minecraftforge.fml.loading.moddiscovery.ModFileInfo/LOADING]: Found valid mod file justzoom_forge_1.0.2_MC_1.20.1.jar with {justzoom} mods - versions {1.0.2}
[02Aug2025 00:49:12.245] [main/DEBUG] [net.minecraftforge.fml.loading.moddiscovery.ModFileParser/LOADING]: Considering mod file candidate /workspaces/cosecha/servidor_minecraft/mods/kleeslabs-forge-1.20-15.0.0.jar
[02Aug2025 00:49:12.245] [main/DEBUG] [net.minecraftforge.fml.loading.moddiscovery.ModFileInfo/LOADING]: Found valid mod file kleeslabs-forge-1.20-15.0.0.jar with {kleeslabs} mods - versions {15.0.0}
[02Aug2025 00:49:12.246] [main/DEBUG] [net.minecraftforge.fml.loading.moddiscovery.ModFileParser/LOADING]: Considering mod file candidate /workspaces/cosecha/servidor_minecraft/mods/konkrete_forge_1.8.0_MC_1.20-1.20.1.jar
[02Aug2025 00:49:12.247] [main/DEBUG] [net.minecraftforge.fml.loading.moddiscovery.ModFileInfo/LOADING]: Found valid mod file konkrete_forge_1.8.0_MC_1.20-1.20.1.jar with {konkrete} mods - versions {1.8.0}
[02Aug2025 00:49:12.249] [main/DEBUG] [net.minecraftforge.fml.loading.moddiscovery.ModFileParser/LOADING]: Considering mod file candidate /workspaces/cosecha/servidor_minecraft/mods/L_Enders_Cataclysm-2.16 - 1.20.1.jar
[02Aug2025 00:49:12.250] [main/DEBUG] [net.minecraftforge.fml.loading.moddiscovery.ModFileInfo/LOADING]: Found valid mod file L_Enders_Cataclysm-2.16 - 1.20.1.jar with {cataclysm} mods - versions {2.16}
[02Aug2025 00:49:12.251] [main/DEBUG] [net.minecraftforge.fml.loading.moddiscovery.ModFileParser/LOADING]: Considering mod file candidate /workspaces/cosecha/servidor_minecraft/mods/legendarymonsters-1.4.6 MC 1.20.1.jar
[02Aug2025 00:49:12.252] [main/DEBUG] [net.minecraftforge.fml.loading.moddiscovery.ModFileInfo/LOADING]: Found valid mod file legendarymonsters-1.4.6 MC 1.20.1.jar with {legendary_monsters} mods - versions {1.20.1}
[02Aug2025 00:49:12.253] [main/DEBUG] [net.minecraftforge.fml.loading.moddiscovery.ModFileParser/LOADING]: Considering mod file candidate /workspaces/cosecha/servidor_minecraft/mods/lionfishapi-1.9.jar
[02Aug2025 00:49:12.253] [main/DEBUG] [net.minecraftforge.fml.loading.moddiscovery.ModFileInfo/LOADING]: Found valid mod file lionfishapi-1.9.jar with {lionfishapi} mods - versions {1.9}
[02Aug2025 00:49:12.255] [main/DEBUG] [net.minecraftforge.fml.loading.moddiscovery.ModFileParser/LOADING]: Considering mod file candidate /workspaces/cosecha/servidor_minecraft/mods/Luminous Nether V1.2.6 - Forge 1.20.1.jar
[02Aug2025 00:49:12.256] [main/DEBUG] [net.minecraftforge.fml.loading.moddiscovery.ModFileInfo/LOADING]: Found valid mod file Luminous Nether V1.2.6 - Forge 1.20.1.jar with {luminous_nether} mods - versions {1.2.6}
[02Aug2025 00:49:12.256] [main/DEBUG] [net.minecraftforge.fml.loading.moddiscovery.ModFileParser/LOADING]: Considering mod file candidate /workspaces/cosecha/servidor_minecraft/mods/mes-1.3.4-1.20-forge.jar
[02Aug2025 00:49:12.257] [main/DEBUG] [net.minecraftforge.fml.loading.moddiscovery.ModFileInfo/LOADING]: Found valid mod file mes-1.3.4-1.20-forge.jar with {mes} mods - versions {1.3.4-1.20-forge}
[02Aug2025 00:49:12.258] [main/DEBUG] [net.minecraftforge.fml.loading.moddiscovery.ModFileParser/LOADING]: Considering mod file candidate /workspaces/cosecha/servidor_minecraft/mods/mns-1.0.3-1.20-forge.jar
[02Aug2025 00:49:12.258] [main/DEBUG] [net.minecraftforge.fml.loading.moddiscovery.ModFileInfo/LOADING]: Found valid mod file mns-1.0.3-1.20-forge.jar with {mns} mods - versions {1.0.3-1.20-forge}
[02Aug2025 00:49:12.264] [main/DEBUG] [net.minecraftforge.fml.loading.moddiscovery.ModFileParser/LOADING]: Considering mod file candidate /workspaces/cosecha/servidor_minecraft/mods/mofus_broken_constellation-0.9.0-forge-1.20.1.jar
[02Aug2025 00:49:12.264] [main/DEBUG] [net.minecraftforge.fml.loading.moddiscovery.ModFileInfo/LOADING]: Found valid mod file mofus_broken_constellation-0.9.0-forge-1.20.1.jar with {mofus_better_end_} mods - versions {1.0.0}
[02Aug2025 00:49:12.265] [main/DEBUG] [net.minecraftforge.fml.loading.moddiscovery.ModFileParser/LOADING]: Considering mod file candidate /workspaces/cosecha/servidor_minecraft/mods/Nether's Overhaul-1.20.1_V1.3.6.jar
[02Aug2025 00:49:12.266] [main/DEBUG] [net.minecraftforge.fml.loading.moddiscovery.ModFileInfo/LOADING]: Found valid mod file Nether's Overhaul-1.20.1_V1.3.6.jar with {netheroverhaul} mods - versions {1.3.6}
[02Aug2025 00:49:12.267] [main/DEBUG] [net.minecraftforge.fml.loading.moddiscovery.ModFileParser/LOADING]: Considering mod file candidate /workspaces/cosecha/servidor_minecraft/mods/nether-s-exoticism-1.20.1-1.2.9.jar
[02Aug2025 00:49:12.267] [main/DEBUG] [net.minecraftforge.fml.loading.moddiscovery.ModFileInfo/LOADING]: Found valid mod file nether-s-exoticism-1.20.1-1.2.9.jar with {nethers_exoticism} mods - versions {1.2.9}
[02Aug2025 00:49:12.269] [main/DEBUG] [net.minecraftforge.fml.loading.moddiscovery.ModFileParser/LOADING]: Considering mod file candidate /workspaces/cosecha/servidor_minecraft/mods/netherdungeons-1.1.0-snapshot4.jar
[02Aug2025 00:49:12.269] [main/DEBUG] [net.minecraftforge.fml.loading.moddiscovery.ModFileInfo/LOADING]: Found valid mod file netherdungeons-1.1.0-snapshot4.jar with {netherdungeons} mods - versions {1.1.0-snapshot4}
[02Aug2025 00:49:12.270] [main/DEBUG] [net.minecraftforge.fml.loading.moddiscovery.ModFileParser/LOADING]: Considering mod file candidate /workspaces/cosecha/servidor_minecraft/mods/nordic_structures-1.6.9-forge-1.20.1.jar
[02Aug2025 00:49:12.270] [main/DEBUG] [net.minecraftforge.fml.loading.moddiscovery.ModFileInfo/LOADING]: Found valid mod file nordic_structures-1.6.9-forge-1.20.1.jar with {nordic_structures} mods - versions {1.6.9}
[02Aug2025 00:49:12.271] [main/DEBUG] [net.minecraftforge.fml.loading.moddiscovery.ModFileParser/LOADING]: Considering mod file candidate /workspaces/cosecha/servidor_minecraft/mods/obscure_api-15.jar
[02Aug2025 00:49:12.271] [main/DEBUG] [net.minecraftforge.fml.loading.moddiscovery.ModFileInfo/LOADING]: Found valid mod file obscure_api-15.jar with {obscure_api} mods - versions {15}
[02Aug2025 00:49:12.272] [main/DEBUG] [net.minecraftforge.fml.loading.moddiscovery.ModFileParser/LOADING]: Considering mod file candidate /workspaces/cosecha/servidor_minecraft/mods/Pehkui-3.8.2+1.20.1-forge.jar
[02Aug2025 00:49:12.273] [main/DEBUG] [net.minecraftforge.fml.loading.moddiscovery.ModFileInfo/LOADING]: Found valid mod file Pehkui-3.8.2+1.20.1-forge.jar with {pehkui} mods - versions {3.8.2+1.20.1-forge}
[02Aug2025 00:49:12.273] [main/DEBUG] [net.minecraftforge.fml.loading.moddiscovery.ModFileParser/LOADING]: Considering mod file candidate /workspaces/cosecha/servidor_minecraft/mods/piglinproliferation-1.20.1-1.2.5.jar
[02Aug2025 00:49:12.274] [main/DEBUG] [net.minecraftforge.fml.loading.moddiscovery.ModFileInfo/LOADING]: Found valid mod file piglinproliferation-1.20.1-1.2.5.jar with {piglinproliferation} mods - versions {1.20.1-1.2.5}
[02Aug2025 00:49:12.274] [main/DEBUG] [net.minecraftforge.fml.loading.moddiscovery.ModFileParser/LOADING]: Considering mod file candidate /workspaces/cosecha/servidor_minecraft/mods/qraftys-end-villages-1.jar
[02Aug2025 00:49:12.277] [main/DEBUG] [net.minecraftforge.fml.loading.moddiscovery.ModFileInfo/LOADING]: Found valid mod file qraftys-end-villages-1.jar with {mr_qraftys_endvillages} mods - versions {1}
[02Aug2025 00:49:12.277] [main/DEBUG] [net.minecraftforge.fml.loading.moddiscovery.ModFileParser/LOADING]: Considering mod file candidate /workspaces/cosecha/servidor_minecraft/mods/realmrpg_imps_and_demons_0.9.0_forge_1.20.1.jar
[02Aug2025 00:49:12.278] [main/DEBUG] [net.minecraftforge.fml.loading.moddiscovery.ModFileInfo/LOADING]: Found valid mod file realmrpg_imps_and_demons_0.9.0_forge_1.20.1.jar with {realmrpg_demons} mods - versions {0.9.0}
[02Aug2025 00:49:12.278] [main/DEBUG] [net.minecraftforge.fml.loading.moddiscovery.ModFileParser/LOADING]: Considering mod file candidate /workspaces/cosecha/servidor_minecraft/mods/scaffoldingdropsnearby-1.20.1-3.1.jar
[02Aug2025 00:49:12.279] [main/DEBUG] [net.minecraftforge.fml.loading.moddiscovery.ModFileInfo/LOADING]: Found valid mod file scaffoldingdropsnearby-1.20.1-3.1.jar with {scaffoldingdropsnearby} mods - versions {3.1}
[02Aug2025 00:49:12.280] [main/DEBUG] [net.minecraftforge.fml.loading.moddiscovery.ModFileParser/LOADING]: Considering mod file candidate /workspaces/cosecha/servidor_minecraft/mods/sons-of-sins-1.20.1-2.1.6.jar
[02Aug2025 00:49:12.281] [main/DEBUG] [net.minecraftforge.fml.loading.moddiscovery.ModFileInfo/LOADING]: Found valid mod file sons-of-sins-1.20.1-2.1.6.jar with {sons_of_sins} mods - versions {2.1.6}
[02Aug2025 00:49:12.282] [main/DEBUG] [net.minecraftforge.fml.loading.moddiscovery.ModFileParser/LOADING]: Considering mod file candidate /workspaces/cosecha/servidor_minecraft/mods/sophisticatedbackpacks-1.20.1-3.20.5.1044.jar
[02Aug2025 00:49:12.283] [main/DEBUG] [net.minecraftforge.fml.loading.moddiscovery.ModFileInfo/LOADING]: Found valid mod file sophisticatedbackpacks-1.20.1-3.20.5.1044.jar with {sophisticatedbackpacks} mods - versions {3.20.5.1044}
[02Aug2025 00:49:12.284] [main/DEBUG] [net.minecraftforge.fml.loading.moddiscovery.ModFileParser/LOADING]: Considering mod file candidate /workspaces/cosecha/servidor_minecraft/mods/sophisticatedcore-1.20.1-0.6.21.609.jar
[02Aug2025 00:49:12.284] [main/DEBUG] [net.minecraftforge.fml.loading.moddiscovery.ModFileInfo/LOADING]: Found valid mod file sophisticatedcore-1.20.1-0.6.21.609.jar with {sophisticatedcore} mods - versions {0.6.21.609}
[02Aug2025 00:49:12.285] [main/DEBUG] [net.minecraftforge.fml.loading.moddiscovery.ModFileParser/LOADING]: Considering mod file candidate /workspaces/cosecha/servidor_minecraft/mods/stalwart-dungeons-1.20.1-1.2.8.jar
[02Aug2025 00:49:12.286] [main/DEBUG] [net.minecraftforge.fml.loading.moddiscovery.ModFileInfo/LOADING]: Found valid mod file stalwart-dungeons-1.20.1-1.2.8.jar with {stalwart_dungeons} mods - versions {1.2.8}
[02Aug2025 00:49:12.286] [main/DEBUG] [net.minecraftforge.fml.loading.moddiscovery.ModFileParser/LOADING]: Considering mod file candidate /workspaces/cosecha/servidor_minecraft/mods/structure_gel-1.20.1-2.16.2.jar
[02Aug2025 00:49:12.287] [main/DEBUG] [net.minecraftforge.fml.loading.moddiscovery.ModFileInfo/LOADING]: Found valid mod file structure_gel-1.20.1-2.16.2.jar with {structure_gel} mods - versions {2.16.2}
[02Aug2025 00:49:12.288] [main/DEBUG] [net.minecraftforge.fml.loading.moddiscovery.ModFileParser/LOADING]: Considering mod file candidate /workspaces/cosecha/servidor_minecraft/mods/takesapillage-1.0.3-1.20.1.jar
[02Aug2025 00:49:12.288] [main/DEBUG] [net.minecraftforge.fml.loading.moddiscovery.ModFileInfo/LOADING]: Found valid mod file takesapillage-1.0.3-1.20.1.jar with {takesapillage} mods - versions {1.0.3}
[02Aug2025 00:49:12.289] [main/DEBUG] [net.minecraftforge.fml.loading.moddiscovery.ModFileParser/LOADING]: Considering mod file candidate /workspaces/cosecha/servidor_minecraft/mods/TaxCastlePillager+M.1.20.1+ForM.1.0.1.jar
[02Aug2025 00:49:12.290] [main/DEBUG] [net.minecraftforge.fml.loading.moddiscovery.ModFileInfo/LOADING]: Found valid mod file TaxCastlePillager+M.1.20.1+ForM.1.0.1.jar with {taxcp} mods - versions {1.0.1}
[02Aug2025 00:49:12.290] [main/DEBUG] [net.minecraftforge.fml.loading.moddiscovery.ModFileParser/LOADING]: Considering mod file candidate /workspaces/cosecha/servidor_minecraft/mods/The Crop Reaping Mod-1.20.1-2.1.jar
[02Aug2025 00:49:12.291] [main/DEBUG] [net.minecraftforge.fml.loading.moddiscovery.ModFileInfo/LOADING]: Found valid mod file The Crop Reaping Mod-1.20.1-2.1.jar with {tcrm} mods - versions {2.1}
[02Aug2025 00:49:12.292] [main/DEBUG] [net.minecraftforge.fml.loading.moddiscovery.ModFileParser/LOADING]: Considering mod file candidate /workspaces/cosecha/servidor_minecraft/mods/TheOuterEnd-1.0.10.jar
[02Aug2025 00:49:12.293] [main/DEBUG] [net.minecraftforge.fml.loading.moddiscovery.ModFileInfo/LOADING]: Found valid mod file TheOuterEnd-1.0.10.jar with {outer_end} mods - versions {1.0.8}
[02Aug2025 00:49:12.293] [main/DEBUG] [net.minecraftforge.fml.loading.moddiscovery.ModFileParser/LOADING]: Considering mod file candidate /workspaces/cosecha/servidor_minecraft/mods/tlc_forge-1.0.3-R-1.20.X.jar
[02Aug2025 00:49:12.294] [main/DEBUG] [net.minecraftforge.fml.loading.moddiscovery.ModFileInfo/LOADING]: Found valid mod file tlc_forge-1.0.3-R-1.20.X.jar with {tlc} mods - versions {1.0.2}
[02Aug2025 00:49:12.295] [main/DEBUG] [net.minecraftforge.fml.loading.moddiscovery.ModFileParser/LOADING]: Considering mod file candidate /workspaces/cosecha/servidor_minecraft/mods/tombstone-1.20.1-8.9.0.jar
[02Aug2025 00:49:12.296] [main/DEBUG] [net.minecraftforge.fml.loading.moddiscovery.ModFileInfo/LOADING]: Found valid mod file tombstone-1.20.1-8.9.0.jar with {tombstone} mods - versions {8.9.0}
[02Aug2025 00:49:12.296] [main/DEBUG] [net.minecraftforge.fml.loading.moddiscovery.ModFileParser/LOADING]: Considering mod file candidate /workspaces/cosecha/servidor_minecraft/mods/tru.e-ending-v1.1.0c.jar
[02Aug2025 00:49:12.297] [main/DEBUG] [net.minecraftforge.fml.loading.moddiscovery.ModFileInfo/LOADING]: Found valid mod file tru.e-ending-v1.1.0c.jar with {mr_limesplatus_ending} mods - versions {1-v1.1.0c}
[02Aug2025 00:49:12.297] [main/DEBUG] [net.minecraftforge.fml.loading.moddiscovery.ModFileParser/LOADING]: Considering mod file candidate /workspaces/cosecha/servidor_minecraft/mods/waystones-forge-1.20-14.1.3.jar
[02Aug2025 00:49:12.298] [main/DEBUG] [net.minecraftforge.fml.loading.moddiscovery.ModFileInfo/LOADING]: Found valid mod file waystones-forge-1.20-14.1.3.jar with {waystones} mods - versions {14.1.3}
[02Aug2025 00:49:12.299] [main/DEBUG] [net.minecraftforge.fml.loading.moddiscovery.ModFileParser/LOADING]: Considering mod file candidate /workspaces/cosecha/servidor_minecraft/mods/YungsApi-1.20-Forge-4.0.6.jar
[02Aug2025 00:49:12.299] [main/DEBUG] [net.minecraftforge.fml.loading.moddiscovery.ModFileInfo/LOADING]: Found valid mod file YungsApi-1.20-Forge-4.0.6.jar with {yungsapi} mods - versions {1.20-Forge-4.0.6}
[02Aug2025 00:49:12.300] [main/DEBUG] [net.minecraftforge.fml.loading.moddiscovery.ModFileParser/LOADING]: Considering mod file candidate /workspaces/cosecha/servidor_minecraft/mods/YungsBetterDungeons-1.20-Forge-4.0.4.jar
[02Aug2025 00:49:12.301] [main/DEBUG] [net.minecraftforge.fml.loading.moddiscovery.ModFileInfo/LOADING]: Found valid mod file YungsBetterDungeons-1.20-Forge-4.0.4.jar with {betterdungeons} mods - versions {1.20-Forge-4.0.4}
[02Aug2025 00:49:12.301] [main/DEBUG] [net.minecraftforge.fml.loading.moddiscovery.ModFileParser/LOADING]: Considering mod file candidate /workspaces/cosecha/servidor_minecraft/mods/YungsBetterEndIsland-1.20-Forge-2.0.6.jar
[02Aug2025 00:49:12.302] [main/DEBUG] [net.minecraftforge.fml.loading.moddiscovery.ModFileInfo/LOADING]: Found valid mod file YungsBetterEndIsland-1.20-Forge-2.0.6.jar with {betterendisland} mods - versions {1.20-Forge-2.0.6}
[02Aug2025 00:49:12.302] [main/DEBUG] [net.minecraftforge.fml.loading.moddiscovery.ModFileParser/LOADING]: Considering mod file candidate /workspaces/cosecha/servidor_minecraft/mods/YungsBetterNetherFortresses-1.20-Forge-2.0.6.jar
[02Aug2025 00:49:12.303] [main/DEBUG] [net.minecraftforge.fml.loading.moddiscovery.ModFileInfo/LOADING]: Found valid mod file YungsBetterNetherFortresses-1.20-Forge-2.0.6.jar with {betterfortresses} mods - versions {1.20-Forge-2.0.6}
[02Aug2025 00:49:12.430] [main/DEBUG] [net.minecraftforge.fml.loading.moddiscovery.ModFileInfo/LOADING]: Found valid mod file server-1.20.1-20230612.114412-srg.jar with {minecraft} mods - versions {1.20.1}
[02Aug2025 00:49:12.432] [main/DEBUG] [net.minecraftforge.fml.loading.moddiscovery.ModFileParser/LOADING]: Considering mod file candidate /workspaces/cosecha/servidor_minecraft/libraries/net/minecraftforge/fmlcore/1.20.1-47.3.7/fmlcore-1.20.1-47.3.7.jar
[02Aug2025 00:49:12.433] [main/WARN] [net.minecraftforge.fml.loading.moddiscovery.ModFileParser/LOADING]: Mod file /workspaces/cosecha/servidor_minecraft/libraries/net/minecraftforge/fmlcore/1.20.1-47.3.7/fmlcore-1.20.1-47.3.7.jar is missing mods.toml file
[02Aug2025 00:49:12.434] [main/DEBUG] [net.minecraftforge.fml.loading.moddiscovery.ModFileParser/LOADING]: Considering mod file candidate /workspaces/cosecha/servidor_minecraft/libraries/net/minecraftforge/javafmllanguage/1.20.1-47.3.7/javafmllanguage-1.20.1-47.3.7.jar
[02Aug2025 00:49:12.434] [main/WARN] [net.minecraftforge.fml.loading.moddiscovery.ModFileParser/LOADING]: Mod file /workspaces/cosecha/servidor_minecraft/libraries/net/minecraftforge/javafmllanguage/1.20.1-47.3.7/javafmllanguage-1.20.1-47.3.7.jar is missing mods.toml file
[02Aug2025 00:49:12.435] [main/DEBUG] [net.minecraftforge.fml.loading.moddiscovery.ModFileParser/LOADING]: Considering mod file candidate /workspaces/cosecha/servidor_minecraft/libraries/net/minecraftforge/lowcodelanguage/1.20.1-47.3.7/lowcodelanguage-1.20.1-47.3.7.jar
[02Aug2025 00:49:12.435] [main/WARN] [net.minecraftforge.fml.loading.moddiscovery.ModFileParser/LOADING]: Mod file /workspaces/cosecha/servidor_minecraft/libraries/net/minecraftforge/lowcodelanguage/1.20.1-47.3.7/lowcodelanguage-1.20.1-47.3.7.jar is missing mods.toml file
[02Aug2025 00:49:12.436] [main/DEBUG] [net.minecraftforge.fml.loading.moddiscovery.ModFileParser/LOADING]: Considering mod file candidate /workspaces/cosecha/servidor_minecraft/libraries/net/minecraftforge/mclanguage/1.20.1-47.3.7/mclanguage-1.20.1-47.3.7.jar
[02Aug2025 00:49:12.437] [main/WARN] [net.minecraftforge.fml.loading.moddiscovery.ModFileParser/LOADING]: Mod file /workspaces/cosecha/servidor_minecraft/libraries/net/minecraftforge/mclanguage/1.20.1-47.3.7/mclanguage-1.20.1-47.3.7.jar is missing mods.toml file
[02Aug2025 00:49:12.491] [main/DEBUG] [net.minecraftforge.fml.loading.moddiscovery.ModFileParser/LOADING]: Considering mod file candidate /workspaces/cosecha/servidor_minecraft/libraries/net/minecraftforge/forge/1.20.1-47.3.7/forge-1.20.1-47.3.7-universal.jar
[02Aug2025 00:49:12.492] [main/DEBUG] [net.minecraftforge.fml.loading.moddiscovery.ModFileInfo/LOADING]: Found valid mod file forge-1.20.1-47.3.7-universal.jar with {forge} mods - versions {47.3.7}
[02Aug2025 00:49:12.499] [main/DEBUG] [net.minecraftforge.fml.loading.UniqueModListBuilder/]: Found 2 mods for first modid geckolib, selecting most recent based on version data
[02Aug2025 00:49:12.499] [main/DEBUG] [net.minecraftforge.fml.loading.UniqueModListBuilder/]: Selected file geckolib-forge-1.20.1-4.7.1.2.jar for modid geckolib with version 4.7.1.2
[02Aug2025 00:49:12.508] [main/DEBUG] [net.minecraftforge.fml.loading.moddiscovery.AbstractJarFileDependencyLocator/]: Failed to load resource META-INF/jarjar/metadata.json from YungsBetterDungeons-1.20-Forge-4.0.4.jar, it does not contain dependency information.
[02Aug2025 00:49:12.509] [main/DEBUG] [net.minecraftforge.fml.loading.moddiscovery.AbstractJarFileDependencyLocator/]: Failed to load resource META-INF/jarjar/metadata.json from ati_structures(1.20)_v1.1.0_FORGE.jar, it does not contain dependency information.
[02Aug2025 00:49:12.509] [main/DEBUG] [net.minecraftforge.fml.loading.moddiscovery.AbstractJarFileDependencyLocator/]: Failed to load resource META-INF/jarjar/metadata.json from alexsmobs-1.22.8.jar, it does not contain dependency information.
[02Aug2025 00:49:12.510] [main/DEBUG] [net.minecraftforge.fml.loading.moddiscovery.AbstractJarFileDependencyLocator/]: Failed to load resource META-INF/jarjar/metadata.json from formationsnether-1.0.5.jar, it does not contain dependency information.
[02Aug2025 00:49:12.511] [main/DEBUG] [net.minecraftforge.fml.loading.moddiscovery.AbstractJarFileDependencyLocator/]: Failed to load resource META-INF/jarjar/metadata.json from ElysiumApi-1.20.1-1.1.0.jar, it does not contain dependency information.
[02Aug2025 00:49:12.511] [main/DEBUG] [net.minecraftforge.fml.loading.moddiscovery.AbstractJarFileDependencyLocator/]: Failed to load resource META-INF/jarjar/metadata.json from blazegear-1.4.2.jar, it does not contain dependency information.
[02Aug2025 00:49:12.512] [main/DEBUG] [net.minecraftforge.fml.loading.moddiscovery.AbstractJarFileDependencyLocator/]: Failed to load resource META-INF/jarjar/metadata.json from nether-s-exoticism-1.20.1-1.2.9.jar, it does not contain dependency information.
[02Aug2025 00:49:12.512] [main/DEBUG] [net.minecraftforge.fml.loading.moddiscovery.AbstractJarFileDependencyLocator/]: Failed to load resource META-INF/jarjar/metadata.json from realmrpg_imps_and_demons_0.9.0_forge_1.20.1.jar, it does not contain dependency information.
[02Aug2025 00:49:12.512] [main/DEBUG] [net.minecraftforge.fml.loading.moddiscovery.AbstractJarFileDependencyLocator/]: Failed to load resource META-INF/jarjar/metadata.json from jei-1.20.1-forge-15.3.0.4.jar, it does not contain dependency information.
[02Aug2025 00:49:12.512] [main/DEBUG] [net.minecraftforge.fml.loading.moddiscovery.AbstractJarFileDependencyLocator/]: Failed to load resource META-INF/jarjar/metadata.json from call_of_drowner-0.1.0-forge-1.20.1.jar, it does not contain dependency information.
[02Aug2025 00:49:12.512] [main/DEBUG] [net.minecraftforge.fml.loading.moddiscovery.AbstractJarFileDependencyLocator/]: Failed to load resource META-INF/jarjar/metadata.json from stalwart-dungeons-1.20.1-1.2.8.jar, it does not contain dependency information.
[02Aug2025 00:49:12.512] [main/DEBUG] [net.minecraftforge.fml.loading.moddiscovery.AbstractJarFileDependencyLocator/]: Failed to load resource META-INF/jarjar/metadata.json from obscure_api-15.jar, it does not contain dependency information.
[02Aug2025 00:49:12.513] [main/DEBUG] [net.minecraftforge.fml.loading.moddiscovery.AbstractJarFileDependencyLocator/]: Failed to load resource META-INF/jarjar/metadata.json from Incendium_1.20.x_v5.3.5.jar, it does not contain dependency information.
[02Aug2025 00:49:12.513] [main/DEBUG] [net.minecraftforge.fml.loading.moddiscovery.AbstractJarFileDependencyLocator/]: Failed to load resource META-INF/jarjar/metadata.json from sophisticatedcore-1.20.1-0.6.21.609.jar, it does not contain dependency information.
[02Aug2025 00:49:12.513] [main/DEBUG] [net.minecraftforge.fml.loading.moddiscovery.AbstractJarFileDependencyLocator/]: Failed to load resource META-INF/jarjar/metadata.json from Nether's Overhaul-1.20.1_V1.3.6.jar, it does not contain dependency information.
[02Aug2025 00:49:12.513] [main/DEBUG] [net.minecraftforge.fml.loading.moddiscovery.AbstractJarFileDependencyLocator/]: Failed to load resource META-INF/jarjar/metadata.json from kleeslabs-forge-1.20-15.0.0.jar, it does not contain dependency information.
[02Aug2025 00:49:12.513] [main/DEBUG] [net.minecraftforge.fml.loading.moddiscovery.AbstractJarFileDependencyLocator/]: Failed to load resource META-INF/jarjar/metadata.json from enlightend-5.0.14-1.20.1.jar, it does not contain dependency information.
[02Aug2025 00:49:12.514] [main/DEBUG] [net.minecraftforge.fml.loading.moddiscovery.AbstractJarFileDependencyLocator/]: Failed to load resource META-INF/jarjar/metadata.json from waystones-forge-1.20-14.1.3.jar, it does not contain dependency information.
[02Aug2025 00:49:12.514] [main/DEBUG] [net.minecraftforge.fml.loading.moddiscovery.AbstractJarFileDependencyLocator/]: Failed to load resource META-INF/jarjar/metadata.json from piglinproliferation-1.20.1-1.2.5.jar, it does not contain dependency information.
[02Aug2025 00:49:12.514] [main/DEBUG] [net.minecraftforge.fml.loading.moddiscovery.AbstractJarFileDependencyLocator/]: Failed to load resource META-INF/jarjar/metadata.json from journeymap-1.20.1-5.10.3-forge.jar, it does not contain dependency information.
[02Aug2025 00:49:12.514] [main/DEBUG] [net.minecraftforge.fml.loading.moddiscovery.AbstractJarFileDependencyLocator/]: Failed to load resource META-INF/jarjar/metadata.json from Dungeon Now Loading-forge-1.20.1-1.5.jar, it does not contain dependency information.
[02Aug2025 00:49:12.514] [main/DEBUG] [net.minecraftforge.fml.loading.moddiscovery.AbstractJarFileDependencyLocator/]: Failed to load resource META-INF/jarjar/metadata.json from betterendcities-1.0.0-1.20.1.jar, it does not contain dependency information.
[02Aug2025 00:49:12.514] [main/DEBUG] [net.minecraftforge.fml.loading.moddiscovery.AbstractJarFileDependencyLocator/]: Failed to load resource META-INF/jarjar/metadata.json from citadel-2.5.4-1.20.1.jar, it does not contain dependency information.
[02Aug2025 00:49:12.514] [main/DEBUG] [net.minecraftforge.fml.loading.moddiscovery.AbstractJarFileDependencyLocator/]: Failed to load resource META-INF/jarjar/metadata.json from YungsApi-1.20-Forge-4.0.6.jar, it does not contain dependency information.
[02Aug2025 00:49:12.514] [main/DEBUG] [net.minecraftforge.fml.loading.moddiscovery.AbstractJarFileDependencyLocator/]: Failed to load resource META-INF/jarjar/metadata.json from TheOuterEnd-1.0.10.jar, it does not contain dependency information.
[02Aug2025 00:49:12.515] [main/DEBUG] [net.minecraftforge.fml.loading.moddiscovery.AbstractJarFileDependencyLocator/]: Failed to load resource META-INF/jarjar/metadata.json from Dungeon Crawl-1.20.1-2.3.15.jar, it does not contain dependency information.
[02Aug2025 00:49:12.515] [main/DEBUG] [net.minecraftforge.fml.loading.moddiscovery.AbstractJarFileDependencyLocator/]: Failed to load resource META-INF/jarjar/metadata.json from call_of_yucatan-1.0.12-forge-1.20.1.jar, it does not contain dependency information.
[02Aug2025 00:49:12.515] [main/DEBUG] [net.minecraftforge.fml.loading.moddiscovery.AbstractJarFileDependencyLocator/]: Failed to load resource META-INF/jarjar/metadata.json from sophisticatedbackpacks-1.20.1-3.20.5.1044.jar, it does not contain dependency information.
[02Aug2025 00:49:12.515] [main/DEBUG] [net.minecraftforge.fml.loading.moddiscovery.AbstractJarFileDependencyLocator/]: Failed to load resource META-INF/jarjar/metadata.json from takesapillage-1.0.3-1.20.1.jar, it does not contain dependency information.
[02Aug2025 00:49:12.515] [main/DEBUG] [net.minecraftforge.fml.loading.moddiscovery.AbstractJarFileDependencyLocator/]: Failed to load resource META-INF/jarjar/metadata.json from balm-forge-1.20.1-7.2.2.jar, it does not contain dependency information.
[02Aug2025 00:49:12.515] [main/DEBUG] [net.minecraftforge.fml.loading.moddiscovery.AbstractJarFileDependencyLocator/]: Failed to load resource META-INF/jarjar/metadata.json from BOMD-Forge-1.20.1-1.1.1.jar, it does not contain dependency information.
[02Aug2025 00:49:12.516] [main/DEBUG] [net.minecraftforge.fml.loading.moddiscovery.AbstractJarFileDependencyLocator/]: Failed to load resource META-INF/jarjar/metadata.json from blueprint-1.20.1-7.1.3.jar, it does not contain dependency information.
[02Aug2025 00:49:12.516] [main/DEBUG] [net.minecraftforge.fml.loading.moddiscovery.AbstractJarFileDependencyLocator/]: Failed to load resource META-INF/jarjar/metadata.json from JustEnoughResources-1.20.1-1.4.0.247.jar, it does not contain dependency information.
[02Aug2025 00:49:12.516] [main/DEBUG] [net.minecraftforge.fml.loading.moddiscovery.AbstractJarFileDependencyLocator/]: Failed to load resource META-INF/jarjar/metadata.json from faded_conquest_2-1.3.0B-forge-1.20.1.jar, it does not contain dependency information.
[02Aug2025 00:49:12.518] [main/DEBUG] [net.minecraftforge.fml.loading.moddiscovery.AbstractJarFileDependencyLocator/]: Failed to load resource META-INF/jarjar/metadata.json from formations-1.0.3-forge-mc1.20.2.jar, it does not contain dependency information.
[02Aug2025 00:49:12.519] [main/DEBUG] [net.minecraftforge.fml.loading.moddiscovery.AbstractJarFileDependencyLocator/]: Failed to load resource META-INF/jarjar/metadata.json from YungsBetterNetherFortresses-1.20-Forge-2.0.6.jar, it does not contain dependency information.
[02Aug2025 00:49:12.519] [main/DEBUG] [net.minecraftforge.fml.loading.moddiscovery.AbstractJarFileDependencyLocator/]: Failed to load resource META-INF/jarjar/metadata.json from DungeonsAriseSevenSeas-1.20.x-1.0.2-forge.jar, it does not contain dependency information.
[02Aug2025 00:49:12.519] [main/DEBUG] [net.minecraftforge.fml.loading.moddiscovery.AbstractJarFileDependencyLocator/]: Failed to load resource META-INF/jarjar/metadata.json from cloth-config-11.1.118-forge.jar, it does not contain dependency information.
[02Aug2025 00:49:12.519] [main/DEBUG] [net.minecraftforge.fml.loading.moddiscovery.AbstractJarFileDependencyLocator/]: Failed to load resource META-INF/jarjar/metadata.json from forge-1.20.1-47.3.7-universal.jar, it does not contain dependency information.
[02Aug2025 00:49:12.519] [main/DEBUG] [net.minecraftforge.fml.loading.moddiscovery.AbstractJarFileDependencyLocator/]: Failed to load resource META-INF/jarjar/metadata.json from echoes_of_the_end__structures_-1.00.2-forge-1.20.1.jar, it does not contain dependency information.
[02Aug2025 00:49:12.519] [main/DEBUG] [net.minecraftforge.fml.loading.moddiscovery.AbstractJarFileDependencyLocator/]: Failed to load resource META-INF/jarjar/metadata.json from konkrete_forge_1.8.0_MC_1.20-1.20.1.jar, it does not contain dependency information.
[02Aug2025 00:49:12.519] [main/DEBUG] [net.minecraftforge.fml.loading.moddiscovery.AbstractJarFileDependencyLocator/]: Failed to load resource META-INF/jarjar/metadata.json from just_in_nether-1.1.7-forge-1.20.1.jar, it does not contain dependency information.
[02Aug2025 00:49:12.519] [main/DEBUG] [net.minecraftforge.fml.loading.moddiscovery.AbstractJarFileDependencyLocator/]: Failed to load resource META-INF/jarjar/metadata.json from structure_gel-1.20.1-2.16.2.jar, it does not contain dependency information.
[02Aug2025 00:49:12.520] [main/DEBUG] [net.minecraftforge.fml.loading.moddiscovery.AbstractJarFileDependencyLocator/]: Failed to load resource META-INF/jarjar/metadata.json from nordic_structures-1.6.9-forge-1.20.1.jar, it does not contain dependency information.
[02Aug2025 00:49:12.520] [main/DEBUG] [net.minecraftforge.fml.loading.moddiscovery.AbstractJarFileDependencyLocator/]: Failed to load resource META-INF/jarjar/metadata.json from DungeonsArise-1.20.x-2.1.58-release.jar, it does not contain dependency information.
[02Aug2025 00:49:12.520] [main/DEBUG] [net.minecraftforge.fml.loading.moddiscovery.AbstractJarFileDependencyLocator/]: Failed to load resource META-INF/jarjar/metadata.json from Hearths v1.0.3 f12-71.jar, it does not contain dependency information.
[02Aug2025 00:49:12.520] [main/DEBUG] [net.minecraftforge.fml.loading.moddiscovery.AbstractJarFileDependencyLocator/]: Failed to load resource META-INF/jarjar/metadata.json from server-1.20.1-20230612.114412-srg.jar, it does not contain dependency information.
[02Aug2025 00:49:12.520] [main/DEBUG] [net.minecraftforge.fml.loading.moddiscovery.AbstractJarFileDependencyLocator/]: Failed to load resource META-INF/jarjar/metadata.json from sons-of-sins-1.20.1-2.1.6.jar, it does not contain dependency information.
[02Aug2025 00:49:12.520] [main/DEBUG] [net.minecraftforge.fml.loading.moddiscovery.AbstractJarFileDependencyLocator/]: Failed to load resource META-INF/jarjar/metadata.json from netherdungeons-1.1.0-snapshot4.jar, it does not contain dependency information.
[02Aug2025 00:49:12.521] [main/DEBUG] [net.minecraftforge.fml.loading.moddiscovery.AbstractJarFileDependencyLocator/]: Failed to load resource META-INF/jarjar/metadata.json from TaxCastlePillager+M.1.20.1+ForM.1.0.1.jar, it does not contain dependency information.
[02Aug2025 00:49:12.521] [main/DEBUG] [net.minecraftforge.fml.loading.moddiscovery.AbstractJarFileDependencyLocator/]: Failed to load resource META-INF/jarjar/metadata.json from Jade-1.20.1-forge-11.8.0.jar, it does not contain dependency information.
[02Aug2025 00:49:12.522] [main/DEBUG] [net.minecraftforge.fml.loading.moddiscovery.AbstractJarFileDependencyLocator/]: Failed to load resource META-INF/jarjar/metadata.json from endrem_forge-5.3.3-R-1.20.1.jar, it does not contain dependency information.
[02Aug2025 00:49:12.522] [main/DEBUG] [net.minecraftforge.fml.loading.moddiscovery.AbstractJarFileDependencyLocator/]: Failed to load resource META-INF/jarjar/metadata.json from mofus_broken_constellation-0.9.0-forge-1.20.1.jar, it does not contain dependency information.
[02Aug2025 00:49:12.522] [main/DEBUG] [net.minecraftforge.fml.loading.moddiscovery.AbstractJarFileDependencyLocator/]: Failed to load resource META-INF/jarjar/metadata.json from HopoBetterRuinedPortals-[1.20-1.20.2]-1.3.7b.jar, it does not contain dependency information.
[02Aug2025 00:49:12.522] [main/DEBUG] [net.minecraftforge.fml.loading.moddiscovery.AbstractJarFileDependencyLocator/]: Failed to load resource META-INF/jarjar/metadata.json from dungeons_plus-1.3.0-forge-1.20.1.jar, it does not contain dependency information.
[02Aug2025 00:49:12.523] [main/DEBUG] [net.minecraftforge.fml.loading.moddiscovery.AbstractJarFileDependencyLocator/]: Failed to load resource META-INF/jarjar/metadata.json from bfendcities-1.0.jar, it does not contain dependency information.
[02Aug2025 00:49:12.523] [main/DEBUG] [net.minecraftforge.fml.loading.moddiscovery.AbstractJarFileDependencyLocator/]: Failed to load resource META-INF/jarjar/metadata.json from cleanswing-1.20-1.2.jar, it does not contain dependency information.
[02Aug2025 00:49:12.523] [main/DEBUG] [net.minecraftforge.fml.loading.moddiscovery.AbstractJarFileDependencyLocator/]: Failed to load resource META-INF/jarjar/metadata.json from lionfishapi-1.9.jar, it does not contain dependency information.
[02Aug2025 00:49:12.523] [main/DEBUG] [net.minecraftforge.fml.loading.moddiscovery.AbstractJarFileDependencyLocator/]: Failed to load resource META-INF/jarjar/metadata.json from dungeons_enhanced-1.20.1-5.3.0.jar, it does not contain dependency information.
[02Aug2025 00:49:12.523] [main/DEBUG] [net.minecraftforge.fml.loading.moddiscovery.AbstractJarFileDependencyLocator/]: Failed to load resource META-INF/jarjar/metadata.json from CNB-1.20.1-1.5.8.jar, it does not contain dependency information.
[02Aug2025 00:49:12.523] [main/DEBUG] [net.minecraftforge.fml.loading.moddiscovery.AbstractJarFileDependencyLocator/]: Failed to load resource META-INF/jarjar/metadata.json from L_Enders_Cataclysm-2.16 - 1.20.1.jar, it does not contain dependency information.
[02Aug2025 00:49:12.523] [main/DEBUG] [net.minecraftforge.fml.loading.moddiscovery.AbstractJarFileDependencyLocator/]: Failed to load resource META-INF/jarjar/metadata.json from curios-forge-5.10.0+1.20.1.jar, it does not contain dependency information.
[02Aug2025 00:49:12.523] [main/DEBUG] [net.minecraftforge.fml.loading.moddiscovery.AbstractJarFileDependencyLocator/]: Failed to load resource META-INF/jarjar/metadata.json from mes-1.3.4-1.20-forge.jar, it does not contain dependency information.
[02Aug2025 00:49:12.524] [main/DEBUG] [net.minecraftforge.fml.loading.moddiscovery.AbstractJarFileDependencyLocator/]: Failed to load resource META-INF/jarjar/metadata.json from collective-1.20.1-7.56.jar, it does not contain dependency information.
[02Aug2025 00:49:12.524] [main/DEBUG] [net.minecraftforge.fml.loading.moddiscovery.AbstractJarFileDependencyLocator/]: Failed to load resource META-INF/jarjar/metadata.json from The Crop Reaping Mod-1.20.1-2.1.jar, it does not contain dependency information.
[02Aug2025 00:49:12.524] [main/DEBUG] [net.minecraftforge.fml.loading.moddiscovery.AbstractJarFileDependencyLocator/]: Failed to load resource META-INF/jarjar/metadata.json from CerbonsApi-Forge-1.20.1-1.0.0.jar, it does not contain dependency information.
[02Aug2025 00:49:12.524] [main/DEBUG] [net.minecraftforge.fml.loading.moddiscovery.AbstractJarFileDependencyLocator/]: Failed to load resource META-INF/jarjar/metadata.json from legendarymonsters-1.4.6 MC 1.20.1.jar, it does not contain dependency information.
[02Aug2025 00:49:12.524] [main/DEBUG] [net.minecraftforge.fml.loading.moddiscovery.AbstractJarFileDependencyLocator/]: Failed to load resource META-INF/jarjar/metadata.json from dungeons-and-taverns-3.0.3.f[Forge].jar, it does not contain dependency information.
[02Aug2025 00:49:12.524] [main/DEBUG] [net.minecraftforge.fml.loading.moddiscovery.AbstractJarFileDependencyLocator/]: Failed to load resource META-INF/jarjar/metadata.json from invhud.forge.1.20.1-3.4.18.jar, it does not contain dependency information.
[02Aug2025 00:49:12.524] [main/DEBUG] [net.minecraftforge.fml.loading.moddiscovery.AbstractJarFileDependencyLocator/]: Failed to load resource META-INF/jarjar/metadata.json from tombstone-1.20.1-8.9.0.jar, it does not contain dependency information.
[02Aug2025 00:49:12.525] [main/DEBUG] [net.minecraftforge.fml.loading.moddiscovery.AbstractJarFileDependencyLocator/]: Failed to load resource META-INF/jarjar/metadata.json from qraftys-end-villages-1.jar, it does not contain dependency information.
[02Aug2025 00:49:12.525] [main/DEBUG] [net.minecraftforge.fml.loading.moddiscovery.AbstractJarFileDependencyLocator/]: Failed to load resource META-INF/jarjar/metadata.json from tlc_forge-1.0.3-R-1.20.X.jar, it does not contain dependency information.
[02Aug2025 00:49:12.525] [main/DEBUG] [net.minecraftforge.fml.loading.moddiscovery.AbstractJarFileDependencyLocator/]: Failed to load resource META-INF/jarjar/metadata.json from tru.e-ending-v1.1.0c.jar, it does not contain dependency information.
[02Aug2025 00:49:12.526] [main/DEBUG] [net.minecraftforge.fml.loading.moddiscovery.AbstractJarFileDependencyLocator/]: Failed to load resource META-INF/jarjar/metadata.json from globalxp-forge-1.20.1-1.11.jar, it does not contain dependency information.
[02Aug2025 00:49:12.526] [main/DEBUG] [net.minecraftforge.fml.loading.moddiscovery.AbstractJarFileDependencyLocator/]: Failed to load resource META-INF/jarjar/metadata.json from AME's Mobs 1.4.1 - 1.20.1.jar, it does not contain dependency information.
[02Aug2025 00:49:12.526] [main/DEBUG] [net.minecraftforge.fml.loading.moddiscovery.AbstractJarFileDependencyLocator/]: Failed to load resource META-INF/jarjar/metadata.json from YungsBetterEndIsland-1.20-Forge-2.0.6.jar, it does not contain dependency information.
[02Aug2025 00:49:12.526] [main/DEBUG] [net.minecraftforge.fml.loading.moddiscovery.AbstractJarFileDependencyLocator/]: Failed to load resource META-INF/jarjar/metadata.json from justzoom_forge_1.0.2_MC_1.20.1.jar, it does not contain dependency information.
[02Aug2025 00:49:12.527] [main/DEBUG] [net.minecraftforge.fml.loading.moddiscovery.AbstractJarFileDependencyLocator/]: Failed to load resource META-INF/jarjar/metadata.json from extra_dungeons-1.0.4-forge-1.20.1.jar, it does not contain dependency information.
[02Aug2025 00:49:12.527] [main/DEBUG] [net.minecraftforge.fml.loading.moddiscovery.AbstractJarFileDependencyLocator/]: Failed to load resource META-INF/jarjar/metadata.json from mns-1.0.3-1.20-forge.jar, it does not contain dependency information.
[02Aug2025 00:49:12.527] [main/DEBUG] [net.minecraftforge.fml.loading.moddiscovery.AbstractJarFileDependencyLocator/]: Failed to load resource META-INF/jarjar/metadata.json from Luminous Nether V1.2.6 - Forge 1.20.1.jar, it does not contain dependency information.
[02Aug2025 00:49:12.527] [main/DEBUG] [net.minecraftforge.fml.loading.moddiscovery.AbstractJarFileDependencyLocator/]: Failed to load resource META-INF/jarjar/metadata.json from scaffoldingdropsnearby-1.20.1-3.1.jar, it does not contain dependency information.
[02Aug2025 00:49:12.527] [main/DEBUG] [net.minecraftforge.fml.loading.moddiscovery.AbstractJarFileDependencyLocator/]: Failed to load resource META-INF/jarjar/metadata.json from hs_bosses-0.0.3.jar, it does not contain dependency information.
[02Aug2025 00:49:12.527] [main/DEBUG] [net.minecraftforge.fml.loading.moddiscovery.AbstractJarFileDependencyLocator/]: Failed to load resource META-INF/jarjar/metadata.json from mclanguage-1.20.1-47.3.7.jar, it does not contain dependency information.
[02Aug2025 00:49:12.528] [main/DEBUG] [net.minecraftforge.fml.loading.moddiscovery.AbstractJarFileDependencyLocator/]: Failed to load resource META-INF/jarjar/metadata.json from javafmllanguage-1.20.1-47.3.7.jar, it does not contain dependency information.
[02Aug2025 00:49:12.528] [main/DEBUG] [net.minecraftforge.fml.loading.moddiscovery.AbstractJarFileDependencyLocator/]: Failed to load resource META-INF/jarjar/metadata.json from fmlcore-1.20.1-47.3.7.jar, it does not contain dependency information.
[02Aug2025 00:49:12.528] [main/DEBUG] [net.minecraftforge.fml.loading.moddiscovery.AbstractJarFileDependencyLocator/]: Failed to load resource META-INF/jarjar/metadata.json from lowcodelanguage-1.20.1-47.3.7.jar, it does not contain dependency information.
[02Aug2025 00:49:12.582] [main/DEBUG] [net.minecraftforge.fml.loading.moddiscovery.ModFileParser/LOADING]: Considering mod file candidate 
[02Aug2025 00:49:12.583] [main/DEBUG] [net.minecraftforge.fml.loading.moddiscovery.ModFileInfo/LOADING]: Found valid mod file mixinextras-forge-0.3.6.jar with {mixinextras} mods - versions {0.3.6}
[02Aug2025 00:49:12.585] [main/DEBUG] [net.minecraftforge.fml.loading.moddiscovery.ModFileParser/LOADING]: Considering mod file candidate 
[02Aug2025 00:49:12.585] [main/DEBUG] [net.minecraftforge.fml.loading.moddiscovery.ModFileInfo/LOADING]: Found valid mod file mixinextras-forge-0.4.1.jar with {mixinextras} mods - versions {0.4.1}
[02Aug2025 00:49:12.592] [main/DEBUG] [net.minecraftforge.fml.loading.moddiscovery.ModFileParser/LOADING]: Considering mod file candidate 
[02Aug2025 00:49:12.593] [main/DEBUG] [net.minecraftforge.fml.loading.moddiscovery.ModFileInfo/LOADING]: Found valid mod file mixinextras-forge-0.4.1.jar with {mixinextras} mods - versions {0.4.1}
[02Aug2025 00:49:12.605] [main/DEBUG] [net.minecraftforge.fml.loading.moddiscovery.AbstractJarFileDependencyLocator/]: Failed to load resource META-INF/jarjar/metadata.json from mclib-20.jar, it does not contain dependency information.
[02Aug2025 00:49:12.611] [main/DEBUG] [net.minecraftforge.fml.loading.moddiscovery.AbstractJarFileDependencyLocator/]: Failed to load resource META-INF/jarjar/metadata.json from MixinExtras-0.3.6.jar, it does not contain dependency information.
[02Aug2025 00:49:12.612] [main/DEBUG] [net.minecraftforge.fml.loading.moddiscovery.AbstractJarFileDependencyLocator/]: Failed to load resource META-INF/jarjar/metadata.json from MixinExtras-0.4.1.jar, it does not contain dependency information.
[02Aug2025 00:49:12.612] [main/DEBUG] [net.minecraftforge.fml.loading.moddiscovery.AbstractJarFileDependencyLocator/]: Failed to load resource META-INF/jarjar/metadata.json from MixinExtras-0.4.1.jar, it does not contain dependency information.
[02Aug2025 00:49:12.640] [main/DEBUG] [net.minecraftforge.fml.loading.moddiscovery.ModFileParser/LOADING]: Considering mod file candidate 
[02Aug2025 00:49:12.640] [main/DEBUG] [net.minecraftforge.fml.loading.moddiscovery.ModFileInfo/LOADING]: Found valid mod file mixinextras-forge-0.4.1.jar with {mixinextras} mods - versions {0.4.1}
[02Aug2025 00:49:12.642] [main/INFO] [net.minecraftforge.fml.loading.moddiscovery.JarInJarDependencyLocator/]: Found 3 dependencies adding them to mods collection
[02Aug2025 00:49:12.644] [main/DEBUG] [net.minecraftforge.fml.loading.moddiscovery.ModFileParser/LOADING]: Considering mod file candidate /workspaces/cosecha/servidor_minecraft/mods/YungsBetterDungeons-1.20-Forge-4.0.4.jar
[02Aug2025 00:49:12.645] [main/DEBUG] [net.minecraftforge.fml.loading.moddiscovery.ModFileInfo/LOADING]: Found valid mod file YungsBetterDungeons-1.20-Forge-4.0.4.jar with {betterdungeons} mods - versions {1.20-Forge-4.0.4}
[02Aug2025 00:49:12.649] [main/DEBUG] [net.minecraftforge.fml.loading.moddiscovery.ModFile/LOADING]: Loading mod file /workspaces/cosecha/servidor_minecraft/mods/YungsBetterDungeons-1.20-Forge-4.0.4.jar with languages [LanguageSpec[languageName=javafml, acceptedVersions=[46,)]]
[02Aug2025 00:49:12.650] [main/DEBUG] [net.minecraftforge.fml.loading.moddiscovery.ModFileParser/LOADING]: Considering mod file candidate /workspaces/cosecha/servidor_minecraft/mods/ati_structures(1.20)_v1.1.0_FORGE.jar
[02Aug2025 00:49:12.651] [main/DEBUG] [net.minecraftforge.fml.loading.moddiscovery.ModFileInfo/LOADING]: Found valid mod file ati_structures(1.20)_v1.1.0_FORGE.jar with {ati_structures} mods - versions {1.1.0}
[02Aug2025 00:49:12.652] [main/DEBUG] [net.minecraftforge.fml.loading.moddiscovery.ModFile/LOADING]: Loading mod file /workspaces/cosecha/servidor_minecraft/mods/ati_structures(1.20)_v1.1.0_FORGE.jar with languages [LanguageSpec[languageName=javafml, acceptedVersions=[47,)]]
[02Aug2025 00:49:12.652] [main/DEBUG] [net.minecraftforge.fml.loading.moddiscovery.ModFileParser/LOADING]: Considering mod file candidate /workspaces/cosecha/servidor_minecraft/mods/alexsmobs-1.22.8.jar
[02Aug2025 00:49:12.653] [main/DEBUG] [net.minecraftforge.fml.loading.moddiscovery.ModFileInfo/LOADING]: Found valid mod file alexsmobs-1.22.8.jar with {alexsmobs} mods - versions {1.22.8}
[02Aug2025 00:49:12.653] [main/DEBUG] [net.minecraftforge.fml.loading.moddiscovery.ModFile/LOADING]: Loading mod file /workspaces/cosecha/servidor_minecraft/mods/alexsmobs-1.22.8.jar with languages [LanguageSpec[languageName=javafml, acceptedVersions=[46,)]]
[02Aug2025 00:49:12.653] [main/DEBUG] [net.minecraftforge.fml.loading.moddiscovery.ModFileParser/LOADING]: Considering mod file candidate /workspaces/cosecha/servidor_minecraft/mods/Jadens-Nether-Expansion-2.3.2.jar
[02Aug2025 00:49:12.655] [main/DEBUG] [net.minecraftforge.fml.loading.moddiscovery.ModFileInfo/LOADING]: Found valid mod file Jadens-Nether-Expansion-2.3.2.jar with {netherexp} mods - versions {2.3.2}
[02Aug2025 00:49:12.656] [main/DEBUG] [net.minecraftforge.fml.loading.moddiscovery.ModFile/LOADING]: Loading mod file /workspaces/cosecha/servidor_minecraft/mods/Jadens-Nether-Expansion-2.3.2.jar with languages [LanguageSpec[languageName=javafml, acceptedVersions=[47,)]]
[02Aug2025 00:49:12.656] [main/DEBUG] [net.minecraftforge.fml.loading.moddiscovery.ModFileParser/LOADING]: Considering mod file candidate /workspaces/cosecha/servidor_minecraft/mods/formationsnether-1.0.5.jar
[02Aug2025 00:49:12.656] [main/DEBUG] [net.minecraftforge.fml.loading.moddiscovery.ModFileInfo/LOADING]: Found valid mod file formationsnether-1.0.5.jar with {formationsnether} mods - versions {1.0.5}
[02Aug2025 00:49:12.656] [main/DEBUG] [net.minecraftforge.fml.loading.moddiscovery.ModFile/LOADING]: Loading mod file /workspaces/cosecha/servidor_minecraft/mods/formationsnether-1.0.5.jar with languages [LanguageSpec[languageName=lowcodefml, acceptedVersions=[2,)]]
[02Aug2025 00:49:12.657] [main/DEBUG] [net.minecraftforge.fml.loading.moddiscovery.ModFileParser/LOADING]: Considering mod file candidate /workspaces/cosecha/servidor_minecraft/mods/geckolib-forge-1.20.1-4.7.1.2.jar
[02Aug2025 00:49:12.657] [main/DEBUG] [net.minecraftforge.fml.loading.moddiscovery.ModFileInfo/LOADING]: Found valid mod file geckolib-forge-1.20.1-4.7.1.2.jar with {geckolib} mods - versions {4.7.1.2}
[02Aug2025 00:49:12.657] [main/DEBUG] [net.minecraftforge.fml.loading.moddiscovery.ModFile/LOADING]: Loading mod file /workspaces/cosecha/servidor_minecraft/mods/geckolib-forge-1.20.1-4.7.1.2.jar with languages [LanguageSpec[languageName=javafml, acceptedVersions=[47,)]]
[02Aug2025 00:49:12.657] [main/DEBUG] [net.minecraftforge.fml.loading.moddiscovery.ModFileParser/LOADING]: Considering mod file candidate /workspaces/cosecha/servidor_minecraft/mods/ElysiumApi-1.20.1-1.1.0.jar
[02Aug2025 00:49:12.658] [main/DEBUG] [net.minecraftforge.fml.loading.moddiscovery.ModFileInfo/LOADING]: Found valid mod file ElysiumApi-1.20.1-1.1.0.jar with {elysium_api} mods - versions {1.1.0}
[02Aug2025 00:49:12.658] [main/DEBUG] [net.minecraftforge.fml.loading.moddiscovery.ModFile/LOADING]: Loading mod file /workspaces/cosecha/servidor_minecraft/mods/ElysiumApi-1.20.1-1.1.0.jar with languages [LanguageSpec[languageName=javafml, acceptedVersions=[47,)]]
[02Aug2025 00:49:12.658] [main/DEBUG] [net.minecraftforge.fml.loading.moddiscovery.ModFileParser/LOADING]: Considering mod file candidate /workspaces/cosecha/servidor_minecraft/mods/blazegear-1.4.2.jar
[02Aug2025 00:49:12.659] [main/DEBUG] [net.minecraftforge.fml.loading.moddiscovery.ModFileInfo/LOADING]: Found valid mod file blazegear-1.4.2.jar with {blazegear} mods - versions {1.4.2}
[02Aug2025 00:49:12.659] [main/DEBUG] [net.minecraftforge.fml.loading.moddiscovery.ModFile/LOADING]: Loading mod file /workspaces/cosecha/servidor_minecraft/mods/blazegear-1.4.2.jar with languages [LanguageSpec[languageName=javafml, acceptedVersions=[47,)]]
[02Aug2025 00:49:12.660] [main/DEBUG] [net.minecraftforge.fml.loading.moddiscovery.ModFileParser/LOADING]: Considering mod file candidate /workspaces/cosecha/servidor_minecraft/mods/nether-s-exoticism-1.20.1-1.2.9.jar
[02Aug2025 00:49:12.660] [main/DEBUG] [net.minecraftforge.fml.loading.moddiscovery.ModFileInfo/LOADING]: Found valid mod file nether-s-exoticism-1.20.1-1.2.9.jar with {nethers_exoticism} mods - versions {1.2.9}
[02Aug2025 00:49:12.660] [main/DEBUG] [net.minecraftforge.fml.loading.moddiscovery.ModFile/LOADING]: Loading mod file /workspaces/cosecha/servidor_minecraft/mods/nether-s-exoticism-1.20.1-1.2.9.jar with languages [LanguageSpec[languageName=javafml, acceptedVersions=[47,)]]
[02Aug2025 00:49:12.661] [main/DEBUG] [net.minecraftforge.fml.loading.moddiscovery.ModFileParser/LOADING]: Considering mod file candidate /workspaces/cosecha/servidor_minecraft/mods/call_of_drowner-0.1.0-forge-1.20.1.jar
[02Aug2025 00:49:12.661] [main/DEBUG] [net.minecraftforge.fml.loading.moddiscovery.ModFileInfo/LOADING]: Found valid mod file call_of_drowner-0.1.0-forge-1.20.1.jar with {call_of_drowner} mods - versions {0.1.0}
[02Aug2025 00:49:12.662] [main/DEBUG] [net.minecraftforge.fml.loading.moddiscovery.ModFile/LOADING]: Loading mod file /workspaces/cosecha/servidor_minecraft/mods/call_of_drowner-0.1.0-forge-1.20.1.jar with languages [LanguageSpec[languageName=javafml, acceptedVersions=[47,)]]
[02Aug2025 00:49:12.662] [main/DEBUG] [net.minecraftforge.fml.loading.moddiscovery.ModFileParser/LOADING]: Considering mod file candidate /workspaces/cosecha/servidor_minecraft/mods/jei-1.20.1-forge-15.3.0.4.jar
[02Aug2025 00:49:12.662] [main/DEBUG] [net.minecraftforge.fml.loading.moddiscovery.ModFileInfo/LOADING]: Found valid mod file jei-1.20.1-forge-15.3.0.4.jar with {jei} mods - versions {15.3.0.4}
[02Aug2025 00:49:12.663] [main/DEBUG] [net.minecraftforge.fml.loading.moddiscovery.ModFile/LOADING]: Loading mod file /workspaces/cosecha/servidor_minecraft/mods/jei-1.20.1-forge-15.3.0.4.jar with languages [LanguageSpec[languageName=javafml, acceptedVersions=[47,)]]
[02Aug2025 00:49:12.663] [main/DEBUG] [net.minecraftforge.fml.loading.moddiscovery.ModFileParser/LOADING]: Considering mod file candidate /workspaces/cosecha/servidor_minecraft/mods/realmrpg_imps_and_demons_0.9.0_forge_1.20.1.jar
[02Aug2025 00:49:12.664] [main/DEBUG] [net.minecraftforge.fml.loading.moddiscovery.ModFileInfo/LOADING]: Found valid mod file realmrpg_imps_and_demons_0.9.0_forge_1.20.1.jar with {realmrpg_demons} mods - versions {0.9.0}
[02Aug2025 00:49:12.664] [main/DEBUG] [net.minecraftforge.fml.loading.moddiscovery.ModFile/LOADING]: Loading mod file /workspaces/cosecha/servidor_minecraft/mods/realmrpg_imps_and_demons_0.9.0_forge_1.20.1.jar with languages [LanguageSpec[languageName=javafml, acceptedVersions=[47,)]]
[02Aug2025 00:49:12.664] [main/DEBUG] [net.minecraftforge.fml.loading.moddiscovery.ModFileParser/LOADING]: Considering mod file candidate /workspaces/cosecha/servidor_minecraft/mods/Pehkui-3.8.2+1.20.1-forge.jar
[02Aug2025 00:49:12.665] [main/DEBUG] [net.minecraftforge.fml.loading.moddiscovery.ModFileInfo/LOADING]: Found valid mod file Pehkui-3.8.2+1.20.1-forge.jar with {pehkui} mods - versions {3.8.2+1.20.1-forge}
[02Aug2025 00:49:12.665] [main/DEBUG] [net.minecraftforge.fml.loading.moddiscovery.ModFile/LOADING]: Loading mod file /workspaces/cosecha/servidor_minecraft/mods/Pehkui-3.8.2+1.20.1-forge.jar with languages [LanguageSpec[languageName=javafml, acceptedVersions=[28,)]]
[02Aug2025 00:49:12.666] [main/DEBUG] [net.minecraftforge.fml.loading.moddiscovery.ModFileParser/LOADING]: Considering mod file candidate /workspaces/cosecha/servidor_minecraft/mods/Incendium_1.20.x_v5.3.5.jar
[02Aug2025 00:49:12.666] [main/DEBUG] [net.minecraftforge.fml.loading.moddiscovery.ModFileInfo/LOADING]: Found valid mod file Incendium_1.20.x_v5.3.5.jar with {incendium} mods - versions {5.3.5}
[02Aug2025 00:49:12.666] [main/DEBUG] [net.minecraftforge.fml.loading.moddiscovery.ModFile/LOADING]: Loading mod file /workspaces/cosecha/servidor_minecraft/mods/Incendium_1.20.x_v5.3.5.jar with languages [LanguageSpec[languageName=lowcodefml, acceptedVersions=[1,)]]
[02Aug2025 00:49:12.666] [main/DEBUG] [net.minecraftforge.fml.loading.moddiscovery.ModFileParser/LOADING]: Considering mod file candidate /workspaces/cosecha/servidor_minecraft/mods/obscure_api-15.jar
[02Aug2025 00:49:12.667] [main/DEBUG] [net.minecraftforge.fml.loading.moddiscovery.ModFileInfo/LOADING]: Found valid mod file obscure_api-15.jar with {obscure_api} mods - versions {15}
[02Aug2025 00:49:12.667] [main/DEBUG] [net.minecraftforge.fml.loading.moddiscovery.ModFile/LOADING]: Loading mod file /workspaces/cosecha/servidor_minecraft/mods/obscure_api-15.jar with languages [LanguageSpec[languageName=javafml, acceptedVersions=[47,)]]
[02Aug2025 00:49:12.667] [main/DEBUG] [net.minecraftforge.fml.loading.moddiscovery.ModFileParser/LOADING]: Considering mod file candidate /workspaces/cosecha/servidor_minecraft/mods/stalwart-dungeons-1.20.1-1.2.8.jar
[02Aug2025 00:49:12.667] [main/DEBUG] [net.minecraftforge.fml.loading.moddiscovery.ModFileInfo/LOADING]: Found valid mod file stalwart-dungeons-1.20.1-1.2.8.jar with {stalwart_dungeons} mods - versions {1.2.8}
[02Aug2025 00:49:12.668] [main/DEBUG] [net.minecraftforge.fml.loading.moddiscovery.ModFile/LOADING]: Loading mod file /workspaces/cosecha/servidor_minecraft/mods/stalwart-dungeons-1.20.1-1.2.8.jar with languages [LanguageSpec[languageName=javafml, acceptedVersions=[47,)]]
[02Aug2025 00:49:12.668] [main/DEBUG] [net.minecraftforge.fml.loading.moddiscovery.ModFileParser/LOADING]: Considering mod file candidate /workspaces/cosecha/servidor_minecraft/mods/kleeslabs-forge-1.20-15.0.0.jar
[02Aug2025 00:49:12.668] [main/DEBUG] [net.minecraftforge.fml.loading.moddiscovery.ModFileInfo/LOADING]: Found valid mod file kleeslabs-forge-1.20-15.0.0.jar with {kleeslabs} mods - versions {15.0.0}
[02Aug2025 00:49:12.669] [main/DEBUG] [net.minecraftforge.fml.loading.moddiscovery.ModFile/LOADING]: Loading mod file /workspaces/cosecha/servidor_minecraft/mods/kleeslabs-forge-1.20-15.0.0.jar with languages [LanguageSpec[languageName=javafml, acceptedVersions=[46,)]]
[02Aug2025 00:49:12.669] [main/DEBUG] [net.minecraftforge.fml.loading.moddiscovery.ModFileParser/LOADING]: Considering mod file candidate /workspaces/cosecha/servidor_minecraft/mods/Nether's Overhaul-1.20.1_V1.3.6.jar
[02Aug2025 00:49:12.669] [main/DEBUG] [net.minecraftforge.fml.loading.moddiscovery.ModFileInfo/LOADING]: Found valid mod file Nether's Overhaul-1.20.1_V1.3.6.jar with {netheroverhaul} mods - versions {1.3.6}
[02Aug2025 00:49:12.669] [main/DEBUG] [net.minecraftforge.fml.loading.moddiscovery.ModFile/LOADING]: Loading mod file /workspaces/cosecha/servidor_minecraft/mods/Nether's Overhaul-1.20.1_V1.3.6.jar with languages [LanguageSpec[languageName=javafml, acceptedVersions=[47,)]]
[02Aug2025 00:49:12.670] [main/DEBUG] [net.minecraftforge.fml.loading.moddiscovery.ModFileParser/LOADING]: Considering mod file candidate /workspaces/cosecha/servidor_minecraft/mods/sophisticatedcore-1.20.1-0.6.21.609.jar
[02Aug2025 00:49:12.670] [main/DEBUG] [net.minecraftforge.fml.loading.moddiscovery.ModFileInfo/LOADING]: Found valid mod file sophisticatedcore-1.20.1-0.6.21.609.jar with {sophisticatedcore} mods - versions {0.6.21.609}
[02Aug2025 00:49:12.670] [main/DEBUG] [net.minecraftforge.fml.loading.moddiscovery.ModFile/LOADING]: Loading mod file /workspaces/cosecha/servidor_minecraft/mods/sophisticatedcore-1.20.1-0.6.21.609.jar with languages [LanguageSpec[languageName=javafml, acceptedVersions=[47,)]]
[02Aug2025 00:49:12.671] [main/DEBUG] [net.minecraftforge.fml.loading.moddiscovery.ModFileParser/LOADING]: Considering mod file candidate /workspaces/cosecha/servidor_minecraft/mods/enlightend-5.0.14-1.20.1.jar
[02Aug2025 00:49:12.671] [main/DEBUG] [net.minecraftforge.fml.loading.moddiscovery.ModFileInfo/LOADING]: Found valid mod file enlightend-5.0.14-1.20.1.jar with {enlightened_end} mods - versions {5.0.14}
[02Aug2025 00:49:12.671] [main/DEBUG] [net.minecraftforge.fml.loading.moddiscovery.ModFile/LOADING]: Loading mod file /workspaces/cosecha/servidor_minecraft/mods/enlightend-5.0.14-1.20.1.jar with languages [LanguageSpec[languageName=javafml, acceptedVersions=[47,)]]
[02Aug2025 00:49:12.671] [main/DEBUG] [net.minecraftforge.fml.loading.moddiscovery.ModFileParser/LOADING]: Considering mod file candidate /workspaces/cosecha/servidor_minecraft/mods/waystones-forge-1.20-14.1.3.jar
[02Aug2025 00:49:12.672] [main/DEBUG] [net.minecraftforge.fml.loading.moddiscovery.ModFileInfo/LOADING]: Found valid mod file waystones-forge-1.20-14.1.3.jar with {waystones} mods - versions {14.1.3}
[02Aug2025 00:49:12.672] [main/DEBUG] [net.minecraftforge.fml.loading.moddiscovery.ModFile/LOADING]: Loading mod file /workspaces/cosecha/servidor_minecraft/mods/waystones-forge-1.20-14.1.3.jar with languages [LanguageSpec[languageName=javafml, acceptedVersions=[46,)]]
[02Aug2025 00:49:12.672] [main/DEBUG] [net.minecraftforge.fml.loading.moddiscovery.ModFileParser/LOADING]: Considering mod file candidate /workspaces/cosecha/servidor_minecraft/mods/piglinproliferation-1.20.1-1.2.5.jar
[02Aug2025 00:49:12.672] [main/DEBUG] [net.minecraftforge.fml.loading.moddiscovery.ModFileInfo/LOADING]: Found valid mod file piglinproliferation-1.20.1-1.2.5.jar with {piglinproliferation} mods - versions {1.20.1-1.2.5}
[02Aug2025 00:49:12.672] [main/DEBUG] [net.minecraftforge.fml.loading.moddiscovery.ModFile/LOADING]: Loading mod file /workspaces/cosecha/servidor_minecraft/mods/piglinproliferation-1.20.1-1.2.5.jar with languages [LanguageSpec[languageName=javafml, acceptedVersions=[43,)]]
[02Aug2025 00:49:12.673] [main/DEBUG] [net.minecraftforge.fml.loading.moddiscovery.ModFileParser/LOADING]: Considering mod file candidate /workspaces/cosecha/servidor_minecraft/mods/betterendcities-1.0.0-1.20.1.jar
[02Aug2025 00:49:12.673] [main/DEBUG] [net.minecraftforge.fml.loading.moddiscovery.ModFileInfo/LOADING]: Found valid mod file betterendcities-1.0.0-1.20.1.jar with {betterendcities} mods - versions {1.0.0-1.20.1}
[02Aug2025 00:49:12.673] [main/DEBUG] [net.minecraftforge.fml.loading.moddiscovery.ModFile/LOADING]: Loading mod file /workspaces/cosecha/servidor_minecraft/mods/betterendcities-1.0.0-1.20.1.jar with languages [LanguageSpec[languageName=javafml, acceptedVersions=[47,)]]
[02Aug2025 00:49:12.673] [main/DEBUG] [net.minecraftforge.fml.loading.moddiscovery.ModFileParser/LOADING]: Considering mod file candidate /workspaces/cosecha/servidor_minecraft/mods/Dungeon Now Loading-forge-1.20.1-1.5.jar
[02Aug2025 00:49:12.674] [main/DEBUG] [net.minecraftforge.fml.loading.moddiscovery.ModFileInfo/LOADING]: Found valid mod file Dungeon Now Loading-forge-1.20.1-1.5.jar with {dungeonnowloading} mods - versions {1.5}
[02Aug2025 00:49:12.674] [main/DEBUG] [net.minecraftforge.fml.loading.moddiscovery.ModFile/LOADING]: Loading mod file /workspaces/cosecha/servidor_minecraft/mods/Dungeon Now Loading-forge-1.20.1-1.5.jar with languages [LanguageSpec[languageName=javafml, acceptedVersions=[46,)]]
[02Aug2025 00:49:12.674] [main/DEBUG] [net.minecraftforge.fml.loading.moddiscovery.ModFileParser/LOADING]: Considering mod file candidate /workspaces/cosecha/servidor_minecraft/mods/journeymap-1.20.1-5.10.3-forge.jar
[02Aug2025 00:49:12.675] [main/DEBUG] [net.minecraftforge.fml.loading.moddiscovery.ModFileInfo/LOADING]: Found valid mod file journeymap-1.20.1-5.10.3-forge.jar with {journeymap} mods - versions {5.10.3}
[02Aug2025 00:49:12.675] [main/DEBUG] [net.minecraftforge.fml.loading.moddiscovery.ModFile/LOADING]: Loading mod file /workspaces/cosecha/servidor_minecraft/mods/journeymap-1.20.1-5.10.3-forge.jar with languages [LanguageSpec[languageName=javafml, acceptedVersions=[44,)]]
[02Aug2025 00:49:12.677] [main/DEBUG] [net.minecraftforge.fml.loading.moddiscovery.ModFileParser/LOADING]: Found coremod journeymap potion effect transformer with Javascript path potion-effects-shift.js
[02Aug2025 00:49:12.677] [main/DEBUG] [net.minecraftforge.fml.loading.moddiscovery.ModFile/LOADING]: Found coremod potion-effects-shift.js
[02Aug2025 00:49:12.677] [main/DEBUG] [net.minecraftforge.fml.loading.moddiscovery.ModFileParser/LOADING]: Considering mod file candidate /workspaces/cosecha/servidor_minecraft/mods/citadel-2.5.4-1.20.1.jar
[02Aug2025 00:49:12.677] [main/DEBUG] [net.minecraftforge.fml.loading.moddiscovery.ModFileInfo/LOADING]: Found valid mod file citadel-2.5.4-1.20.1.jar with {citadel} mods - versions {2.5.4}
[02Aug2025 00:49:12.678] [main/DEBUG] [net.minecraftforge.fml.loading.moddiscovery.ModFile/LOADING]: Loading mod file /workspaces/cosecha/servidor_minecraft/mods/citadel-2.5.4-1.20.1.jar with languages [LanguageSpec[languageName=javafml, acceptedVersions=[47,)]]
[02Aug2025 00:49:12.678] [main/DEBUG] [net.minecraftforge.fml.loading.moddiscovery.ModFileParser/LOADING]: Considering mod file candidate /workspaces/cosecha/servidor_minecraft/mods/YungsApi-1.20-Forge-4.0.6.jar
[02Aug2025 00:49:12.678] [main/DEBUG] [net.minecraftforge.fml.loading.moddiscovery.ModFileInfo/LOADING]: Found valid mod file YungsApi-1.20-Forge-4.0.6.jar with {yungsapi} mods - versions {1.20-Forge-4.0.6}
[02Aug2025 00:49:12.678] [main/DEBUG] [net.minecraftforge.fml.loading.moddiscovery.ModFile/LOADING]: Loading mod file /workspaces/cosecha/servidor_minecraft/mods/YungsApi-1.20-Forge-4.0.6.jar with languages [LanguageSpec[languageName=javafml, acceptedVersions=[46,)]]
[02Aug2025 00:49:12.678] [main/DEBUG] [net.minecraftforge.fml.loading.moddiscovery.ModFileParser/LOADING]: Considering mod file candidate /workspaces/cosecha/servidor_minecraft/mods/TheOuterEnd-1.0.10.jar
[02Aug2025 00:49:12.679] [main/DEBUG] [net.minecraftforge.fml.loading.moddiscovery.ModFileInfo/LOADING]: Found valid mod file TheOuterEnd-1.0.10.jar with {outer_end} mods - versions {1.0.8}
[02Aug2025 00:49:12.679] [main/DEBUG] [net.minecraftforge.fml.loading.moddiscovery.ModFile/LOADING]: Loading mod file /workspaces/cosecha/servidor_minecraft/mods/TheOuterEnd-1.0.10.jar with languages [LanguageSpec[languageName=javafml, acceptedVersions=[47,)]]
[02Aug2025 00:49:12.679] [main/DEBUG] [net.minecraftforge.fml.loading.moddiscovery.ModFileParser/LOADING]: Considering mod file candidate /workspaces/cosecha/servidor_minecraft/mods/Dungeon Crawl-1.20.1-2.3.15.jar
[02Aug2025 00:49:12.680] [main/DEBUG] [net.minecraftforge.fml.loading.moddiscovery.ModFileInfo/LOADING]: Found valid mod file Dungeon Crawl-1.20.1-2.3.15.jar with {dungeoncrawl} mods - versions {2.3.15}
[02Aug2025 00:49:12.680] [main/DEBUG] [net.minecraftforge.fml.loading.moddiscovery.ModFile/LOADING]: Loading mod file /workspaces/cosecha/servidor_minecraft/mods/Dungeon Crawl-1.20.1-2.3.15.jar with languages [LanguageSpec[languageName=javafml, acceptedVersions=[47,)]]
[02Aug2025 00:49:12.680] [main/DEBUG] [net.minecraftforge.fml.loading.moddiscovery.ModFileParser/LOADING]: Considering mod file candidate /workspaces/cosecha/servidor_minecraft/mods/call_of_yucatan-1.0.12-forge-1.20.1.jar
[02Aug2025 00:49:12.680] [main/DEBUG] [net.minecraftforge.fml.loading.moddiscovery.ModFileInfo/LOADING]: Found valid mod file call_of_yucatan-1.0.12-forge-1.20.1.jar with {call_of_yucutan} mods - versions {1.0.12}
[02Aug2025 00:49:12.680] [main/DEBUG] [net.minecraftforge.fml.loading.moddiscovery.ModFile/LOADING]: Loading mod file /workspaces/cosecha/servidor_minecraft/mods/call_of_yucatan-1.0.12-forge-1.20.1.jar with languages [LanguageSpec[languageName=javafml, acceptedVersions=[47,)]]
[02Aug2025 00:49:12.681] [main/DEBUG] [net.minecraftforge.fml.loading.moddiscovery.ModFileParser/LOADING]: Considering mod file candidate /workspaces/cosecha/servidor_minecraft/mods/endergetic-1.20.1-5.0.1.jar
[02Aug2025 00:49:12.681] [main/DEBUG] [net.minecraftforge.fml.loading.moddiscovery.ModFileInfo/LOADING]: Found valid mod file endergetic-1.20.1-5.0.1.jar with {endergetic} mods - versions {5.0.1}
[02Aug2025 00:49:12.681] [main/DEBUG] [net.minecraftforge.fml.loading.moddiscovery.ModFile/LOADING]: Loading mod file /workspaces/cosecha/servidor_minecraft/mods/endergetic-1.20.1-5.0.1.jar with languages [LanguageSpec[languageName=javafml, acceptedVersions=[32,)]]
[02Aug2025 00:49:12.681] [main/DEBUG] [net.minecraftforge.fml.loading.moddiscovery.ModFileParser/LOADING]: Considering mod file candidate /workspaces/cosecha/servidor_minecraft/mods/sophisticatedbackpacks-1.20.1-3.20.5.1044.jar
[02Aug2025 00:49:12.682] [main/DEBUG] [net.minecraftforge.fml.loading.moddiscovery.ModFileInfo/LOADING]: Found valid mod file sophisticatedbackpacks-1.20.1-3.20.5.1044.jar with {sophisticatedbackpacks} mods - versions {3.20.5.1044}
[02Aug2025 00:49:12.682] [main/DEBUG] [net.minecraftforge.fml.loading.moddiscovery.ModFile/LOADING]: Loading mod file /workspaces/cosecha/servidor_minecraft/mods/sophisticatedbackpacks-1.20.1-3.20.5.1044.jar with languages [LanguageSpec[languageName=javafml, acceptedVersions=[47,)]]
[02Aug2025 00:49:12.682] [main/DEBUG] [net.minecraftforge.fml.loading.moddiscovery.ModFileParser/LOADING]: Considering mod file candidate /workspaces/cosecha/servidor_minecraft/mods/takesapillage-1.0.3-1.20.1.jar
[02Aug2025 00:49:12.682] [main/DEBUG] [net.minecraftforge.fml.loading.moddiscovery.ModFileInfo/LOADING]: Found valid mod file takesapillage-1.0.3-1.20.1.jar with {takesapillage} mods - versions {1.0.3}
[02Aug2025 00:49:12.682] [main/DEBUG] [net.minecraftforge.fml.loading.moddiscovery.ModFile/LOADING]: Loading mod file /workspaces/cosecha/servidor_minecraft/mods/takesapillage-1.0.3-1.20.1.jar with languages [LanguageSpec[languageName=javafml, acceptedVersions=[46,)]]
[02Aug2025 00:49:12.683] [main/DEBUG] [net.minecraftforge.fml.loading.moddiscovery.ModFileParser/LOADING]: Considering mod file candidate /workspaces/cosecha/servidor_minecraft/mods/balm-forge-1.20.1-7.2.2.jar
[02Aug2025 00:49:12.683] [main/DEBUG] [net.minecraftforge.fml.loading.moddiscovery.ModFileInfo/LOADING]: Found valid mod file balm-forge-1.20.1-7.2.2.jar with {balm} mods - versions {7.2.2}
[02Aug2025 00:49:12.683] [main/DEBUG] [net.minecraftforge.fml.loading.moddiscovery.ModFile/LOADING]: Loading mod file /workspaces/cosecha/servidor_minecraft/mods/balm-forge-1.20.1-7.2.2.jar with languages [LanguageSpec[languageName=javafml, acceptedVersions=[46,)]]
[02Aug2025 00:49:12.683] [main/DEBUG] [net.minecraftforge.fml.loading.moddiscovery.ModFileParser/LOADING]: Considering mod file candidate /workspaces/cosecha/servidor_minecraft/mods/BOMD-Forge-1.20.1-1.1.1.jar
[02Aug2025 00:49:12.684] [main/DEBUG] [net.minecraftforge.fml.loading.moddiscovery.ModFileInfo/LOADING]: Found valid mod file BOMD-Forge-1.20.1-1.1.1.jar with {bosses_of_mass_destruction} mods - versions {1.1.1}
[02Aug2025 00:49:12.684] [main/DEBUG] [net.minecraftforge.fml.loading.moddiscovery.ModFile/LOADING]: Loading mod file /workspaces/cosecha/servidor_minecraft/mods/BOMD-Forge-1.20.1-1.1.1.jar with languages [LanguageSpec[languageName=javafml, acceptedVersions=[47,)]]
[02Aug2025 00:49:12.684] [main/DEBUG] [net.minecraftforge.fml.loading.moddiscovery.ModFileParser/LOADING]: Considering mod file candidate /workspaces/cosecha/servidor_minecraft/mods/blueprint-1.20.1-7.1.3.jar
[02Aug2025 00:49:12.684] [main/DEBUG] [net.minecraftforge.fml.loading.moddiscovery.ModFileInfo/LOADING]: Found valid mod file blueprint-1.20.1-7.1.3.jar with {blueprint} mods - versions {7.1.3}
[02Aug2025 00:49:12.685] [main/DEBUG] [net.minecraftforge.fml.loading.moddiscovery.ModFile/LOADING]: Loading mod file /workspaces/cosecha/servidor_minecraft/mods/blueprint-1.20.1-7.1.3.jar with languages [LanguageSpec[languageName=javafml, acceptedVersions=[32,)]]
[02Aug2025 00:49:12.685] [main/DEBUG] [net.minecraftforge.fml.loading.moddiscovery.ModFileParser/LOADING]: Considering mod file candidate /workspaces/cosecha/servidor_minecraft/mods/JustEnoughResources-1.20.1-1.4.0.247.jar
[02Aug2025 00:49:12.685] [main/DEBUG] [net.minecraftforge.fml.loading.moddiscovery.ModFileInfo/LOADING]: Found valid mod file JustEnoughResources-1.20.1-1.4.0.247.jar with {jeresources} mods - versions {1.4.0.247}
[02Aug2025 00:49:12.685] [main/DEBUG] [net.minecraftforge.fml.loading.moddiscovery.ModFile/LOADING]: Loading mod file /workspaces/cosecha/servidor_minecraft/mods/JustEnoughResources-1.20.1-1.4.0.247.jar with languages [LanguageSpec[languageName=javafml, acceptedVersions=[47,)]]
[02Aug2025 00:49:12.685] [main/DEBUG] [net.minecraftforge.fml.loading.moddiscovery.ModFileParser/LOADING]: Considering mod file candidate /workspaces/cosecha/servidor_minecraft/mods/faded_conquest_2-1.3.0B-forge-1.20.1.jar
[02Aug2025 00:49:12.686] [main/DEBUG] [net.minecraftforge.fml.loading.moddiscovery.ModFileInfo/LOADING]: Found valid mod file faded_conquest_2-1.3.0B-forge-1.20.1.jar with {faded_conquest_2} mods - versions {1.2.0}
[02Aug2025 00:49:12.686] [main/DEBUG] [net.minecraftforge.fml.loading.moddiscovery.ModFile/LOADING]: Loading mod file /workspaces/cosecha/servidor_minecraft/mods/faded_conquest_2-1.3.0B-forge-1.20.1.jar with languages [LanguageSpec[languageName=javafml, acceptedVersions=[47,)]]
[02Aug2025 00:49:12.686] [main/DEBUG] [net.minecraftforge.fml.loading.moddiscovery.ModFileParser/LOADING]: Considering mod file candidate /workspaces/cosecha/servidor_minecraft/mods/formations-1.0.3-forge-mc1.20.2.jar
[02Aug2025 00:49:12.687] [main/DEBUG] [net.minecraftforge.fml.loading.moddiscovery.ModFileInfo/LOADING]: Found valid mod file formations-1.0.3-forge-mc1.20.2.jar with {formations} mods - versions {1.0.3}
[02Aug2025 00:49:12.687] [main/DEBUG] [net.minecraftforge.fml.loading.moddiscovery.ModFile/LOADING]: Loading mod file /workspaces/cosecha/servidor_minecraft/mods/formations-1.0.3-forge-mc1.20.2.jar with languages [LanguageSpec[languageName=javafml, acceptedVersions=[46,)]]
[02Aug2025 00:49:12.687] [main/DEBUG] [net.minecraftforge.fml.loading.moddiscovery.ModFileParser/LOADING]: Considering mod file candidate /workspaces/cosecha/servidor_minecraft/mods/cloth-config-11.1.118-forge.jar
[02Aug2025 00:49:12.687] [main/DEBUG] [net.minecraftforge.fml.loading.moddiscovery.ModFileInfo/LOADING]: Found valid mod file cloth-config-11.1.118-forge.jar with {cloth_config} mods - versions {11.1.118}
[02Aug2025 00:49:12.688] [main/DEBUG] [net.minecraftforge.fml.loading.moddiscovery.ModFile/LOADING]: Loading mod file /workspaces/cosecha/servidor_minecraft/mods/cloth-config-11.1.118-forge.jar with languages [LanguageSpec[languageName=javafml, acceptedVersions=[34,)]]
[02Aug2025 00:49:12.688] [main/DEBUG] [net.minecraftforge.fml.loading.moddiscovery.ModFileParser/LOADING]: Considering mod file candidate /workspaces/cosecha/servidor_minecraft/mods/DungeonsAriseSevenSeas-1.20.x-1.0.2-forge.jar
[02Aug2025 00:49:12.688] [main/DEBUG] [net.minecraftforge.fml.loading.moddiscovery.ModFileInfo/LOADING]: Found valid mod file DungeonsAriseSevenSeas-1.20.x-1.0.2-forge.jar with {dungeons_arise_seven_seas} mods - versions {1.0.2}
[02Aug2025 00:49:12.688] [main/DEBUG] [net.minecraftforge.fml.loading.moddiscovery.ModFile/LOADING]: Loading mod file /workspaces/cosecha/servidor_minecraft/mods/DungeonsAriseSevenSeas-1.20.x-1.0.2-forge.jar with languages [LanguageSpec[languageName=javafml, acceptedVersions=[43,)]]
[02Aug2025 00:49:12.688] [main/DEBUG] [net.minecraftforge.fml.loading.moddiscovery.ModFileParser/LOADING]: Considering mod file candidate /workspaces/cosecha/servidor_minecraft/mods/YungsBetterNetherFortresses-1.20-Forge-2.0.6.jar
[02Aug2025 00:49:12.689] [main/DEBUG] [net.minecraftforge.fml.loading.moddiscovery.ModFileInfo/LOADING]: Found valid mod file YungsBetterNetherFortresses-1.20-Forge-2.0.6.jar with {betterfortresses} mods - versions {1.20-Forge-2.0.6}
[02Aug2025 00:49:12.689] [main/DEBUG] [net.minecraftforge.fml.loading.moddiscovery.ModFile/LOADING]: Loading mod file /workspaces/cosecha/servidor_minecraft/mods/YungsBetterNetherFortresses-1.20-Forge-2.0.6.jar with languages [LanguageSpec[languageName=javafml, acceptedVersions=[46,)]]
[02Aug2025 00:49:12.690] [main/DEBUG] [net.minecraftforge.fml.loading.moddiscovery.ModFileParser/LOADING]: Considering mod file candidate /workspaces/cosecha/servidor_minecraft/libraries/net/minecraftforge/forge/1.20.1-47.3.7/forge-1.20.1-47.3.7-universal.jar
[02Aug2025 00:49:12.690] [main/DEBUG] [net.minecraftforge.fml.loading.moddiscovery.ModFileInfo/LOADING]: Found valid mod file forge-1.20.1-47.3.7-universal.jar with {forge} mods - versions {47.3.7}
[02Aug2025 00:49:12.691] [main/DEBUG] [net.minecraftforge.fml.loading.moddiscovery.ModFile/LOADING]: Loading mod file /workspaces/cosecha/servidor_minecraft/libraries/net/minecraftforge/forge/1.20.1-47.3.7/forge-1.20.1-47.3.7-universal.jar with languages [LanguageSpec[languageName=javafml, acceptedVersions=[24,]]]
[02Aug2025 00:49:12.691] [main/DEBUG] [net.minecraftforge.fml.loading.moddiscovery.ModFileParser/LOADING]: Found coremod field_to_method with Javascript path coremods/field_to_method.js
[02Aug2025 00:49:12.691] [main/DEBUG] [net.minecraftforge.fml.loading.moddiscovery.ModFileParser/LOADING]: Found coremod field_to_instanceof with Javascript path coremods/field_to_instanceof.js
[02Aug2025 00:49:12.691] [main/DEBUG] [net.minecraftforge.fml.loading.moddiscovery.ModFileParser/LOADING]: Found coremod add_bouncer_method with Javascript path coremods/add_bouncer_method.js
[02Aug2025 00:49:12.691] [main/DEBUG] [net.minecraftforge.fml.loading.moddiscovery.ModFileParser/LOADING]: Found coremod method_redirector with Javascript path coremods/method_redirector.js
[02Aug2025 00:49:12.691] [main/DEBUG] [net.minecraftforge.fml.loading.moddiscovery.ModFile/LOADING]: Found coremod coremods/field_to_method.js
[02Aug2025 00:49:12.691] [main/DEBUG] [net.minecraftforge.fml.loading.moddiscovery.ModFile/LOADING]: Found coremod coremods/field_to_instanceof.js
[02Aug2025 00:49:12.691] [main/DEBUG] [net.minecraftforge.fml.loading.moddiscovery.ModFile/LOADING]: Found coremod coremods/add_bouncer_method.js
[02Aug2025 00:49:12.691] [main/DEBUG] [net.minecraftforge.fml.loading.moddiscovery.ModFile/LOADING]: Found coremod coremods/method_redirector.js
[02Aug2025 00:49:12.692] [main/DEBUG] [net.minecraftforge.fml.loading.moddiscovery.ModFileParser/LOADING]: Considering mod file candidate /workspaces/cosecha/servidor_minecraft/mods/echoes_of_the_end__structures_-1.00.2-forge-1.20.1.jar
[02Aug2025 00:49:12.692] [main/DEBUG] [net.minecraftforge.fml.loading.moddiscovery.ModFileInfo/LOADING]: Found valid mod file echoes_of_the_end__structures_-1.00.2-forge-1.20.1.jar with {echoes_of_the_end__structures_} mods - versions {1.00.2}
[02Aug2025 00:49:12.692] [main/DEBUG] [net.minecraftforge.fml.loading.moddiscovery.ModFile/LOADING]: Loading mod file /workspaces/cosecha/servidor_minecraft/mods/echoes_of_the_end__structures_-1.00.2-forge-1.20.1.jar with languages [LanguageSpec[languageName=javafml, acceptedVersions=[47,)]]
[02Aug2025 00:49:12.692] [main/DEBUG] [net.minecraftforge.fml.loading.moddiscovery.ModFileParser/LOADING]: Considering mod file candidate /workspaces/cosecha/servidor_minecraft/mods/konkrete_forge_1.8.0_MC_1.20-1.20.1.jar
[02Aug2025 00:49:12.693] [main/DEBUG] [net.minecraftforge.fml.loading.moddiscovery.ModFileInfo/LOADING]: Found valid mod file konkrete_forge_1.8.0_MC_1.20-1.20.1.jar with {konkrete} mods - versions {1.8.0}
[02Aug2025 00:49:12.693] [main/DEBUG] [net.minecraftforge.fml.loading.moddiscovery.ModFile/LOADING]: Loading mod file /workspaces/cosecha/servidor_minecraft/mods/konkrete_forge_1.8.0_MC_1.20-1.20.1.jar with languages [LanguageSpec[languageName=javafml, acceptedVersions=[46,)]]
[02Aug2025 00:49:12.693] [main/DEBUG] [net.minecraftforge.fml.loading.moddiscovery.ModFileParser/LOADING]: Considering mod file candidate /workspaces/cosecha/servidor_minecraft/mods/just_in_nether-1.1.7-forge-1.20.1.jar
[02Aug2025 00:49:12.693] [main/DEBUG] [net.minecraftforge.fml.loading.moddiscovery.ModFileInfo/LOADING]: Found valid mod file just_in_nether-1.1.7-forge-1.20.1.jar with {just_in_nether} mods - versions {1.0.0}
[02Aug2025 00:49:12.694] [main/DEBUG] [net.minecraftforge.fml.loading.moddiscovery.ModFile/LOADING]: Loading mod file /workspaces/cosecha/servidor_minecraft/mods/just_in_nether-1.1.7-forge-1.20.1.jar with languages [LanguageSpec[languageName=javafml, acceptedVersions=[47,)]]
[02Aug2025 00:49:12.694] [main/DEBUG] [net.minecraftforge.fml.loading.moddiscovery.ModFileParser/LOADING]: Considering mod file candidate /workspaces/cosecha/servidor_minecraft/mods/structure_gel-1.20.1-2.16.2.jar
[02Aug2025 00:49:12.694] [main/DEBUG] [net.minecraftforge.fml.loading.moddiscovery.ModFileInfo/LOADING]: Found valid mod file structure_gel-1.20.1-2.16.2.jar with {structure_gel} mods - versions {2.16.2}
[02Aug2025 00:49:12.694] [main/DEBUG] [net.minecraftforge.fml.loading.moddiscovery.ModFile/LOADING]: Loading mod file /workspaces/cosecha/servidor_minecraft/mods/structure_gel-1.20.1-2.16.2.jar with languages [LanguageSpec[languageName=javafml, acceptedVersions=[47,)]]
[02Aug2025 00:49:12.695] [main/DEBUG] [net.minecraftforge.fml.loading.moddiscovery.ModFileParser/LOADING]: Considering mod file candidate /workspaces/cosecha/servidor_minecraft/mods/DungeonsArise-1.20.x-2.1.58-release.jar
[02Aug2025 00:49:12.695] [main/DEBUG] [net.minecraftforge.fml.loading.moddiscovery.ModFileInfo/LOADING]: Found valid mod file DungeonsArise-1.20.x-2.1.58-release.jar with {dungeons_arise} mods - versions {2.1.58-1.20.x}
[02Aug2025 00:49:12.695] [main/DEBUG] [net.minecraftforge.fml.loading.moddiscovery.ModFile/LOADING]: Loading mod file /workspaces/cosecha/servidor_minecraft/mods/DungeonsArise-1.20.x-2.1.58-release.jar with languages [LanguageSpec[languageName=javafml, acceptedVersions=[41,)]]
[02Aug2025 00:49:12.695] [main/DEBUG] [net.minecraftforge.fml.loading.moddiscovery.ModFileParser/LOADING]: Considering mod file candidate /workspaces/cosecha/servidor_minecraft/mods/nordic_structures-1.6.9-forge-1.20.1.jar
[02Aug2025 00:49:12.696] [main/DEBUG] [net.minecraftforge.fml.loading.moddiscovery.ModFileInfo/LOADING]: Found valid mod file nordic_structures-1.6.9-forge-1.20.1.jar with {nordic_structures} mods - versions {1.6.9}
[02Aug2025 00:49:12.696] [main/DEBUG] [net.minecraftforge.fml.loading.moddiscovery.ModFile/LOADING]: Loading mod file /workspaces/cosecha/servidor_minecraft/mods/nordic_structures-1.6.9-forge-1.20.1.jar with languages [LanguageSpec[languageName=javafml, acceptedVersions=[47,)]]
[02Aug2025 00:49:12.696] [main/DEBUG] [net.minecraftforge.fml.loading.moddiscovery.ModFileParser/LOADING]: Considering mod file candidate /workspaces/cosecha/servidor_minecraft/mods/Hearths v1.0.3 f12-71.jar
[02Aug2025 00:49:12.696] [main/DEBUG] [net.minecraftforge.fml.loading.moddiscovery.ModFileInfo/LOADING]: Found valid mod file Hearths v1.0.3 f12-71.jar with {hearths} mods - versions {1.0.3}
[02Aug2025 00:49:12.697] [main/DEBUG] [net.minecraftforge.fml.loading.moddiscovery.ModFile/LOADING]: Loading mod file /workspaces/cosecha/servidor_minecraft/mods/Hearths v1.0.3 f12-71.jar with languages [LanguageSpec[languageName=lowcodefml, acceptedVersions=[1,)]]
[02Aug2025 00:49:12.697] [main/DEBUG] [net.minecraftforge.fml.loading.moddiscovery.ModFileParser/LOADING]: Considering mod file candidate /workspaces/cosecha/servidor_minecraft/mods/sons-of-sins-1.20.1-2.1.6.jar
[02Aug2025 00:49:12.697] [main/DEBUG] [net.minecraftforge.fml.loading.moddiscovery.ModFileInfo/LOADING]: Found valid mod file sons-of-sins-1.20.1-2.1.6.jar with {sons_of_sins} mods - versions {2.1.6}
[02Aug2025 00:49:12.697] [main/DEBUG] [net.minecraftforge.fml.loading.moddiscovery.ModFile/LOADING]: Loading mod file /workspaces/cosecha/servidor_minecraft/mods/sons-of-sins-1.20.1-2.1.6.jar with languages [LanguageSpec[languageName=javafml, acceptedVersions=[47,)]]
[02Aug2025 00:49:12.698] [main/DEBUG] [net.minecraftforge.fml.loading.moddiscovery.ModFileInfo/LOADING]: Found valid mod file server-1.20.1-20230612.114412-srg.jar with {minecraft} mods - versions {1.20.1}
[02Aug2025 00:49:12.698] [main/DEBUG] [net.minecraftforge.fml.loading.moddiscovery.ModFile/LOADING]: Loading mod file /workspaces/cosecha/servidor_minecraft/libraries/net/minecraft/server/1.20.1-20230612.114412/server-1.20.1-20230612.114412-srg.jar with languages [LanguageSpec[languageName=minecraft, acceptedVersions=1]]
[02Aug2025 00:49:12.698] [main/DEBUG] [net.minecraftforge.fml.loading.moddiscovery.ModFileParser/LOADING]: Considering mod file candidate /workspaces/cosecha/servidor_minecraft/mods/netherdungeons-1.1.0-snapshot4.jar
[02Aug2025 00:49:12.699] [main/DEBUG] [net.minecraftforge.fml.loading.moddiscovery.ModFileInfo/LOADING]: Found valid mod file netherdungeons-1.1.0-snapshot4.jar with {netherdungeons} mods - versions {1.1.0-snapshot4}
[02Aug2025 00:49:12.699] [main/DEBUG] [net.minecraftforge.fml.loading.moddiscovery.ModFile/LOADING]: Loading mod file /workspaces/cosecha/servidor_minecraft/mods/netherdungeons-1.1.0-snapshot4.jar with languages [LanguageSpec[languageName=javafml, acceptedVersions=[47,)]]
[02Aug2025 00:49:12.699] [main/DEBUG] [net.minecraftforge.fml.loading.moddiscovery.ModFileParser/LOADING]: Considering mod file candidate /workspaces/cosecha/servidor_minecraft/mods/TaxCastlePillager+M.1.20.1+ForM.1.0.1.jar
[02Aug2025 00:49:12.700] [main/DEBUG] [net.minecraftforge.fml.loading.moddiscovery.ModFileInfo/LOADING]: Found valid mod file TaxCastlePillager+M.1.20.1+ForM.1.0.1.jar with {taxcp} mods - versions {1.0.1}
[02Aug2025 00:49:12.700] [main/DEBUG] [net.minecraftforge.fml.loading.moddiscovery.ModFile/LOADING]: Loading mod file /workspaces/cosecha/servidor_minecraft/mods/TaxCastlePillager+M.1.20.1+ForM.1.0.1.jar with languages [LanguageSpec[languageName=javafml, acceptedVersions=[47,)]]
[02Aug2025 00:49:12.700] [main/DEBUG] [net.minecraftforge.fml.loading.moddiscovery.ModFileParser/LOADING]: Considering mod file candidate /workspaces/cosecha/servidor_minecraft/mods/endrem_forge-5.3.3-R-1.20.1.jar
[02Aug2025 00:49:12.701] [main/DEBUG] [net.minecraftforge.fml.loading.moddiscovery.ModFileInfo/LOADING]: Found valid mod file endrem_forge-5.3.3-R-1.20.1.jar with {endrem} mods - versions {5.3.3-R-1.20.1}
[02Aug2025 00:49:12.701] [main/DEBUG] [net.minecraftforge.fml.loading.moddiscovery.ModFile/LOADING]: Loading mod file /workspaces/cosecha/servidor_minecraft/mods/endrem_forge-5.3.3-R-1.20.1.jar with languages [LanguageSpec[languageName=javafml, acceptedVersions=[46,)]]
[02Aug2025 00:49:12.701] [main/DEBUG] [net.minecraftforge.fml.loading.moddiscovery.ModFileParser/LOADING]: Considering mod file candidate /workspaces/cosecha/servidor_minecraft/mods/Jade-1.20.1-forge-11.8.0.jar
[02Aug2025 00:49:12.702] [main/DEBUG] [net.minecraftforge.fml.loading.moddiscovery.ModFileInfo/LOADING]: Found valid mod file Jade-1.20.1-forge-11.8.0.jar with {jade} mods - versions {11.8.0}
[02Aug2025 00:49:12.703] [main/DEBUG] [net.minecraftforge.fml.loading.moddiscovery.ModFile/LOADING]: Loading mod file /workspaces/cosecha/servidor_minecraft/mods/Jade-1.20.1-forge-11.8.0.jar with languages [LanguageSpec[languageName=javafml, acceptedVersions=[46,)]]
[02Aug2025 00:49:12.704] [main/DEBUG] [net.minecraftforge.fml.loading.moddiscovery.ModFileParser/LOADING]: Considering mod file candidate /workspaces/cosecha/servidor_minecraft/mods/mofus_broken_constellation-0.9.0-forge-1.20.1.jar
[02Aug2025 00:49:12.704] [main/DEBUG] [net.minecraftforge.fml.loading.moddiscovery.ModFileInfo/LOADING]: Found valid mod file mofus_broken_constellation-0.9.0-forge-1.20.1.jar with {mofus_better_end_} mods - versions {1.0.0}
[02Aug2025 00:49:12.705] [main/DEBUG] [net.minecraftforge.fml.loading.moddiscovery.ModFile/LOADING]: Loading mod file /workspaces/cosecha/servidor_minecraft/mods/mofus_broken_constellation-0.9.0-forge-1.20.1.jar with languages [LanguageSpec[languageName=javafml, acceptedVersions=[47,)]]
[02Aug2025 00:49:12.705] [main/DEBUG] [net.minecraftforge.fml.loading.moddiscovery.ModFileParser/LOADING]: Considering mod file candidate /workspaces/cosecha/servidor_minecraft/mods/dungeons_plus-1.3.0-forge-1.20.1.jar
[02Aug2025 00:49:12.705] [main/DEBUG] [net.minecraftforge.fml.loading.moddiscovery.ModFileInfo/LOADING]: Found valid mod file dungeons_plus-1.3.0-forge-1.20.1.jar with {dungeons_plus} mods - versions {1.3.0}
[02Aug2025 00:49:12.705] [main/DEBUG] [net.minecraftforge.fml.loading.moddiscovery.ModFile/LOADING]: Loading mod file /workspaces/cosecha/servidor_minecraft/mods/dungeons_plus-1.3.0-forge-1.20.1.jar with languages [LanguageSpec[languageName=javafml, acceptedVersions=[47,)]]
[02Aug2025 00:49:12.705] [main/DEBUG] [net.minecraftforge.fml.loading.moddiscovery.ModFileParser/LOADING]: Considering mod file candidate /workspaces/cosecha/servidor_minecraft/mods/HopoBetterRuinedPortals-[1.20-1.20.2]-1.3.7b.jar
[02Aug2025 00:49:12.706] [main/DEBUG] [net.minecraftforge.fml.loading.moddiscovery.ModFileInfo/LOADING]: Found valid mod file HopoBetterRuinedPortals-[1.20-1.20.2]-1.3.7b.jar with {hoporp} mods - versions {1.3.7}
[02Aug2025 00:49:12.707] [main/DEBUG] [net.minecraftforge.fml.loading.moddiscovery.ModFile/LOADING]: Loading mod file /workspaces/cosecha/servidor_minecraft/mods/HopoBetterRuinedPortals-[1.20-1.20.2]-1.3.7b.jar with languages [LanguageSpec[languageName=javafml, acceptedVersions=[38,)]]
[02Aug2025 00:49:12.707] [main/DEBUG] [net.minecraftforge.fml.loading.moddiscovery.ModFileParser/LOADING]: Considering mod file candidate /workspaces/cosecha/servidor_minecraft/mods/bfendcities-1.0.jar
[02Aug2025 00:49:12.708] [main/DEBUG] [net.minecraftforge.fml.loading.moddiscovery.ModFileInfo/LOADING]: Found valid mod file bfendcities-1.0.jar with {bfendcities} mods - versions {1.0}
[02Aug2025 00:49:12.708] [main/DEBUG] [net.minecraftforge.fml.loading.moddiscovery.ModFile/LOADING]: Loading mod file /workspaces/cosecha/servidor_minecraft/mods/bfendcities-1.0.jar with languages [LanguageSpec[languageName=javafml, acceptedVersions=[40,)]]
[02Aug2025 00:49:12.709] [main/DEBUG] [net.minecraftforge.fml.loading.moddiscovery.ModFileParser/LOADING]: Considering mod file candidate /workspaces/cosecha/servidor_minecraft/mods/cleanswing-1.20-1.2.jar
[02Aug2025 00:49:12.709] [main/DEBUG] [net.minecraftforge.fml.loading.moddiscovery.ModFileInfo/LOADING]: Found valid mod file cleanswing-1.20-1.2.jar with {cleanswing} mods - versions {1.20-1.2}
[02Aug2025 00:49:12.709] [main/DEBUG] [net.minecraftforge.fml.loading.moddiscovery.ModFile/LOADING]: Loading mod file /workspaces/cosecha/servidor_minecraft/mods/cleanswing-1.20-1.2.jar with languages [LanguageSpec[languageName=javafml, acceptedVersions=[36,)]]
[02Aug2025 00:49:12.710] [main/DEBUG] [net.minecraftforge.fml.loading.moddiscovery.ModFileParser/LOADING]: Considering mod file candidate /workspaces/cosecha/servidor_minecraft/mods/dungeons_enhanced-1.20.1-5.3.0.jar
[02Aug2025 00:49:12.710] [main/DEBUG] [net.minecraftforge.fml.loading.moddiscovery.ModFileInfo/LOADING]: Found valid mod file dungeons_enhanced-1.20.1-5.3.0.jar with {dungeons_enhanced} mods - versions {5.3.0}
[02Aug2025 00:49:12.710] [main/DEBUG] [net.minecraftforge.fml.loading.moddiscovery.ModFile/LOADING]: Loading mod file /workspaces/cosecha/servidor_minecraft/mods/dungeons_enhanced-1.20.1-5.3.0.jar with languages [LanguageSpec[languageName=javafml, acceptedVersions=[47,)]]
[02Aug2025 00:49:12.710] [main/DEBUG] [net.minecraftforge.fml.loading.moddiscovery.ModFileParser/LOADING]: Considering mod file candidate /workspaces/cosecha/servidor_minecraft/mods/lionfishapi-1.9.jar
[02Aug2025 00:49:12.711] [main/DEBUG] [net.minecraftforge.fml.loading.moddiscovery.ModFileInfo/LOADING]: Found valid mod file lionfishapi-1.9.jar with {lionfishapi} mods - versions {1.9}
[02Aug2025 00:49:12.711] [main/DEBUG] [net.minecraftforge.fml.loading.moddiscovery.ModFile/LOADING]: Loading mod file /workspaces/cosecha/servidor_minecraft/mods/lionfishapi-1.9.jar with languages [LanguageSpec[languageName=javafml, acceptedVersions=[47,)]]
[02Aug2025 00:49:12.711] [main/DEBUG] [net.minecraftforge.fml.loading.moddiscovery.ModFileParser/LOADING]: Considering mod file candidate /workspaces/cosecha/servidor_minecraft/mods/CNB-1.20.1-1.5.8.jar
[02Aug2025 00:49:12.714] [main/DEBUG] [net.minecraftforge.fml.loading.moddiscovery.ModFileInfo/LOADING]: Found valid mod file CNB-1.20.1-1.5.8.jar with {cnb} mods - versions {1.5.8}
[02Aug2025 00:49:12.714] [main/DEBUG] [net.minecraftforge.fml.loading.moddiscovery.ModFile/LOADING]: Loading mod file /workspaces/cosecha/servidor_minecraft/mods/CNB-1.20.1-1.5.8.jar with languages [LanguageSpec[languageName=javafml, acceptedVersions=[47,47]]]
[02Aug2025 00:49:12.714] [main/DEBUG] [net.minecraftforge.fml.loading.moddiscovery.ModFileParser/LOADING]: Considering mod file candidate /workspaces/cosecha/servidor_minecraft/mods/curios-forge-5.10.0+1.20.1.jar
[02Aug2025 00:49:12.714] [main/DEBUG] [net.minecraftforge.fml.loading.moddiscovery.ModFileInfo/LOADING]: Found valid mod file curios-forge-5.10.0+1.20.1.jar with {curios} mods - versions {5.10.0+1.20.1}
[02Aug2025 00:49:12.715] [main/DEBUG] [net.minecraftforge.fml.loading.moddiscovery.ModFile/LOADING]: Loading mod file /workspaces/cosecha/servidor_minecraft/mods/curios-forge-5.10.0+1.20.1.jar with languages [LanguageSpec[languageName=javafml, acceptedVersions=[41,)]]
[02Aug2025 00:49:12.715] [main/DEBUG] [net.minecraftforge.fml.loading.moddiscovery.ModFileParser/LOADING]: Considering mod file candidate /workspaces/cosecha/servidor_minecraft/mods/L_Enders_Cataclysm-2.16 - 1.20.1.jar
[02Aug2025 00:49:12.716] [main/DEBUG] [net.minecraftforge.fml.loading.moddiscovery.ModFileInfo/LOADING]: Found valid mod file L_Enders_Cataclysm-2.16 - 1.20.1.jar with {cataclysm} mods - versions {2.16}
[02Aug2025 00:49:12.716] [main/DEBUG] [net.minecraftforge.fml.loading.moddiscovery.ModFile/LOADING]: Loading mod file /workspaces/cosecha/servidor_minecraft/mods/L_Enders_Cataclysm-2.16 - 1.20.1.jar with languages [LanguageSpec[languageName=javafml, acceptedVersions=[36,)]]
[02Aug2025 00:49:12.716] [main/DEBUG] [net.minecraftforge.fml.loading.moddiscovery.ModFileParser/LOADING]: Considering mod file candidate /workspaces/cosecha/servidor_minecraft/mods/mes-1.3.4-1.20-forge.jar
[02Aug2025 00:49:12.717] [main/DEBUG] [net.minecraftforge.fml.loading.moddiscovery.ModFileInfo/LOADING]: Found valid mod file mes-1.3.4-1.20-forge.jar with {mes} mods - versions {1.3.4-1.20-forge}
[02Aug2025 00:49:12.717] [main/DEBUG] [net.minecraftforge.fml.loading.moddiscovery.ModFile/LOADING]: Loading mod file /workspaces/cosecha/servidor_minecraft/mods/mes-1.3.4-1.20-forge.jar with languages [LanguageSpec[languageName=javafml, acceptedVersions=[46,)]]
[02Aug2025 00:49:12.717] [main/DEBUG] [net.minecraftforge.fml.loading.moddiscovery.ModFileParser/LOADING]: Considering mod file candidate /workspaces/cosecha/servidor_minecraft/mods/collective-1.20.1-7.56.jar
[02Aug2025 00:49:12.718] [main/DEBUG] [net.minecraftforge.fml.loading.moddiscovery.ModFileInfo/LOADING]: Found valid mod file collective-1.20.1-7.56.jar with {collective} mods - versions {7.56}
[02Aug2025 00:49:12.718] [main/DEBUG] [net.minecraftforge.fml.loading.moddiscovery.ModFile/LOADING]: Loading mod file /workspaces/cosecha/servidor_minecraft/mods/collective-1.20.1-7.56.jar with languages [LanguageSpec[languageName=javafml, acceptedVersions=*]]
[02Aug2025 00:49:12.718] [main/DEBUG] [net.minecraftforge.fml.loading.moddiscovery.ModFileParser/LOADING]: Considering mod file candidate /workspaces/cosecha/servidor_minecraft/mods/CerbonsApi-Forge-1.20.1-1.0.0.jar
[02Aug2025 00:49:12.719] [main/DEBUG] [net.minecraftforge.fml.loading.moddiscovery.ModFileInfo/LOADING]: Found valid mod file CerbonsApi-Forge-1.20.1-1.0.0.jar with {cerbons_api} mods - versions {1.0.0}
[02Aug2025 00:49:12.719] [main/DEBUG] [net.minecraftforge.fml.loading.moddiscovery.ModFile/LOADING]: Loading mod file /workspaces/cosecha/servidor_minecraft/mods/CerbonsApi-Forge-1.20.1-1.0.0.jar with languages [LanguageSpec[languageName=javafml, acceptedVersions=[47,)]]
[02Aug2025 00:49:12.719] [main/DEBUG] [net.minecraftforge.fml.loading.moddiscovery.ModFileParser/LOADING]: Considering mod file candidate /workspaces/cosecha/servidor_minecraft/mods/The Crop Reaping Mod-1.20.1-2.1.jar
[02Aug2025 00:49:12.719] [main/DEBUG] [net.minecraftforge.fml.loading.moddiscovery.ModFileInfo/LOADING]: Found valid mod file The Crop Reaping Mod-1.20.1-2.1.jar with {tcrm} mods - versions {2.1}
[02Aug2025 00:49:12.719] [main/DEBUG] [net.minecraftforge.fml.loading.moddiscovery.ModFile/LOADING]: Loading mod file /workspaces/cosecha/servidor_minecraft/mods/The Crop Reaping Mod-1.20.1-2.1.jar with languages [LanguageSpec[languageName=javafml, acceptedVersions=[47,)]]
[02Aug2025 00:49:12.720] [main/DEBUG] [net.minecraftforge.fml.loading.moddiscovery.ModFileParser/LOADING]: Considering mod file candidate /workspaces/cosecha/servidor_minecraft/mods/legendarymonsters-1.4.6 MC 1.20.1.jar
[02Aug2025 00:49:12.720] [main/DEBUG] [net.minecraftforge.fml.loading.moddiscovery.ModFileInfo/LOADING]: Found valid mod file legendarymonsters-1.4.6 MC 1.20.1.jar with {legendary_monsters} mods - versions {1.20.1}
[02Aug2025 00:49:12.720] [main/DEBUG] [net.minecraftforge.fml.loading.moddiscovery.ModFile/LOADING]: Loading mod file /workspaces/cosecha/servidor_minecraft/mods/legendarymonsters-1.4.6 MC 1.20.1.jar with languages [LanguageSpec[languageName=javafml, acceptedVersions=[47,)]]
[02Aug2025 00:49:12.720] [main/DEBUG] [net.minecraftforge.fml.loading.moddiscovery.ModFileParser/LOADING]: Considering mod file candidate /workspaces/cosecha/servidor_minecraft/mods/dungeons-and-taverns-3.0.3.f[Forge].jar
[02Aug2025 00:49:12.721] [main/DEBUG] [net.minecraftforge.fml.loading.moddiscovery.ModFileInfo/LOADING]: Found valid mod file dungeons-and-taverns-3.0.3.f[Forge].jar with {mr_dungeons_andtaverns} mods - versions {3.0.3.f}
[02Aug2025 00:49:12.721] [main/DEBUG] [net.minecraftforge.fml.loading.moddiscovery.ModFile/LOADING]: Loading mod file /workspaces/cosecha/servidor_minecraft/mods/dungeons-and-taverns-3.0.3.f[Forge].jar with languages [LanguageSpec[languageName=lowcodefml, acceptedVersions=[40,)]]
[02Aug2025 00:49:12.721] [main/DEBUG] [net.minecraftforge.fml.loading.moddiscovery.ModFileParser/LOADING]: Considering mod file candidate /workspaces/cosecha/servidor_minecraft/mods/invhud.forge.1.20.1-3.4.18.jar
[02Aug2025 00:49:12.722] [main/DEBUG] [net.minecraftforge.fml.loading.moddiscovery.ModFileInfo/LOADING]: Found valid mod file invhud.forge.1.20.1-3.4.18.jar with {inventoryhud} mods - versions {3.4.18}
[02Aug2025 00:49:12.722] [main/DEBUG] [net.minecraftforge.fml.loading.moddiscovery.ModFile/LOADING]: Loading mod file /workspaces/cosecha/servidor_minecraft/mods/invhud.forge.1.20.1-3.4.18.jar with languages [LanguageSpec[languageName=javafml, acceptedVersions=[46,)]]
[02Aug2025 00:49:12.722] [main/DEBUG] [net.minecraftforge.fml.loading.moddiscovery.ModFileParser/LOADING]: Considering mod file candidate /workspaces/cosecha/servidor_minecraft/mods/tombstone-1.20.1-8.9.0.jar
[02Aug2025 00:49:12.722] [main/DEBUG] [net.minecraftforge.fml.loading.moddiscovery.ModFileInfo/LOADING]: Found valid mod file tombstone-1.20.1-8.9.0.jar with {tombstone} mods - versions {8.9.0}
[02Aug2025 00:49:12.723] [main/DEBUG] [net.minecraftforge.fml.loading.moddiscovery.ModFile/LOADING]: Loading mod file /workspaces/cosecha/servidor_minecraft/mods/tombstone-1.20.1-8.9.0.jar with languages [LanguageSpec[languageName=javafml, acceptedVersions=[46,)]]
[02Aug2025 00:49:12.723] [main/DEBUG] [net.minecraftforge.fml.loading.moddiscovery.ModFileParser/LOADING]: Considering mod file candidate /workspaces/cosecha/servidor_minecraft/mods/qraftys-end-villages-1.jar
[02Aug2025 00:49:12.723] [main/DEBUG] [net.minecraftforge.fml.loading.moddiscovery.ModFileInfo/LOADING]: Found valid mod file qraftys-end-villages-1.jar with {mr_qraftys_endvillages} mods - versions {1}
[02Aug2025 00:49:12.723] [main/DEBUG] [net.minecraftforge.fml.loading.moddiscovery.ModFile/LOADING]: Loading mod file /workspaces/cosecha/servidor_minecraft/mods/qraftys-end-villages-1.jar with languages [LanguageSpec[languageName=lowcodefml, acceptedVersions=[40,)]]
[02Aug2025 00:49:12.723] [main/DEBUG] [net.minecraftforge.fml.loading.moddiscovery.ModFileParser/LOADING]: Considering mod file candidate /workspaces/cosecha/servidor_minecraft/mods/tlc_forge-1.0.3-R-1.20.X.jar
[02Aug2025 00:49:12.724] [main/DEBUG] [net.minecraftforge.fml.loading.moddiscovery.ModFileInfo/LOADING]: Found valid mod file tlc_forge-1.0.3-R-1.20.X.jar with {tlc} mods - versions {1.0.2}
[02Aug2025 00:49:12.724] [main/DEBUG] [net.minecraftforge.fml.loading.moddiscovery.ModFile/LOADING]: Loading mod file /workspaces/cosecha/servidor_minecraft/mods/tlc_forge-1.0.3-R-1.20.X.jar with languages [LanguageSpec[languageName=javafml, acceptedVersions=[41,)]]
[02Aug2025 00:49:12.724] [main/DEBUG] [net.minecraftforge.fml.loading.moddiscovery.ModFileParser/LOADING]: Considering mod file candidate /workspaces/cosecha/servidor_minecraft/mods/tru.e-ending-v1.1.0c.jar
[02Aug2025 00:49:12.725] [main/DEBUG] [net.minecraftforge.fml.loading.moddiscovery.ModFileInfo/LOADING]: Found valid mod file tru.e-ending-v1.1.0c.jar with {mr_limesplatus_ending} mods - versions {1-v1.1.0c}
[02Aug2025 00:49:12.725] [main/DEBUG] [net.minecraftforge.fml.loading.moddiscovery.ModFile/LOADING]: Loading mod file /workspaces/cosecha/servidor_minecraft/mods/tru.e-ending-v1.1.0c.jar with languages [LanguageSpec[languageName=lowcodefml, acceptedVersions=[40,)]]
[02Aug2025 00:49:12.725] [main/DEBUG] [net.minecraftforge.fml.loading.moddiscovery.ModFileParser/LOADING]: Considering mod file candidate /workspaces/cosecha/servidor_minecraft/mods/AME's Mobs 1.4.1 - 1.20.1.jar
[02Aug2025 00:49:12.725] [main/DEBUG] [net.minecraftforge.fml.loading.moddiscovery.ModFileInfo/LOADING]: Found valid mod file AME's Mobs 1.4.1 - 1.20.1.jar with {animatedmobsmod} mods - versions {1.0.0}
[02Aug2025 00:49:12.725] [main/DEBUG] [net.minecraftforge.fml.loading.moddiscovery.ModFile/LOADING]: Loading mod file /workspaces/cosecha/servidor_minecraft/mods/AME's Mobs 1.4.1 - 1.20.1.jar with languages [LanguageSpec[languageName=javafml, acceptedVersions=[47,)]]
[02Aug2025 00:49:12.725] [main/DEBUG] [net.minecraftforge.fml.loading.moddiscovery.ModFileParser/LOADING]: Considering mod file candidate /workspaces/cosecha/servidor_minecraft/mods/globalxp-forge-1.20.1-1.11.jar
[02Aug2025 00:49:12.726] [main/DEBUG] [net.minecraftforge.fml.loading.moddiscovery.ModFileInfo/LOADING]: Found valid mod file globalxp-forge-1.20.1-1.11.jar with {globalxp} mods - versions {1.11}
[02Aug2025 00:49:12.726] [main/DEBUG] [net.minecraftforge.fml.loading.moddiscovery.ModFile/LOADING]: Loading mod file /workspaces/cosecha/servidor_minecraft/mods/globalxp-forge-1.20.1-1.11.jar with languages [LanguageSpec[languageName=javafml, acceptedVersions=[46,)]]
[02Aug2025 00:49:12.726] [main/DEBUG] [net.minecraftforge.fml.loading.moddiscovery.ModFileParser/LOADING]: Considering mod file candidate /workspaces/cosecha/servidor_minecraft/mods/YungsBetterEndIsland-1.20-Forge-2.0.6.jar
[02Aug2025 00:49:12.727] [main/DEBUG] [net.minecraftforge.fml.loading.moddiscovery.ModFileInfo/LOADING]: Found valid mod file YungsBetterEndIsland-1.20-Forge-2.0.6.jar with {betterendisland} mods - versions {1.20-Forge-2.0.6}
[02Aug2025 00:49:12.727] [main/DEBUG] [net.minecraftforge.fml.loading.moddiscovery.ModFile/LOADING]: Loading mod file /workspaces/cosecha/servidor_minecraft/mods/YungsBetterEndIsland-1.20-Forge-2.0.6.jar with languages [LanguageSpec[languageName=javafml, acceptedVersions=[46,)]]
[02Aug2025 00:49:12.727] [main/DEBUG] [net.minecraftforge.fml.loading.moddiscovery.ModFileParser/LOADING]: Considering mod file candidate /workspaces/cosecha/servidor_minecraft/mods/extra_dungeons-1.0.4-forge-1.20.1.jar
[02Aug2025 00:49:12.727] [main/DEBUG] [net.minecraftforge.fml.loading.moddiscovery.ModFileInfo/LOADING]: Found valid mod file extra_dungeons-1.0.4-forge-1.20.1.jar with {extra_dungeons} mods - versions {1.0.4}
[02Aug2025 00:49:12.727] [main/DEBUG] [net.minecraftforge.fml.loading.moddiscovery.ModFile/LOADING]: Loading mod file /workspaces/cosecha/servidor_minecraft/mods/extra_dungeons-1.0.4-forge-1.20.1.jar with languages [LanguageSpec[languageName=javafml, acceptedVersions=[47,)]]
[02Aug2025 00:49:12.727] [main/DEBUG] [net.minecraftforge.fml.loading.moddiscovery.ModFileParser/LOADING]: Considering mod file candidate /workspaces/cosecha/servidor_minecraft/mods/justzoom_forge_1.0.2_MC_1.20.1.jar
[02Aug2025 00:49:12.728] [main/DEBUG] [net.minecraftforge.fml.loading.moddiscovery.ModFileInfo/LOADING]: Found valid mod file justzoom_forge_1.0.2_MC_1.20.1.jar with {justzoom} mods - versions {1.0.2}
[02Aug2025 00:49:12.728] [main/DEBUG] [net.minecraftforge.fml.loading.moddiscovery.ModFile/LOADING]: Loading mod file /workspaces/cosecha/servidor_minecraft/mods/justzoom_forge_1.0.2_MC_1.20.1.jar with languages [LanguageSpec[languageName=javafml, acceptedVersions=[47,)]]
[02Aug2025 00:49:12.728] [main/DEBUG] [net.minecraftforge.fml.loading.moddiscovery.ModFileParser/LOADING]: Considering mod file candidate /workspaces/cosecha/servidor_minecraft/mods/mns-1.0.3-1.20-forge.jar
[02Aug2025 00:49:12.728] [main/DEBUG] [net.minecraftforge.fml.loading.moddiscovery.ModFileInfo/LOADING]: Found valid mod file mns-1.0.3-1.20-forge.jar with {mns} mods - versions {1.0.3-1.20-forge}
[02Aug2025 00:49:12.729] [main/DEBUG] [net.minecraftforge.fml.loading.moddiscovery.ModFile/LOADING]: Loading mod file /workspaces/cosecha/servidor_minecraft/mods/mns-1.0.3-1.20-forge.jar with languages [LanguageSpec[languageName=javafml, acceptedVersions=[46,)]]
[02Aug2025 00:49:12.729] [main/DEBUG] [net.minecraftforge.fml.loading.moddiscovery.ModFileParser/LOADING]: Considering mod file candidate /workspaces/cosecha/servidor_minecraft/mods/Luminous Nether V1.2.6 - Forge 1.20.1.jar
[02Aug2025 00:49:12.730] [main/DEBUG] [net.minecraftforge.fml.loading.moddiscovery.ModFileInfo/LOADING]: Found valid mod file Luminous Nether V1.2.6 - Forge 1.20.1.jar with {luminous_nether} mods - versions {1.2.6}
[02Aug2025 00:49:12.730] [main/DEBUG] [net.minecraftforge.fml.loading.moddiscovery.ModFile/LOADING]: Loading mod file /workspaces/cosecha/servidor_minecraft/mods/Luminous Nether V1.2.6 - Forge 1.20.1.jar with languages [LanguageSpec[languageName=javafml, acceptedVersions=[47,)]]
[02Aug2025 00:49:12.730] [main/DEBUG] [net.minecraftforge.fml.loading.moddiscovery.ModFileParser/LOADING]: Considering mod file candidate /workspaces/cosecha/servidor_minecraft/mods/scaffoldingdropsnearby-1.20.1-3.1.jar
[02Aug2025 00:49:12.731] [main/DEBUG] [net.minecraftforge.fml.loading.moddiscovery.ModFileInfo/LOADING]: Found valid mod file scaffoldingdropsnearby-1.20.1-3.1.jar with {scaffoldingdropsnearby} mods - versions {3.1}
[02Aug2025 00:49:12.731] [main/DEBUG] [net.minecraftforge.fml.loading.moddiscovery.ModFile/LOADING]: Loading mod file /workspaces/cosecha/servidor_minecraft/mods/scaffoldingdropsnearby-1.20.1-3.1.jar with languages [LanguageSpec[languageName=javafml, acceptedVersions=*]]
[02Aug2025 00:49:12.732] [main/DEBUG] [net.minecraftforge.fml.loading.moddiscovery.ModFileParser/LOADING]: Considering mod file candidate /workspaces/cosecha/servidor_minecraft/mods/hs_bosses-0.0.3.jar
[02Aug2025 00:49:12.734] [main/DEBUG] [net.minecraftforge.fml.loading.moddiscovery.ModFileInfo/LOADING]: Found valid mod file hs_bosses-0.0.3.jar with {hs_bosses} mods - versions {1.0.0}
[02Aug2025 00:49:12.734] [main/DEBUG] [net.minecraftforge.fml.loading.moddiscovery.ModFile/LOADING]: Loading mod file /workspaces/cosecha/servidor_minecraft/mods/hs_bosses-0.0.3.jar with languages [LanguageSpec[languageName=javafml, acceptedVersions=[47,)]]
[02Aug2025 00:49:12.734] [main/DEBUG] [net.minecraftforge.fml.loading.moddiscovery.ModFile/LOADING]: Loading mod file  with languages []
[02Aug2025 00:49:12.735] [main/DEBUG] [net.minecraftforge.fml.loading.moddiscovery.ModFileParser/LOADING]: Considering mod file candidate 
[02Aug2025 00:49:12.738] [main/DEBUG] [net.minecraftforge.fml.loading.moddiscovery.ModFileInfo/LOADING]: Found valid mod file mixinextras-forge-0.4.1.jar with {mixinextras} mods - versions {0.4.1}
[02Aug2025 00:49:12.738] [main/DEBUG] [net.minecraftforge.fml.loading.moddiscovery.ModFile/LOADING]: Loading mod file  with languages [LanguageSpec[languageName=javafml, acceptedVersions=*]]
[02Aug2025 00:49:12.738] [main/DEBUG] [net.minecraftforge.fml.loading.moddiscovery.ModFile/LOADING]: Loading mod file  with languages []
[02Aug2025 00:49:12.739] [main/DEBUG] [net.minecraftforge.fml.loading.moddiscovery.ModFile/LOADING]: Loading mod file  with languages []
[02Aug2025 00:49:12.739] [main/DEBUG] [net.minecraftforge.fml.loading.moddiscovery.ModFileParser/LOADING]: Considering mod file candidate 
[02Aug2025 00:49:12.739] [main/DEBUG] [net.minecraftforge.fml.loading.moddiscovery.ModFileInfo/LOADING]: Found valid mod file mixinextras-forge-0.4.1.jar with {mixinextras} mods - versions {0.4.1}
[02Aug2025 00:49:12.739] [main/DEBUG] [net.minecraftforge.fml.loading.moddiscovery.ModFile/LOADING]: Loading mod file  with languages [LanguageSpec[languageName=javafml, acceptedVersions=*]]
[02Aug2025 00:49:12.739] [main/DEBUG] [net.minecraftforge.fml.loading.moddiscovery.ModFile/LOADING]: Loading mod file  with languages []
[02Aug2025 00:49:12.740] [main/DEBUG] [cpw.mods.modlauncher.TransformationServiceDecorator/MODLAUNCHER]: End scan trigger - transformation service fml
[02Aug2025 00:49:12.751] [main/DEBUG] [net.minecraftforge.fml.loading.LanguageLoadingProvider/CORE]: Found 3 language providers
[02Aug2025 00:49:12.752] [main/DEBUG] [net.minecraftforge.fml.loading.LanguageLoadingProvider/CORE]: Found language provider minecraft, version 1.0
[02Aug2025 00:49:12.752] [main/DEBUG] [net.minecraftforge.fml.loading.LanguageLoadingProvider/CORE]: Found language provider lowcodefml, version 47
[02Aug2025 00:49:12.753] [main/DEBUG] [net.minecraftforge.fml.loading.LanguageLoadingProvider/CORE]: Found language provider javafml, version 47
[02Aug2025 00:49:12.756] [main/DEBUG] [net.minecraftforge.fml.loading.UniqueModListBuilder/]: Found 2 mods for first modid mclib, selecting most recent based on version data
[02Aug2025 00:49:12.757] [main/DEBUG] [net.minecraftforge.fml.loading.UniqueModListBuilder/]: Selected file mclib-20.jar for modid mclib with version 0.0NONE
[02Aug2025 00:49:12.757] [main/DEBUG] [net.minecraftforge.fml.loading.UniqueModListBuilder/]: Found 2 mods for first modid mixinextras, selecting most recent based on version data
[02Aug2025 00:49:12.757] [main/DEBUG] [net.minecraftforge.fml.loading.UniqueModListBuilder/]: Selected file mixinextras-forge-0.4.1.jar for modid mixinextras with version 0.4.1
[02Aug2025 00:49:12.757] [main/DEBUG] [net.minecraftforge.fml.loading.UniqueModListBuilder/]: Found 2 mods for first modid MixinExtras, selecting most recent based on version data
[02Aug2025 00:49:12.758] [main/DEBUG] [net.minecraftforge.fml.loading.UniqueModListBuilder/]: Selected file MixinExtras-0.4.1.jar for modid MixinExtras with version 0.0NONE
[02Aug2025 00:49:12.760] [main/DEBUG] [net.minecraftforge.fml.loading.ModSorter/]: Configured system mods: [minecraft, forge]
[02Aug2025 00:49:12.760] [main/DEBUG] [net.minecraftforge.fml.loading.ModSorter/]: Found system mod: minecraft
[02Aug2025 00:49:12.760] [main/DEBUG] [net.minecraftforge.fml.loading.ModSorter/]: Found system mod: forge
[02Aug2025 00:49:12.765] [main/DEBUG] [net.minecraftforge.fml.loading.ModSorter/LOADING]: Found 156 mod requirements (138 mandatory, 18 optional)
[02Aug2025 00:49:12.767] [main/DEBUG] [net.minecraftforge.fml.loading.ModSorter/LOADING]: Found 0 mod requirements missing (0 mandatory, 0 optional)
[02Aug2025 00:49:13.261] [main/DEBUG] [cpw.mods.modlauncher.TransformationServicesHandler/MODLAUNCHER]: Transformation services loading transformers
[02Aug2025 00:49:13.262] [main/DEBUG] [cpw.mods.modlauncher.TransformationServiceDecorator/MODLAUNCHER]: Initializing transformers for transformation service mixin
[02Aug2025 00:49:13.263] [main/DEBUG] [cpw.mods.modlauncher.TransformationServiceDecorator/MODLAUNCHER]: Initialized transformers for transformation service mixin
[02Aug2025 00:49:13.263] [main/DEBUG] [cpw.mods.modlauncher.TransformationServiceDecorator/MODLAUNCHER]: Initializing transformers for transformation service fml
[02Aug2025 00:49:13.263] [main/DEBUG] [net.minecraftforge.fml.loading.FMLServiceProvider/CORE]: Loading coremod transformers
[02Aug2025 00:49:13.263] [main/DEBUG] [net.minecraftforge.coremod.CoreModEngine/COREMOD]: Loading CoreMod from potion-effects-shift.js
[02Aug2025 00:49:13.555] [main/DEBUG] [net.minecraftforge.coremod.CoreModEngine/COREMOD]: CoreMod loaded successfully
[02Aug2025 00:49:13.557] [main/DEBUG] [net.minecraftforge.coremod.CoreModEngine/COREMOD]: Loading CoreMod from coremods/field_to_method.js
[02Aug2025 00:49:13.594] [main/DEBUG] [net.minecraftforge.coremod.CoreModEngine/COREMOD]: CoreMod loaded successfully
[02Aug2025 00:49:13.594] [main/DEBUG] [net.minecraftforge.coremod.CoreModEngine/COREMOD]: Loading CoreMod from coremods/field_to_instanceof.js
[02Aug2025 00:49:13.679] [main/DEBUG] [net.minecraftforge.coremod.CoreModEngine/COREMOD]: CoreMod loaded successfully
[02Aug2025 00:49:13.682] [main/DEBUG] [net.minecraftforge.coremod.CoreModEngine/COREMOD]: Loading CoreMod from coremods/add_bouncer_method.js
[02Aug2025 00:49:13.746] [main/DEBUG] [net.minecraftforge.coremod.CoreModEngine/COREMOD]: CoreMod loaded successfully
[02Aug2025 00:49:13.749] [main/DEBUG] [net.minecraftforge.coremod.CoreModEngine/COREMOD]: Loading CoreMod from coremods/method_redirector.js
[02Aug2025 00:49:13.866] [main/DEBUG] [net.minecraftforge.coremod.CoreModEngine/COREMOD]: CoreMod loaded successfully
[02Aug2025 00:49:13.880] [main/DEBUG] [cpw.mods.modlauncher.TransformStore/MODLAUNCHER]: Adding transformer net.minecraftforge.coremod.transformer.CoreModClassTransformer@687e6293 to Target : CLASS {Lnet/minecraft/world/level/biome/Biome;} {} {V}
[02Aug2025 00:49:13.881] [main/DEBUG] [cpw.mods.modlauncher.TransformStore/MODLAUNCHER]: Adding transformer net.minecraftforge.coremod.transformer.CoreModClassTransformer@60e06f7d to Target : CLASS {Lnet/minecraft/world/level/levelgen/structure/Structure;} {} {V}
[02Aug2025 00:49:13.882] [main/DEBUG] [cpw.mods.modlauncher.TransformStore/MODLAUNCHER]: Adding transformer net.minecraftforge.coremod.transformer.CoreModClassTransformer@66a5755 to Target : CLASS {Lnet/minecraft/world/effect/MobEffectInstance;} {} {V}
[02Aug2025 00:49:13.882] [main/DEBUG] [cpw.mods.modlauncher.TransformStore/MODLAUNCHER]: Adding transformer net.minecraftforge.coremod.transformer.CoreModClassTransformer@771a7d53 to Target : CLASS {Lnet/minecraft/world/level/block/LiquidBlock;} {} {V}
[02Aug2025 00:49:13.882] [main/DEBUG] [cpw.mods.modlauncher.TransformStore/MODLAUNCHER]: Adding transformer net.minecraftforge.coremod.transformer.CoreModClassTransformer@6d6d480c to Target : CLASS {Lnet/minecraft/world/item/BucketItem;} {} {V}
[02Aug2025 00:49:13.882] [main/DEBUG] [cpw.mods.modlauncher.TransformStore/MODLAUNCHER]: Adding transformer net.minecraftforge.coremod.transformer.CoreModClassTransformer@e95595b to Target : CLASS {Lnet/minecraft/world/level/block/StairBlock;} {} {V}
[02Aug2025 00:49:13.883] [main/DEBUG] [cpw.mods.modlauncher.TransformStore/MODLAUNCHER]: Adding transformer net.minecraftforge.coremod.transformer.CoreModClassTransformer@5a917723 to Target : CLASS {Lnet/minecraft/world/level/block/FlowerPotBlock;} {} {V}
[02Aug2025 00:49:13.883] [main/DEBUG] [cpw.mods.modlauncher.TransformStore/MODLAUNCHER]: Adding transformer net.minecraftforge.coremod.transformer.CoreModClassTransformer@7e4579c7 to Target : CLASS {Lnet/minecraft/world/item/ItemStack;} {} {V}
[02Aug2025 00:49:13.883] [main/DEBUG] [cpw.mods.modlauncher.TransformStore/MODLAUNCHER]: Adding transformer net.minecraftforge.coremod.transformer.CoreModClassTransformer@796f632b to Target : CLASS {Lnet/minecraft/network/play/client/CClientSettingsPacket;} {} {V}
[02Aug2025 00:49:13.883] [main/DEBUG] [cpw.mods.modlauncher.TransformStore/MODLAUNCHER]: Adding transformer net.minecraftforge.coremod.transformer.CoreModClassTransformer@5d94a2dc to Target : CLASS {Lnet/minecraft/world/entity/npc/Villager;} {} {V}
[02Aug2025 00:49:13.883] [main/DEBUG] [cpw.mods.modlauncher.TransformStore/MODLAUNCHER]: Adding transformer net.minecraftforge.coremod.transformer.CoreModClassTransformer@5d94a2dc to Target : CLASS {Lnet/minecraft/world/entity/monster/Strider;} {} {V}
[02Aug2025 00:49:13.884] [main/DEBUG] [cpw.mods.modlauncher.TransformStore/MODLAUNCHER]: Adding transformer net.minecraftforge.coremod.transformer.CoreModClassTransformer@5d94a2dc to Target : CLASS {Lnet/minecraft/world/entity/animal/horse/SkeletonTrapGoal;} {} {V}
[02Aug2025 00:49:13.884] [main/DEBUG] [cpw.mods.modlauncher.TransformStore/MODLAUNCHER]: Adding transformer net.minecraftforge.coremod.transformer.CoreModClassTransformer@5d94a2dc to Target : CLASS {Lnet/minecraft/world/level/NaturalSpawner;} {} {V}
[02Aug2025 00:49:13.884] [main/DEBUG] [cpw.mods.modlauncher.TransformStore/MODLAUNCHER]: Adding transformer net.minecraftforge.coremod.transformer.CoreModClassTransformer@5d94a2dc to Target : CLASS {Lnet/minecraft/world/entity/monster/ZombieVillager;} {} {V}
[02Aug2025 00:49:13.884] [main/DEBUG] [cpw.mods.modlauncher.TransformStore/MODLAUNCHER]: Adding transformer net.minecraftforge.coremod.transformer.CoreModClassTransformer@5d94a2dc to Target : CLASS {Lnet/minecraft/world/entity/raid/Raid;} {} {V}
[02Aug2025 00:49:13.884] [main/DEBUG] [cpw.mods.modlauncher.TransformStore/MODLAUNCHER]: Adding transformer net.minecraftforge.coremod.transformer.CoreModClassTransformer@5d94a2dc to Target : CLASS {Lnet/minecraft/world/entity/monster/Spider;} {} {V}
[02Aug2025 00:49:13.884] [main/DEBUG] [cpw.mods.modlauncher.TransformStore/MODLAUNCHER]: Adding transformer net.minecraftforge.coremod.transformer.CoreModClassTransformer@5d94a2dc to Target : CLASS {Lnet/minecraft/world/level/levelgen/PatrolSpawner;} {} {V}
[02Aug2025 00:49:13.884] [main/DEBUG] [cpw.mods.modlauncher.TransformStore/MODLAUNCHER]: Adding transformer net.minecraftforge.coremod.transformer.CoreModClassTransformer@5d94a2dc to Target : CLASS {Lnet/minecraft/world/level/levelgen/PhantomSpawner;} {} {V}
[02Aug2025 00:49:13.885] [main/DEBUG] [cpw.mods.modlauncher.TransformStore/MODLAUNCHER]: Adding transformer net.minecraftforge.coremod.transformer.CoreModClassTransformer@5d94a2dc to Target : CLASS {Lnet/minecraft/world/entity/EntityType;} {} {V}
[02Aug2025 00:49:13.885] [main/DEBUG] [cpw.mods.modlauncher.TransformStore/MODLAUNCHER]: Adding transformer net.minecraftforge.coremod.transformer.CoreModClassTransformer@5d94a2dc to Target : CLASS {Lnet/minecraft/world/entity/npc/CatSpawner;} {} {V}
[02Aug2025 00:49:13.885] [main/DEBUG] [cpw.mods.modlauncher.TransformStore/MODLAUNCHER]: Adding transformer net.minecraftforge.coremod.transformer.CoreModClassTransformer@5d94a2dc to Target : CLASS {Lnet/minecraft/world/entity/monster/Zombie;} {} {V}
[02Aug2025 00:49:13.885] [main/DEBUG] [cpw.mods.modlauncher.TransformStore/MODLAUNCHER]: Adding transformer net.minecraftforge.coremod.transformer.CoreModClassTransformer@5d94a2dc to Target : CLASS {Lnet/minecraft/world/entity/monster/Evoker$EvokerSummonSpellGoal;} {} {V}
[02Aug2025 00:49:13.885] [main/DEBUG] [cpw.mods.modlauncher.TransformStore/MODLAUNCHER]: Adding transformer net.minecraftforge.coremod.transformer.CoreModClassTransformer@5d94a2dc to Target : CLASS {Lnet/minecraft/world/level/levelgen/structure/structures/WoodlandMansionPieces$WoodlandMansionPiece;} {} {V}
[02Aug2025 00:49:13.885] [main/DEBUG] [cpw.mods.modlauncher.TransformStore/MODLAUNCHER]: Adding transformer net.minecraftforge.coremod.transformer.CoreModClassTransformer@5d94a2dc to Target : CLASS {Lnet/minecraft/server/commands/SummonCommand;} {} {V}
[02Aug2025 00:49:13.885] [main/DEBUG] [cpw.mods.modlauncher.TransformStore/MODLAUNCHER]: Adding transformer net.minecraftforge.coremod.transformer.CoreModClassTransformer@5d94a2dc to Target : CLASS {Lnet/minecraft/world/level/levelgen/structure/templatesystem/StructureTemplate;} {} {V}
[02Aug2025 00:49:13.886] [main/DEBUG] [cpw.mods.modlauncher.TransformStore/MODLAUNCHER]: Adding transformer net.minecraftforge.coremod.transformer.CoreModClassTransformer@5d94a2dc to Target : CLASS {Lnet/minecraft/world/entity/ai/village/VillageSiege;} {} {V}
[02Aug2025 00:49:13.886] [main/DEBUG] [cpw.mods.modlauncher.TransformStore/MODLAUNCHER]: Adding transformer net.minecraftforge.coremod.transformer.CoreModClassTransformer@5d94a2dc to Target : CLASS {Lnet/minecraft/world/level/levelgen/structure/structures/SwampHutPiece;} {} {V}
[02Aug2025 00:49:13.886] [main/DEBUG] [cpw.mods.modlauncher.TransformStore/MODLAUNCHER]: Adding transformer net.minecraftforge.coremod.transformer.CoreModClassTransformer@5d94a2dc to Target : CLASS {Lnet/minecraft/world/level/levelgen/structure/structures/OceanMonumentPieces$OceanMonumentPiece;} {} {V}
[02Aug2025 00:49:13.886] [main/DEBUG] [cpw.mods.modlauncher.TransformStore/MODLAUNCHER]: Adding transformer net.minecraftforge.coremod.transformer.CoreModClassTransformer@5d94a2dc to Target : CLASS {Lnet/minecraft/world/level/levelgen/structure/structures/OceanRuinPieces$OceanRuinPiece;} {} {V}
[02Aug2025 00:49:13.886] [main/DEBUG] [cpw.mods.modlauncher.TransformStore/MODLAUNCHER]: Adding transformer net.minecraftforge.coremod.transformer.CoreModClassTransformer@5d94a2dc to Target : CLASS {Lnet/minecraft/world/entity/animal/frog/Tadpole;} {} {V}
[02Aug2025 00:49:13.886] [main/DEBUG] [cpw.mods.modlauncher.TransformStore/MODLAUNCHER]: Adding transformer net.minecraftforge.coremod.transformer.CoreModClassTransformer@5d94a2dc to Target : CLASS {Lnet/minecraft/server/commands/RaidCommand;} {} {V}
[02Aug2025 00:49:13.886] [main/DEBUG] [cpw.mods.modlauncher.TransformStore/MODLAUNCHER]: Adding transformer net.minecraftforge.coremod.transformer.CoreModMethodTransformer@59b32539 to Target : METHOD {Lnet/minecraft/client/gui/Gui;} {m_93028_} {(Lcom/mojang/blaze3d/vertex/PoseStack;)V}
[02Aug2025 00:49:13.886] [main/DEBUG] [cpw.mods.modlauncher.TransformationServiceDecorator/MODLAUNCHER]: Initialized transformers for transformation service fml
[02Aug2025 00:49:15.533] [main/DEBUG] [mixin/]: Processing prepare() for PlatformAgent[MixinPlatformAgentDefault:ModLauncher Root Container(ModLauncher:4f56a0a2)]
[02Aug2025 00:49:15.534] [main/DEBUG] [mixin/]: Processing launch tasks for PlatformAgent[MixinPlatformAgentDefault:ModLauncher Root Container(ModLauncher:4f56a0a2)]
[02Aug2025 00:49:15.534] [main/DEBUG] [mixin/]: Adding mixin platform agents for container SecureJarResource(betterdungeons)
[02Aug2025 00:49:15.534] [main/DEBUG] [mixin/]: Instancing new MixinPlatformAgentMinecraftForge for SecureJarResource(betterdungeons)
[02Aug2025 00:49:15.535] [main/DEBUG] [mixin/]: MixinPlatformAgentMinecraftForge rejected container SecureJarResource(betterdungeons)
[02Aug2025 00:49:15.535] [main/DEBUG] [mixin/]: Instancing new MixinPlatformAgentDefault for SecureJarResource(betterdungeons)
[02Aug2025 00:49:15.535] [main/DEBUG] [mixin/]: MixinPlatformAgentDefault accepted container SecureJarResource(betterdungeons)
[02Aug2025 00:49:15.535] [main/DEBUG] [mixin/]: Processing prepare() for PlatformAgent[MixinPlatformAgentDefault:SecureJarResource(betterdungeons)]
[02Aug2025 00:49:15.536] [main/DEBUG] [mixin/]: Registering mixin config: betterdungeons.mixins.json
[02Aug2025 00:49:15.554] [main/DEBUG] [mixin/]: Compatibility level JAVA_17 specified by betterdungeons.mixins.json is higher than the maximum level supported by this version of mixin (JAVA_13).
[02Aug2025 00:49:15.559] [main/INFO] [mixin/]: Compatibility level set to JAVA_17
[02Aug2025 00:49:15.560] [main/DEBUG] [mixin/]: Registering mixin config: betterdungeons_forge.mixins.json
[02Aug2025 00:49:15.563] [main/DEBUG] [mixin/]: Adding mixin platform agents for container SecureJarResource(ati_structures)
[02Aug2025 00:49:15.563] [main/DEBUG] [mixin/]: Instancing new MixinPlatformAgentMinecraftForge for SecureJarResource(ati_structures)
[02Aug2025 00:49:15.563] [main/DEBUG] [mixin/]: MixinPlatformAgentMinecraftForge rejected container SecureJarResource(ati_structures)
[02Aug2025 00:49:15.564] [main/DEBUG] [mixin/]: Instancing new MixinPlatformAgentDefault for SecureJarResource(ati_structures)
[02Aug2025 00:49:15.564] [main/DEBUG] [mixin/]: MixinPlatformAgentDefault accepted container SecureJarResource(ati_structures)
[02Aug2025 00:49:15.564] [main/DEBUG] [mixin/]: Processing prepare() for PlatformAgent[MixinPlatformAgentDefault:SecureJarResource(ati_structures)]
[02Aug2025 00:49:15.565] [main/DEBUG] [mixin/]: Adding mixin platform agents for container SecureJarResource(netherexp)
[02Aug2025 00:49:15.565] [main/DEBUG] [mixin/]: Instancing new MixinPlatformAgentMinecraftForge for SecureJarResource(netherexp)
[02Aug2025 00:49:15.565] [main/DEBUG] [mixin/]: MixinPlatformAgentMinecraftForge rejected container SecureJarResource(netherexp)
[02Aug2025 00:49:15.565] [main/DEBUG] [mixin/]: Instancing new MixinPlatformAgentDefault for SecureJarResource(netherexp)
[02Aug2025 00:49:15.566] [main/DEBUG] [mixin/]: MixinPlatformAgentDefault accepted container SecureJarResource(netherexp)
[02Aug2025 00:49:15.567] [main/DEBUG] [mixin/]: Processing prepare() for PlatformAgent[MixinPlatformAgentDefault:SecureJarResource(netherexp)]
[02Aug2025 00:49:15.567] [main/DEBUG] [mixin/]: Registering mixin config: mixins.netherexp.json
[02Aug2025 00:49:15.572] [main/DEBUG] [mixin/]: Adding mixin platform agents for container SecureJarResource(formationsnether)
[02Aug2025 00:49:15.572] [main/DEBUG] [mixin/]: Instancing new MixinPlatformAgentMinecraftForge for SecureJarResource(formationsnether)
[02Aug2025 00:49:15.573] [main/DEBUG] [mixin/]: MixinPlatformAgentMinecraftForge rejected container SecureJarResource(formationsnether)
[02Aug2025 00:49:15.573] [main/DEBUG] [mixin/]: Instancing new MixinPlatformAgentDefault for SecureJarResource(formationsnether)
[02Aug2025 00:49:15.573] [main/DEBUG] [mixin/]: MixinPlatformAgentDefault accepted container SecureJarResource(formationsnether)
[02Aug2025 00:49:15.573] [main/DEBUG] [mixin/]: Processing prepare() for PlatformAgent[MixinPlatformAgentDefault:SecureJarResource(formationsnether)]
[02Aug2025 00:49:15.574] [main/DEBUG] [mixin/]: Adding mixin platform agents for container SecureJarResource(elysium_api)
[02Aug2025 00:49:15.574] [main/DEBUG] [mixin/]: Instancing new MixinPlatformAgentMinecraftForge for SecureJarResource(elysium_api)
[02Aug2025 00:49:15.574] [main/DEBUG] [mixin/]: MixinPlatformAgentMinecraftForge rejected container SecureJarResource(elysium_api)
[02Aug2025 00:49:15.574] [main/DEBUG] [mixin/]: Instancing new MixinPlatformAgentDefault for SecureJarResource(elysium_api)
[02Aug2025 00:49:15.574] [main/DEBUG] [mixin/]: MixinPlatformAgentDefault accepted container SecureJarResource(elysium_api)
[02Aug2025 00:49:15.575] [main/DEBUG] [mixin/]: Processing prepare() for PlatformAgent[MixinPlatformAgentDefault:SecureJarResource(elysium_api)]
[02Aug2025 00:49:15.575] [main/DEBUG] [mixin/]: Registering mixin config: mixins.elysium_api.json
[02Aug2025 00:49:15.577] [main/DEBUG] [mixin/]: Adding mixin platform agents for container SecureJarResource(blazegear)
[02Aug2025 00:49:15.578] [main/DEBUG] [mixin/]: Instancing new MixinPlatformAgentMinecraftForge for SecureJarResource(blazegear)
[02Aug2025 00:49:15.578] [main/DEBUG] [mixin/]: MixinPlatformAgentMinecraftForge rejected container SecureJarResource(blazegear)
[02Aug2025 00:49:15.578] [main/DEBUG] [mixin/]: Instancing new MixinPlatformAgentDefault for SecureJarResource(blazegear)
[02Aug2025 00:49:15.578] [main/DEBUG] [mixin/]: MixinPlatformAgentDefault accepted container SecureJarResource(blazegear)
[02Aug2025 00:49:15.579] [main/DEBUG] [mixin/]: Processing prepare() for PlatformAgent[MixinPlatformAgentDefault:SecureJarResource(blazegear)]
[02Aug2025 00:49:15.579] [main/DEBUG] [mixin/]: Adding mixin platform agents for container SecureJarResource(nethers_exoticism)
[02Aug2025 00:49:15.579] [main/DEBUG] [mixin/]: Instancing new MixinPlatformAgentMinecraftForge for SecureJarResource(nethers_exoticism)
[02Aug2025 00:49:15.579] [main/DEBUG] [mixin/]: MixinPlatformAgentMinecraftForge rejected container SecureJarResource(nethers_exoticism)
[02Aug2025 00:49:15.580] [main/DEBUG] [mixin/]: Instancing new MixinPlatformAgentDefault for SecureJarResource(nethers_exoticism)
[02Aug2025 00:49:15.580] [main/DEBUG] [mixin/]: MixinPlatformAgentDefault accepted container SecureJarResource(nethers_exoticism)
[02Aug2025 00:49:15.580] [main/DEBUG] [mixin/]: Processing prepare() for PlatformAgent[MixinPlatformAgentDefault:SecureJarResource(nethers_exoticism)]
[02Aug2025 00:49:15.580] [main/DEBUG] [mixin/]: Adding mixin platform agents for container SecureJarResource(realmrpg_demons)
[02Aug2025 00:49:15.581] [main/DEBUG] [mixin/]: Instancing new MixinPlatformAgentMinecraftForge for SecureJarResource(realmrpg_demons)
[02Aug2025 00:49:15.581] [main/DEBUG] [mixin/]: MixinPlatformAgentMinecraftForge rejected container SecureJarResource(realmrpg_demons)
[02Aug2025 00:49:15.581] [main/DEBUG] [mixin/]: Instancing new MixinPlatformAgentDefault for SecureJarResource(realmrpg_demons)
[02Aug2025 00:49:15.581] [main/DEBUG] [mixin/]: MixinPlatformAgentDefault accepted container SecureJarResource(realmrpg_demons)
[02Aug2025 00:49:15.582] [main/DEBUG] [mixin/]: Processing prepare() for PlatformAgent[MixinPlatformAgentDefault:SecureJarResource(realmrpg_demons)]
[02Aug2025 00:49:15.582] [main/DEBUG] [mixin/]: Adding mixin platform agents for container SecureJarResource(jei)
[02Aug2025 00:49:15.582] [main/DEBUG] [mixin/]: Instancing new MixinPlatformAgentMinecraftForge for SecureJarResource(jei)
[02Aug2025 00:49:15.582] [main/DEBUG] [mixin/]: MixinPlatformAgentMinecraftForge rejected container SecureJarResource(jei)
[02Aug2025 00:49:15.582] [main/DEBUG] [mixin/]: Instancing new MixinPlatformAgentDefault for SecureJarResource(jei)
[02Aug2025 00:49:15.583] [main/DEBUG] [mixin/]: MixinPlatformAgentDefault accepted container SecureJarResource(jei)
[02Aug2025 00:49:15.583] [main/DEBUG] [mixin/]: Processing prepare() for PlatformAgent[MixinPlatformAgentDefault:SecureJarResource(jei)]
[02Aug2025 00:49:15.583] [main/DEBUG] [mixin/]: Adding mixin platform agents for container SecureJarResource(pehkui)
[02Aug2025 00:49:15.583] [main/DEBUG] [mixin/]: Instancing new MixinPlatformAgentMinecraftForge for SecureJarResource(pehkui)
[02Aug2025 00:49:15.583] [main/DEBUG] [mixin/]: MixinPlatformAgentMinecraftForge rejected container SecureJarResource(pehkui)
[02Aug2025 00:49:15.584] [main/DEBUG] [mixin/]: Instancing new MixinPlatformAgentDefault for SecureJarResource(pehkui)
[02Aug2025 00:49:15.584] [main/DEBUG] [mixin/]: MixinPlatformAgentDefault accepted container SecureJarResource(pehkui)
[02Aug2025 00:49:15.584] [main/DEBUG] [mixin/]: Processing prepare() for PlatformAgent[MixinPlatformAgentDefault:SecureJarResource(pehkui)]
[02Aug2025 00:49:15.584] [main/DEBUG] [mixin/]: Registering mixin config: pehkui.mixins.json
[02Aug2025 00:49:15.588] [main/DEBUG] [mixin/]: Adding mixin platform agents for container SecureJarResource(stalwart_dungeons)
[02Aug2025 00:49:15.588] [main/DEBUG] [mixin/]: Instancing new MixinPlatformAgentMinecraftForge for SecureJarResource(stalwart_dungeons)
[02Aug2025 00:49:15.588] [main/DEBUG] [mixin/]: MixinPlatformAgentMinecraftForge rejected container SecureJarResource(stalwart_dungeons)
[02Aug2025 00:49:15.588] [main/DEBUG] [mixin/]: Instancing new MixinPlatformAgentDefault for SecureJarResource(stalwart_dungeons)
[02Aug2025 00:49:15.588] [main/DEBUG] [mixin/]: MixinPlatformAgentDefault accepted container SecureJarResource(stalwart_dungeons)
[02Aug2025 00:49:15.588] [main/DEBUG] [mixin/]: Processing prepare() for PlatformAgent[MixinPlatformAgentDefault:SecureJarResource(stalwart_dungeons)]
[02Aug2025 00:49:15.588] [main/DEBUG] [mixin/]: Adding mixin platform agents for container SecureJarResource(obscure_api)
[02Aug2025 00:49:15.588] [main/DEBUG] [mixin/]: Instancing new MixinPlatformAgentMinecraftForge for SecureJarResource(obscure_api)
[02Aug2025 00:49:15.588] [main/DEBUG] [mixin/]: MixinPlatformAgentMinecraftForge rejected container SecureJarResource(obscure_api)
[02Aug2025 00:49:15.588] [main/DEBUG] [mixin/]: Instancing new MixinPlatformAgentDefault for SecureJarResource(obscure_api)
[02Aug2025 00:49:15.588] [main/DEBUG] [mixin/]: MixinPlatformAgentDefault accepted container SecureJarResource(obscure_api)
[02Aug2025 00:49:15.588] [main/DEBUG] [mixin/]: Processing prepare() for PlatformAgent[MixinPlatformAgentDefault:SecureJarResource(obscure_api)]
[02Aug2025 00:49:15.588] [main/DEBUG] [mixin/]: Registering mixin config: obscure_api.mixins.json
[02Aug2025 00:49:15.593] [main/DEBUG] [mixin/]: Adding mixin platform agents for container SecureJarResource(incendium)
[02Aug2025 00:49:15.593] [main/DEBUG] [mixin/]: Instancing new MixinPlatformAgentMinecraftForge for SecureJarResource(incendium)
[02Aug2025 00:49:15.593] [main/DEBUG] [mixin/]: MixinPlatformAgentMinecraftForge rejected container SecureJarResource(incendium)
[02Aug2025 00:49:15.593] [main/DEBUG] [mixin/]: Instancing new MixinPlatformAgentDefault for SecureJarResource(incendium)
[02Aug2025 00:49:15.593] [main/DEBUG] [mixin/]: MixinPlatformAgentDefault accepted container SecureJarResource(incendium)
[02Aug2025 00:49:15.593] [main/DEBUG] [mixin/]: Processing prepare() for PlatformAgent[MixinPlatformAgentDefault:SecureJarResource(incendium)]
[02Aug2025 00:49:15.593] [main/DEBUG] [mixin/]: Adding mixin platform agents for container SecureJarResource(sophisticatedcore)
[02Aug2025 00:49:15.593] [main/DEBUG] [mixin/]: Instancing new MixinPlatformAgentMinecraftForge for SecureJarResource(sophisticatedcore)
[02Aug2025 00:49:15.593] [main/DEBUG] [mixin/]: MixinPlatformAgentMinecraftForge rejected container SecureJarResource(sophisticatedcore)
[02Aug2025 00:49:15.593] [main/DEBUG] [mixin/]: Instancing new MixinPlatformAgentDefault for SecureJarResource(sophisticatedcore)
[02Aug2025 00:49:15.594] [main/DEBUG] [mixin/]: MixinPlatformAgentDefault accepted container SecureJarResource(sophisticatedcore)
[02Aug2025 00:49:15.594] [main/DEBUG] [mixin/]: Processing prepare() for PlatformAgent[MixinPlatformAgentDefault:SecureJarResource(sophisticatedcore)]
[02Aug2025 00:49:15.594] [main/DEBUG] [mixin/]: Adding mixin platform agents for container SecureJarResource(netheroverhaul)
[02Aug2025 00:49:15.594] [main/DEBUG] [mixin/]: Instancing new MixinPlatformAgentMinecraftForge for SecureJarResource(netheroverhaul)
[02Aug2025 00:49:15.594] [main/DEBUG] [mixin/]: MixinPlatformAgentMinecraftForge rejected container SecureJarResource(netheroverhaul)
[02Aug2025 00:49:15.594] [main/DEBUG] [mixin/]: Instancing new MixinPlatformAgentDefault for SecureJarResource(netheroverhaul)
[02Aug2025 00:49:15.594] [main/DEBUG] [mixin/]: MixinPlatformAgentDefault accepted container SecureJarResource(netheroverhaul)
[02Aug2025 00:49:15.594] [main/DEBUG] [mixin/]: Processing prepare() for PlatformAgent[MixinPlatformAgentDefault:SecureJarResource(netheroverhaul)]
[02Aug2025 00:49:15.594] [main/DEBUG] [mixin/]: Adding mixin platform agents for container SecureJarResource(kleeslabs)
[02Aug2025 00:49:15.594] [main/DEBUG] [mixin/]: Instancing new MixinPlatformAgentMinecraftForge for SecureJarResource(kleeslabs)
[02Aug2025 00:49:15.594] [main/DEBUG] [mixin/]: MixinPlatformAgentMinecraftForge rejected container SecureJarResource(kleeslabs)
[02Aug2025 00:49:15.594] [main/DEBUG] [mixin/]: Instancing new MixinPlatformAgentDefault for SecureJarResource(kleeslabs)
[02Aug2025 00:49:15.594] [main/DEBUG] [mixin/]: MixinPlatformAgentDefault accepted container SecureJarResource(kleeslabs)
[02Aug2025 00:49:15.594] [main/DEBUG] [mixin/]: Processing prepare() for PlatformAgent[MixinPlatformAgentDefault:SecureJarResource(kleeslabs)]
[02Aug2025 00:49:15.594] [main/DEBUG] [mixin/]: Registering mixin config: kleeslabs.mixins.json
[02Aug2025 00:49:15.597] [main/DEBUG] [mixin/]: Adding mixin platform agents for container SecureJarResource(enlightened_end)
[02Aug2025 00:49:15.598] [main/DEBUG] [mixin/]: Instancing new MixinPlatformAgentMinecraftForge for SecureJarResource(enlightened_end)
[02Aug2025 00:49:15.598] [main/DEBUG] [mixin/]: MixinPlatformAgentMinecraftForge rejected container SecureJarResource(enlightened_end)
[02Aug2025 00:49:15.598] [main/DEBUG] [mixin/]: Instancing new MixinPlatformAgentDefault for SecureJarResource(enlightened_end)
[02Aug2025 00:49:15.598] [main/DEBUG] [mixin/]: MixinPlatformAgentDefault accepted container SecureJarResource(enlightened_end)
[02Aug2025 00:49:15.598] [main/DEBUG] [mixin/]: Processing prepare() for PlatformAgent[MixinPlatformAgentDefault:SecureJarResource(enlightened_end)]
[02Aug2025 00:49:15.598] [main/DEBUG] [mixin/]: Adding mixin platform agents for container SecureJarResource(waystones)
[02Aug2025 00:49:15.598] [main/DEBUG] [mixin/]: Instancing new MixinPlatformAgentMinecraftForge for SecureJarResource(waystones)
[02Aug2025 00:49:15.598] [main/DEBUG] [mixin/]: MixinPlatformAgentMinecraftForge rejected container SecureJarResource(waystones)
[02Aug2025 00:49:15.598] [main/DEBUG] [mixin/]: Instancing new MixinPlatformAgentDefault for SecureJarResource(waystones)
[02Aug2025 00:49:15.598] [main/DEBUG] [mixin/]: MixinPlatformAgentDefault accepted container SecureJarResource(waystones)
[02Aug2025 00:49:15.598] [main/DEBUG] [mixin/]: Processing prepare() for PlatformAgent[MixinPlatformAgentDefault:SecureJarResource(waystones)]
[02Aug2025 00:49:15.598] [main/DEBUG] [mixin/]: Registering mixin config: waystones.mixins.json
[02Aug2025 00:49:15.600] [main/DEBUG] [mixin/]: Adding mixin platform agents for container SecureJarResource(piglinproliferation)
[02Aug2025 00:49:15.600] [main/DEBUG] [mixin/]: Instancing new MixinPlatformAgentMinecraftForge for SecureJarResource(piglinproliferation)
[02Aug2025 00:49:15.600] [main/DEBUG] [mixin/]: MixinPlatformAgentMinecraftForge rejected container SecureJarResource(piglinproliferation)
[02Aug2025 00:49:15.600] [main/DEBUG] [mixin/]: Instancing new MixinPlatformAgentDefault for SecureJarResource(piglinproliferation)
[02Aug2025 00:49:15.600] [main/DEBUG] [mixin/]: MixinPlatformAgentDefault accepted container SecureJarResource(piglinproliferation)
[02Aug2025 00:49:15.600] [main/DEBUG] [mixin/]: Processing prepare() for PlatformAgent[MixinPlatformAgentDefault:SecureJarResource(piglinproliferation)]
[02Aug2025 00:49:15.600] [main/DEBUG] [mixin/]: Registering mixin config: piglinproliferation.mixins.json
[02Aug2025 00:49:15.602] [main/DEBUG] [mixin/]: Adding mixin platform agents for container SecureJarResource(journeymap)
[02Aug2025 00:49:15.602] [main/DEBUG] [mixin/]: Instancing new MixinPlatformAgentMinecraftForge for SecureJarResource(journeymap)
[02Aug2025 00:49:15.602] [main/DEBUG] [mixin/]: MixinPlatformAgentMinecraftForge rejected container SecureJarResource(journeymap)
[02Aug2025 00:49:15.602] [main/DEBUG] [mixin/]: Instancing new MixinPlatformAgentDefault for SecureJarResource(journeymap)
[02Aug2025 00:49:15.602] [main/DEBUG] [mixin/]: MixinPlatformAgentDefault accepted container SecureJarResource(journeymap)
[02Aug2025 00:49:15.602] [main/DEBUG] [mixin/]: Processing prepare() for PlatformAgent[MixinPlatformAgentDefault:SecureJarResource(journeymap)]
[02Aug2025 00:49:15.602] [main/DEBUG] [mixin/]: Registering mixin config: journeymap.mixins.json
[02Aug2025 00:49:15.604] [main/DEBUG] [mixin/]: Adding mixin platform agents for container SecureJarResource(dungeonnowloading)
[02Aug2025 00:49:15.604] [main/DEBUG] [mixin/]: Instancing new MixinPlatformAgentMinecraftForge for SecureJarResource(dungeonnowloading)
[02Aug2025 00:49:15.604] [main/DEBUG] [mixin/]: MixinPlatformAgentMinecraftForge rejected container SecureJarResource(dungeonnowloading)
[02Aug2025 00:49:15.604] [main/DEBUG] [mixin/]: Instancing new MixinPlatformAgentDefault for SecureJarResource(dungeonnowloading)
[02Aug2025 00:49:15.604] [main/DEBUG] [mixin/]: MixinPlatformAgentDefault accepted container SecureJarResource(dungeonnowloading)
[02Aug2025 00:49:15.605] [main/DEBUG] [mixin/]: Processing prepare() for PlatformAgent[MixinPlatformAgentDefault:SecureJarResource(dungeonnowloading)]
[02Aug2025 00:49:15.605] [main/DEBUG] [mixin/]: Registering mixin config: dungeonnowloading.mixins.json
[02Aug2025 00:49:15.606] [main/DEBUG] [mixin/]: Registering mixin config: dungeonnowloading.forge.mixins.json
[02Aug2025 00:49:15.608] [main/DEBUG] [mixin/]: Adding mixin platform agents for container SecureJarResource(betterendcities)
[02Aug2025 00:49:15.609] [main/DEBUG] [mixin/]: Instancing new MixinPlatformAgentMinecraftForge for SecureJarResource(betterendcities)
[02Aug2025 00:49:15.609] [main/DEBUG] [mixin/]: MixinPlatformAgentMinecraftForge rejected container SecureJarResource(betterendcities)
[02Aug2025 00:49:15.609] [main/DEBUG] [mixin/]: Instancing new MixinPlatformAgentDefault for SecureJarResource(betterendcities)
[02Aug2025 00:49:15.609] [main/DEBUG] [mixin/]: MixinPlatformAgentDefault accepted container SecureJarResource(betterendcities)
[02Aug2025 00:49:15.609] [main/DEBUG] [mixin/]: Processing prepare() for PlatformAgent[MixinPlatformAgentDefault:SecureJarResource(betterendcities)]
[02Aug2025 00:49:15.609] [main/DEBUG] [mixin/]: Adding mixin platform agents for container SecureJarResource(citadel)
[02Aug2025 00:49:15.609] [main/DEBUG] [mixin/]: Instancing new MixinPlatformAgentMinecraftForge for SecureJarResource(citadel)
[02Aug2025 00:49:15.610] [main/DEBUG] [mixin/]: MixinPlatformAgentMinecraftForge rejected container SecureJarResource(citadel)
[02Aug2025 00:49:15.610] [main/DEBUG] [mixin/]: Instancing new MixinPlatformAgentDefault for SecureJarResource(citadel)
[02Aug2025 00:49:15.610] [main/DEBUG] [mixin/]: MixinPlatformAgentDefault accepted container SecureJarResource(citadel)
[02Aug2025 00:49:15.610] [main/DEBUG] [mixin/]: Processing prepare() for PlatformAgent[MixinPlatformAgentDefault:SecureJarResource(citadel)]
[02Aug2025 00:49:15.610] [main/DEBUG] [mixin/]: Registering mixin config: citadel.mixins.json
[02Aug2025 00:49:15.615] [main/DEBUG] [mixin/]: Adding mixin platform agents for container SecureJarResource(alexsmobs)
[02Aug2025 00:49:15.615] [main/DEBUG] [mixin/]: Instancing new MixinPlatformAgentMinecraftForge for SecureJarResource(alexsmobs)
[02Aug2025 00:49:15.615] [main/DEBUG] [mixin/]: MixinPlatformAgentMinecraftForge rejected container SecureJarResource(alexsmobs)
[02Aug2025 00:49:15.615] [main/DEBUG] [mixin/]: Instancing new MixinPlatformAgentDefault for SecureJarResource(alexsmobs)
[02Aug2025 00:49:15.615] [main/DEBUG] [mixin/]: MixinPlatformAgentDefault accepted container SecureJarResource(alexsmobs)
[02Aug2025 00:49:15.615] [main/DEBUG] [mixin/]: Processing prepare() for PlatformAgent[MixinPlatformAgentDefault:SecureJarResource(alexsmobs)]
[02Aug2025 00:49:15.615] [main/DEBUG] [mixin/]: Registering mixin config: citadel.mixins.json
[02Aug2025 00:49:15.615] [main/DEBUG] [mixin/]: Adding mixin platform agents for container SecureJarResource(yungsapi)
[02Aug2025 00:49:15.615] [main/DEBUG] [mixin/]: Instancing new MixinPlatformAgentMinecraftForge for SecureJarResource(yungsapi)
[02Aug2025 00:49:15.615] [main/DEBUG] [mixin/]: MixinPlatformAgentMinecraftForge rejected container SecureJarResource(yungsapi)
[02Aug2025 00:49:15.615] [main/DEBUG] [mixin/]: Instancing new MixinPlatformAgentDefault for SecureJarResource(yungsapi)
[02Aug2025 00:49:15.615] [main/DEBUG] [mixin/]: MixinPlatformAgentDefault accepted container SecureJarResource(yungsapi)
[02Aug2025 00:49:15.615] [main/DEBUG] [mixin/]: Processing prepare() for PlatformAgent[MixinPlatformAgentDefault:SecureJarResource(yungsapi)]
[02Aug2025 00:49:15.615] [main/DEBUG] [mixin/]: Registering mixin config: yungsapi.mixins.json
[02Aug2025 00:49:15.617] [main/DEBUG] [mixin/]: Registering mixin config: yungsapi_forge.mixins.json
[02Aug2025 00:49:15.619] [main/DEBUG] [mixin/]: Adding mixin platform agents for container SecureJarResource(outer_end)
[02Aug2025 00:49:15.619] [main/DEBUG] [mixin/]: Instancing new MixinPlatformAgentMinecraftForge for SecureJarResource(outer_end)
[02Aug2025 00:49:15.619] [main/DEBUG] [mixin/]: MixinPlatformAgentMinecraftForge rejected container SecureJarResource(outer_end)
[02Aug2025 00:49:15.619] [main/DEBUG] [mixin/]: Instancing new MixinPlatformAgentDefault for SecureJarResource(outer_end)
[02Aug2025 00:49:15.619] [main/DEBUG] [mixin/]: MixinPlatformAgentDefault accepted container SecureJarResource(outer_end)
[02Aug2025 00:49:15.619] [main/DEBUG] [mixin/]: Processing prepare() for PlatformAgent[MixinPlatformAgentDefault:SecureJarResource(outer_end)]
[02Aug2025 00:49:15.620] [main/DEBUG] [mixin/]: Adding mixin platform agents for container SecureJarResource(mixinextras)
[02Aug2025 00:49:15.620] [main/DEBUG] [mixin/]: Instancing new MixinPlatformAgentMinecraftForge for SecureJarResource(mixinextras)
[02Aug2025 00:49:15.620] [main/DEBUG] [mixin/]: MixinPlatformAgentMinecraftForge rejected container SecureJarResource(mixinextras)
[02Aug2025 00:49:15.620] [main/DEBUG] [mixin/]: Instancing new MixinPlatformAgentDefault for SecureJarResource(mixinextras)
[02Aug2025 00:49:15.620] [main/DEBUG] [mixin/]: MixinPlatformAgentDefault accepted container SecureJarResource(mixinextras)
[02Aug2025 00:49:15.620] [main/DEBUG] [mixin/]: Processing prepare() for PlatformAgent[MixinPlatformAgentDefault:SecureJarResource(mixinextras)]
[02Aug2025 00:49:15.620] [main/DEBUG] [mixin/]: Registering mixin config: mixinextras.init.mixins.json
[02Aug2025 00:49:15.622] [main/DEBUG] [mixin/]: Adding mixin platform agents for container SecureJarResource(dungeoncrawl)
[02Aug2025 00:49:15.622] [main/DEBUG] [mixin/]: Instancing new MixinPlatformAgentMinecraftForge for SecureJarResource(dungeoncrawl)
[02Aug2025 00:49:15.624] [main/DEBUG] [mixin/]: MixinPlatformAgentMinecraftForge rejected container SecureJarResource(dungeoncrawl)
[02Aug2025 00:49:15.625] [main/DEBUG] [mixin/]: Instancing new MixinPlatformAgentDefault for SecureJarResource(dungeoncrawl)
[02Aug2025 00:49:15.625] [main/DEBUG] [mixin/]: MixinPlatformAgentDefault accepted container SecureJarResource(dungeoncrawl)
[02Aug2025 00:49:15.625] [main/DEBUG] [mixin/]: Processing prepare() for PlatformAgent[MixinPlatformAgentDefault:SecureJarResource(dungeoncrawl)]
[02Aug2025 00:49:15.625] [main/DEBUG] [mixin/]: Adding mixin platform agents for container SecureJarResource(call_of_yucutan)
[02Aug2025 00:49:15.625] [main/DEBUG] [mixin/]: Instancing new MixinPlatformAgentMinecraftForge for SecureJarResource(call_of_yucutan)
[02Aug2025 00:49:15.626] [main/DEBUG] [mixin/]: MixinPlatformAgentMinecraftForge rejected container SecureJarResource(call_of_yucutan)
[02Aug2025 00:49:15.626] [main/DEBUG] [mixin/]: Instancing new MixinPlatformAgentDefault for SecureJarResource(call_of_yucutan)
[02Aug2025 00:49:15.626] [main/DEBUG] [mixin/]: MixinPlatformAgentDefault accepted container SecureJarResource(call_of_yucutan)
[02Aug2025 00:49:15.626] [main/DEBUG] [mixin/]: Processing prepare() for PlatformAgent[MixinPlatformAgentDefault:SecureJarResource(call_of_yucutan)]
[02Aug2025 00:49:15.626] [main/DEBUG] [mixin/]: Registering mixin config: mixins.call_of_yucutan.json
[02Aug2025 00:49:15.627] [main/DEBUG] [mixin/]: Adding mixin platform agents for container SecureJarResource(sophisticatedbackpacks)
[02Aug2025 00:49:15.628] [main/DEBUG] [mixin/]: Instancing new MixinPlatformAgentMinecraftForge for SecureJarResource(sophisticatedbackpacks)
[02Aug2025 00:49:15.628] [main/DEBUG] [mixin/]: MixinPlatformAgentMinecraftForge rejected container SecureJarResource(sophisticatedbackpacks)
[02Aug2025 00:49:15.628] [main/DEBUG] [mixin/]: Instancing new MixinPlatformAgentDefault for SecureJarResource(sophisticatedbackpacks)
[02Aug2025 00:49:15.628] [main/DEBUG] [mixin/]: MixinPlatformAgentDefault accepted container SecureJarResource(sophisticatedbackpacks)
[02Aug2025 00:49:15.628] [main/DEBUG] [mixin/]: Processing prepare() for PlatformAgent[MixinPlatformAgentDefault:SecureJarResource(sophisticatedbackpacks)]
[02Aug2025 00:49:15.629] [main/DEBUG] [mixin/]: Adding mixin platform agents for container SecureJarResource(takesapillage)
[02Aug2025 00:49:15.629] [main/DEBUG] [mixin/]: Instancing new MixinPlatformAgentMinecraftForge for SecureJarResource(takesapillage)
[02Aug2025 00:49:15.629] [main/DEBUG] [mixin/]: MixinPlatformAgentMinecraftForge rejected container SecureJarResource(takesapillage)
[02Aug2025 00:49:15.629] [main/DEBUG] [mixin/]: Instancing new MixinPlatformAgentDefault for SecureJarResource(takesapillage)
[02Aug2025 00:49:15.629] [main/DEBUG] [mixin/]: MixinPlatformAgentDefault accepted container SecureJarResource(takesapillage)
[02Aug2025 00:49:15.629] [main/DEBUG] [mixin/]: Processing prepare() for PlatformAgent[MixinPlatformAgentDefault:SecureJarResource(takesapillage)]
[02Aug2025 00:49:15.629] [main/DEBUG] [mixin/]: Registering mixin config: takesapillage.mixins.json
[02Aug2025 00:49:15.632] [main/DEBUG] [mixin/]: Adding mixin platform agents for container SecureJarResource(balm)
[02Aug2025 00:49:15.633] [main/DEBUG] [mixin/]: Instancing new MixinPlatformAgentMinecraftForge for SecureJarResource(balm)
[02Aug2025 00:49:15.633] [main/DEBUG] [mixin/]: MixinPlatformAgentMinecraftForge rejected container SecureJarResource(balm)
[02Aug2025 00:49:15.633] [main/DEBUG] [mixin/]: Instancing new MixinPlatformAgentDefault for SecureJarResource(balm)
[02Aug2025 00:49:15.633] [main/DEBUG] [mixin/]: MixinPlatformAgentDefault accepted container SecureJarResource(balm)
[02Aug2025 00:49:15.633] [main/DEBUG] [mixin/]: Processing prepare() for PlatformAgent[MixinPlatformAgentDefault:SecureJarResource(balm)]
[02Aug2025 00:49:15.633] [main/DEBUG] [mixin/]: Registering mixin config: balm.mixins.json
[02Aug2025 00:49:15.635] [main/DEBUG] [mixin/]: Adding mixin platform agents for container SecureJarResource(bosses_of_mass_destruction)
[02Aug2025 00:49:15.636] [main/DEBUG] [mixin/]: Instancing new MixinPlatformAgentMinecraftForge for SecureJarResource(bosses_of_mass_destruction)
[02Aug2025 00:49:15.637] [main/DEBUG] [mixin/]: MixinPlatformAgentMinecraftForge rejected container SecureJarResource(bosses_of_mass_destruction)
[02Aug2025 00:49:15.637] [main/DEBUG] [mixin/]: Instancing new MixinPlatformAgentDefault for SecureJarResource(bosses_of_mass_destruction)
[02Aug2025 00:49:15.637] [main/DEBUG] [mixin/]: MixinPlatformAgentDefault accepted container SecureJarResource(bosses_of_mass_destruction)
[02Aug2025 00:49:15.637] [main/DEBUG] [mixin/]: Processing prepare() for PlatformAgent[MixinPlatformAgentDefault:SecureJarResource(bosses_of_mass_destruction)]
[02Aug2025 00:49:15.637] [main/DEBUG] [mixin/]: Registering mixin config: mixins.bosses_of_mass_destruction.json
[02Aug2025 00:49:15.638] [main/DEBUG] [mixin/]: Adding mixin platform agents for container SecureJarResource(blueprint)
[02Aug2025 00:49:15.641] [main/DEBUG] [mixin/]: Instancing new MixinPlatformAgentMinecraftForge for SecureJarResource(blueprint)
[02Aug2025 00:49:15.641] [main/DEBUG] [mixin/]: MixinPlatformAgentMinecraftForge rejected container SecureJarResource(blueprint)
[02Aug2025 00:49:15.641] [main/DEBUG] [mixin/]: Instancing new MixinPlatformAgentDefault for SecureJarResource(blueprint)
[02Aug2025 00:49:15.642] [main/DEBUG] [mixin/]: MixinPlatformAgentDefault accepted container SecureJarResource(blueprint)
[02Aug2025 00:49:15.642] [main/DEBUG] [mixin/]: Processing prepare() for PlatformAgent[MixinPlatformAgentDefault:SecureJarResource(blueprint)]
[02Aug2025 00:49:15.642] [main/DEBUG] [mixin/]: Registering mixin config: blueprint.mixins.json
[02Aug2025 00:49:15.643] [main/DEBUG] [mixin/]: Adding mixin platform agents for container SecureJarResource(jeresources)
[02Aug2025 00:49:15.643] [main/DEBUG] [mixin/]: Instancing new MixinPlatformAgentMinecraftForge for SecureJarResource(jeresources)
[02Aug2025 00:49:15.643] [main/DEBUG] [mixin/]: MixinPlatformAgentMinecraftForge rejected container SecureJarResource(jeresources)
[02Aug2025 00:49:15.643] [main/DEBUG] [mixin/]: Instancing new MixinPlatformAgentDefault for SecureJarResource(jeresources)
[02Aug2025 00:49:15.644] [main/DEBUG] [mixin/]: MixinPlatformAgentDefault accepted container SecureJarResource(jeresources)
[02Aug2025 00:49:15.644] [main/DEBUG] [mixin/]: Processing prepare() for PlatformAgent[MixinPlatformAgentDefault:SecureJarResource(jeresources)]
[02Aug2025 00:49:15.644] [main/DEBUG] [mixin/]: Adding mixin platform agents for container SecureJarResource(faded_conquest_2)
[02Aug2025 00:49:15.644] [main/DEBUG] [mixin/]: Instancing new MixinPlatformAgentMinecraftForge for SecureJarResource(faded_conquest_2)
[02Aug2025 00:49:15.644] [main/DEBUG] [mixin/]: MixinPlatformAgentMinecraftForge rejected container SecureJarResource(faded_conquest_2)
[02Aug2025 00:49:15.644] [main/DEBUG] [mixin/]: Instancing new MixinPlatformAgentDefault for SecureJarResource(faded_conquest_2)
[02Aug2025 00:49:15.644] [main/DEBUG] [mixin/]: MixinPlatformAgentDefault accepted container SecureJarResource(faded_conquest_2)
[02Aug2025 00:49:15.644] [main/DEBUG] [mixin/]: Processing prepare() for PlatformAgent[MixinPlatformAgentDefault:SecureJarResource(faded_conquest_2)]
[02Aug2025 00:49:15.644] [main/DEBUG] [mixin/]: Adding mixin platform agents for container SecureJarResource(formations)
[02Aug2025 00:49:15.644] [main/DEBUG] [mixin/]: Instancing new MixinPlatformAgentMinecraftForge for SecureJarResource(formations)
[02Aug2025 00:49:15.646] [main/DEBUG] [mixin/]: MixinPlatformAgentMinecraftForge rejected container SecureJarResource(formations)
[02Aug2025 00:49:15.646] [main/DEBUG] [mixin/]: Instancing new MixinPlatformAgentDefault for SecureJarResource(formations)
[02Aug2025 00:49:15.646] [main/DEBUG] [mixin/]: MixinPlatformAgentDefault accepted container SecureJarResource(formations)
[02Aug2025 00:49:15.646] [main/DEBUG] [mixin/]: Processing prepare() for PlatformAgent[MixinPlatformAgentDefault:SecureJarResource(formations)]
[02Aug2025 00:49:15.646] [main/DEBUG] [mixin/]: Registering mixin config: formations.mixins.json
[02Aug2025 00:49:15.648] [main/DEBUG] [mixin/]: Adding mixin platform agents for container SecureJarResource(betterfortresses)
[02Aug2025 00:49:15.650] [main/DEBUG] [mixin/]: Instancing new MixinPlatformAgentMinecraftForge for SecureJarResource(betterfortresses)
[02Aug2025 00:49:15.650] [main/DEBUG] [mixin/]: MixinPlatformAgentMinecraftForge rejected container SecureJarResource(betterfortresses)
[02Aug2025 00:49:15.650] [main/DEBUG] [mixin/]: Instancing new MixinPlatformAgentDefault for SecureJarResource(betterfortresses)
[02Aug2025 00:49:15.650] [main/DEBUG] [mixin/]: MixinPlatformAgentDefault accepted container SecureJarResource(betterfortresses)
[02Aug2025 00:49:15.650] [main/DEBUG] [mixin/]: Processing prepare() for PlatformAgent[MixinPlatformAgentDefault:SecureJarResource(betterfortresses)]
[02Aug2025 00:49:15.650] [main/DEBUG] [mixin/]: Registering mixin config: betterfortresses.mixins.json
[02Aug2025 00:49:15.652] [main/DEBUG] [mixin/]: Registering mixin config: betterfortresses_forge.mixins.json
[02Aug2025 00:49:15.654] [main/DEBUG] [mixin/]: Adding mixin platform agents for container SecureJarResource(dungeons_arise_seven_seas)
[02Aug2025 00:49:15.654] [main/DEBUG] [mixin/]: Instancing new MixinPlatformAgentMinecraftForge for SecureJarResource(dungeons_arise_seven_seas)
[02Aug2025 00:49:15.654] [main/DEBUG] [mixin/]: MixinPlatformAgentMinecraftForge rejected container SecureJarResource(dungeons_arise_seven_seas)
[02Aug2025 00:49:15.654] [main/DEBUG] [mixin/]: Instancing new MixinPlatformAgentDefault for SecureJarResource(dungeons_arise_seven_seas)
[02Aug2025 00:49:15.654] [main/DEBUG] [mixin/]: MixinPlatformAgentDefault accepted container SecureJarResource(dungeons_arise_seven_seas)
[02Aug2025 00:49:15.654] [main/DEBUG] [mixin/]: Processing prepare() for PlatformAgent[MixinPlatformAgentDefault:SecureJarResource(dungeons_arise_seven_seas)]
[02Aug2025 00:49:15.654] [main/DEBUG] [mixin/]: Adding mixin platform agents for container SecureJarResource(cloth_config)
[02Aug2025 00:49:15.654] [main/DEBUG] [mixin/]: Instancing new MixinPlatformAgentMinecraftForge for SecureJarResource(cloth_config)
[02Aug2025 00:49:15.654] [main/DEBUG] [mixin/]: MixinPlatformAgentMinecraftForge rejected container SecureJarResource(cloth_config)
[02Aug2025 00:49:15.655] [main/DEBUG] [mixin/]: Instancing new MixinPlatformAgentDefault for SecureJarResource(cloth_config)
[02Aug2025 00:49:15.655] [main/DEBUG] [mixin/]: MixinPlatformAgentDefault accepted container SecureJarResource(cloth_config)
[02Aug2025 00:49:15.655] [main/DEBUG] [mixin/]: Processing prepare() for PlatformAgent[MixinPlatformAgentDefault:SecureJarResource(cloth_config)]
[02Aug2025 00:49:15.655] [main/DEBUG] [mixin/]: Adding mixin platform agents for container SecureJarResource(forge)
[02Aug2025 00:49:15.655] [main/DEBUG] [mixin/]: Instancing new MixinPlatformAgentMinecraftForge for SecureJarResource(forge)
[02Aug2025 00:49:15.655] [main/DEBUG] [mixin/]: MixinPlatformAgentMinecraftForge rejected container SecureJarResource(forge)
[02Aug2025 00:49:15.655] [main/DEBUG] [mixin/]: Instancing new MixinPlatformAgentDefault for SecureJarResource(forge)
[02Aug2025 00:49:15.655] [main/DEBUG] [mixin/]: MixinPlatformAgentDefault accepted container SecureJarResource(forge)
[02Aug2025 00:49:15.655] [main/DEBUG] [mixin/]: Processing prepare() for PlatformAgent[MixinPlatformAgentDefault:SecureJarResource(forge)]
[02Aug2025 00:49:15.655] [main/DEBUG] [mixin/]: Adding mixin platform agents for container SecureJarResource(konkrete)
[02Aug2025 00:49:15.655] [main/DEBUG] [mixin/]: Instancing new MixinPlatformAgentMinecraftForge for SecureJarResource(konkrete)
[02Aug2025 00:49:15.655] [main/DEBUG] [mixin/]: MixinPlatformAgentMinecraftForge rejected container SecureJarResource(konkrete)
[02Aug2025 00:49:15.655] [main/DEBUG] [mixin/]: Instancing new MixinPlatformAgentDefault for SecureJarResource(konkrete)
[02Aug2025 00:49:15.655] [main/DEBUG] [mixin/]: MixinPlatformAgentDefault accepted container SecureJarResource(konkrete)
[02Aug2025 00:49:15.655] [main/DEBUG] [mixin/]: Processing prepare() for PlatformAgent[MixinPlatformAgentDefault:SecureJarResource(konkrete)]
[02Aug2025 00:49:15.655] [main/DEBUG] [mixin/]: Registering mixin config: konkrete.mixin.json
[02Aug2025 00:49:15.657] [main/DEBUG] [mixin/]: Adding mixin platform agents for container SecureJarResource(just_in_nether)
[02Aug2025 00:49:15.657] [main/DEBUG] [mixin/]: Instancing new MixinPlatformAgentMinecraftForge for SecureJarResource(just_in_nether)
[02Aug2025 00:49:15.657] [main/DEBUG] [mixin/]: MixinPlatformAgentMinecraftForge rejected container SecureJarResource(just_in_nether)
[02Aug2025 00:49:15.658] [main/DEBUG] [mixin/]: Instancing new MixinPlatformAgentDefault for SecureJarResource(just_in_nether)
[02Aug2025 00:49:15.658] [main/DEBUG] [mixin/]: MixinPlatformAgentDefault accepted container SecureJarResource(just_in_nether)
[02Aug2025 00:49:15.658] [main/DEBUG] [mixin/]: Processing prepare() for PlatformAgent[MixinPlatformAgentDefault:SecureJarResource(just_in_nether)]
[02Aug2025 00:49:15.658] [main/DEBUG] [mixin/]: Adding mixin platform agents for container SecureJarResource(structure_gel)
[02Aug2025 00:49:15.658] [main/DEBUG] [mixin/]: Instancing new MixinPlatformAgentMinecraftForge for SecureJarResource(structure_gel)
[02Aug2025 00:49:15.658] [main/DEBUG] [mixin/]: MixinPlatformAgentMinecraftForge rejected container SecureJarResource(structure_gel)
[02Aug2025 00:49:15.658] [main/DEBUG] [mixin/]: Instancing new MixinPlatformAgentDefault for SecureJarResource(structure_gel)
[02Aug2025 00:49:15.658] [main/DEBUG] [mixin/]: MixinPlatformAgentDefault accepted container SecureJarResource(structure_gel)
[02Aug2025 00:49:15.658] [main/DEBUG] [mixin/]: Processing prepare() for PlatformAgent[MixinPlatformAgentDefault:SecureJarResource(structure_gel)]
[02Aug2025 00:49:15.658] [main/DEBUG] [mixin/]: Registering mixin config: structure_gel.mixins.json
[02Aug2025 00:49:15.659] [main/DEBUG] [mixin/]: Adding mixin platform agents for container SecureJarResource(dungeons_arise)
[02Aug2025 00:49:15.660] [main/DEBUG] [mixin/]: Instancing new MixinPlatformAgentMinecraftForge for SecureJarResource(dungeons_arise)
[02Aug2025 00:49:15.660] [main/DEBUG] [mixin/]: MixinPlatformAgentMinecraftForge rejected container SecureJarResource(dungeons_arise)
[02Aug2025 00:49:15.660] [main/DEBUG] [mixin/]: Instancing new MixinPlatformAgentDefault for SecureJarResource(dungeons_arise)
[02Aug2025 00:49:15.660] [main/DEBUG] [mixin/]: MixinPlatformAgentDefault accepted container SecureJarResource(dungeons_arise)
[02Aug2025 00:49:15.660] [main/DEBUG] [mixin/]: Processing prepare() for PlatformAgent[MixinPlatformAgentDefault:SecureJarResource(dungeons_arise)]
[02Aug2025 00:49:15.660] [main/DEBUG] [mixin/]: Adding mixin platform agents for container SecureJarResource(hearths)
[02Aug2025 00:49:15.660] [main/DEBUG] [mixin/]: Instancing new MixinPlatformAgentMinecraftForge for SecureJarResource(hearths)
[02Aug2025 00:49:15.660] [main/DEBUG] [mixin/]: MixinPlatformAgentMinecraftForge rejected container SecureJarResource(hearths)
[02Aug2025 00:49:15.660] [main/DEBUG] [mixin/]: Instancing new MixinPlatformAgentDefault for SecureJarResource(hearths)
[02Aug2025 00:49:15.660] [main/DEBUG] [mixin/]: MixinPlatformAgentDefault accepted container SecureJarResource(hearths)
[02Aug2025 00:49:15.660] [main/DEBUG] [mixin/]: Processing prepare() for PlatformAgent[MixinPlatformAgentDefault:SecureJarResource(hearths)]
[02Aug2025 00:49:15.660] [main/DEBUG] [mixin/]: Adding mixin platform agents for container SecureJarResource(minecraft)
[02Aug2025 00:49:15.660] [main/DEBUG] [mixin/]: Instancing new MixinPlatformAgentMinecraftForge for SecureJarResource(minecraft)
[02Aug2025 00:49:15.661] [main/DEBUG] [mixin/]: MixinPlatformAgentMinecraftForge rejected container SecureJarResource(minecraft)
[02Aug2025 00:49:15.661] [main/DEBUG] [mixin/]: Instancing new MixinPlatformAgentDefault for SecureJarResource(minecraft)
[02Aug2025 00:49:15.661] [main/DEBUG] [mixin/]: MixinPlatformAgentDefault accepted container SecureJarResource(minecraft)
[02Aug2025 00:49:15.661] [main/DEBUG] [mixin/]: Processing prepare() for PlatformAgent[MixinPlatformAgentDefault:SecureJarResource(minecraft)]
[02Aug2025 00:49:15.661] [main/DEBUG] [mixin/]: Adding mixin platform agents for container SecureJarResource(call_of_drowner)
[02Aug2025 00:49:15.662] [main/DEBUG] [mixin/]: Instancing new MixinPlatformAgentMinecraftForge for SecureJarResource(call_of_drowner)
[02Aug2025 00:49:15.662] [main/DEBUG] [mixin/]: MixinPlatformAgentMinecraftForge rejected container SecureJarResource(call_of_drowner)
[02Aug2025 00:49:15.662] [main/DEBUG] [mixin/]: Instancing new MixinPlatformAgentDefault for SecureJarResource(call_of_drowner)
[02Aug2025 00:49:15.662] [main/DEBUG] [mixin/]: MixinPlatformAgentDefault accepted container SecureJarResource(call_of_drowner)
[02Aug2025 00:49:15.662] [main/DEBUG] [mixin/]: Processing prepare() for PlatformAgent[MixinPlatformAgentDefault:SecureJarResource(call_of_drowner)]
[02Aug2025 00:49:15.662] [main/DEBUG] [mixin/]: Adding mixin platform agents for container SecureJarResource(endergetic)
[02Aug2025 00:49:15.663] [main/DEBUG] [mixin/]: Instancing new MixinPlatformAgentMinecraftForge for SecureJarResource(endergetic)
[02Aug2025 00:49:15.663] [main/DEBUG] [mixin/]: MixinPlatformAgentMinecraftForge rejected container SecureJarResource(endergetic)
[02Aug2025 00:49:15.663] [main/DEBUG] [mixin/]: Instancing new MixinPlatformAgentDefault for SecureJarResource(endergetic)
[02Aug2025 00:49:15.663] [main/DEBUG] [mixin/]: MixinPlatformAgentDefault accepted container SecureJarResource(endergetic)
[02Aug2025 00:49:15.663] [main/DEBUG] [mixin/]: Processing prepare() for PlatformAgent[MixinPlatformAgentDefault:SecureJarResource(endergetic)]
[02Aug2025 00:49:15.663] [main/DEBUG] [mixin/]: Registering mixin config: endergetic.mixins.json
[02Aug2025 00:49:15.664] [main/DEBUG] [mixin/]: Adding mixin platform agents for container SecureJarResource(echoes_of_the_end__structures_)
[02Aug2025 00:49:15.664] [main/DEBUG] [mixin/]: Instancing new MixinPlatformAgentMinecraftForge for SecureJarResource(echoes_of_the_end__structures_)
[02Aug2025 00:49:15.664] [main/DEBUG] [mixin/]: MixinPlatformAgentMinecraftForge rejected container SecureJarResource(echoes_of_the_end__structures_)
[02Aug2025 00:49:15.664] [main/DEBUG] [mixin/]: Instancing new MixinPlatformAgentDefault for SecureJarResource(echoes_of_the_end__structures_)
[02Aug2025 00:49:15.664] [main/DEBUG] [mixin/]: MixinPlatformAgentDefault accepted container SecureJarResource(echoes_of_the_end__structures_)
[02Aug2025 00:49:15.664] [main/DEBUG] [mixin/]: Processing prepare() for PlatformAgent[MixinPlatformAgentDefault:SecureJarResource(echoes_of_the_end__structures_)]
[02Aug2025 00:49:15.665] [main/DEBUG] [mixin/]: Adding mixin platform agents for container SecureJarResource(nordic_structures)
[02Aug2025 00:49:15.665] [main/DEBUG] [mixin/]: Instancing new MixinPlatformAgentMinecraftForge for SecureJarResource(nordic_structures)
[02Aug2025 00:49:15.665] [main/DEBUG] [mixin/]: MixinPlatformAgentMinecraftForge rejected container SecureJarResource(nordic_structures)
[02Aug2025 00:49:15.665] [main/DEBUG] [mixin/]: Instancing new MixinPlatformAgentDefault for SecureJarResource(nordic_structures)
[02Aug2025 00:49:15.665] [main/DEBUG] [mixin/]: MixinPlatformAgentDefault accepted container SecureJarResource(nordic_structures)
[02Aug2025 00:49:15.665] [main/DEBUG] [mixin/]: Processing prepare() for PlatformAgent[MixinPlatformAgentDefault:SecureJarResource(nordic_structures)]
[02Aug2025 00:49:15.665] [main/DEBUG] [mixin/]: Adding mixin platform agents for container SecureJarResource(sons_of_sins)
[02Aug2025 00:49:15.665] [main/DEBUG] [mixin/]: Instancing new MixinPlatformAgentMinecraftForge for SecureJarResource(sons_of_sins)
[02Aug2025 00:49:15.665] [main/DEBUG] [mixin/]: MixinPlatformAgentMinecraftForge rejected container SecureJarResource(sons_of_sins)
[02Aug2025 00:49:15.665] [main/DEBUG] [mixin/]: Instancing new MixinPlatformAgentDefault for SecureJarResource(sons_of_sins)
[02Aug2025 00:49:15.665] [main/DEBUG] [mixin/]: MixinPlatformAgentDefault accepted container SecureJarResource(sons_of_sins)
[02Aug2025 00:49:15.665] [main/DEBUG] [mixin/]: Processing prepare() for PlatformAgent[MixinPlatformAgentDefault:SecureJarResource(sons_of_sins)]
[02Aug2025 00:49:15.665] [main/DEBUG] [mixin/]: Adding mixin platform agents for container SecureJarResource(netherdungeons)
[02Aug2025 00:49:15.665] [main/DEBUG] [mixin/]: Instancing new MixinPlatformAgentMinecraftForge for SecureJarResource(netherdungeons)
[02Aug2025 00:49:15.665] [main/DEBUG] [mixin/]: MixinPlatformAgentMinecraftForge rejected container SecureJarResource(netherdungeons)
[02Aug2025 00:49:15.665] [main/DEBUG] [mixin/]: Instancing new MixinPlatformAgentDefault for SecureJarResource(netherdungeons)
[02Aug2025 00:49:15.665] [main/DEBUG] [mixin/]: MixinPlatformAgentDefault accepted container SecureJarResource(netherdungeons)
[02Aug2025 00:49:15.665] [main/DEBUG] [mixin/]: Processing prepare() for PlatformAgent[MixinPlatformAgentDefault:SecureJarResource(netherdungeons)]
[02Aug2025 00:49:15.665] [main/DEBUG] [mixin/]: Registering mixin config: mixins.netherdungeons.json
[02Aug2025 00:49:15.669] [main/DEBUG] [mixin/]: Adding mixin platform agents for container SecureJarResource(taxcp)
[02Aug2025 00:49:15.669] [main/DEBUG] [mixin/]: Instancing new MixinPlatformAgentMinecraftForge for SecureJarResource(taxcp)
[02Aug2025 00:49:15.670] [main/DEBUG] [mixin/]: MixinPlatformAgentMinecraftForge rejected container SecureJarResource(taxcp)
[02Aug2025 00:49:15.670] [main/DEBUG] [mixin/]: Instancing new MixinPlatformAgentDefault for SecureJarResource(taxcp)
[02Aug2025 00:49:15.670] [main/DEBUG] [mixin/]: MixinPlatformAgentDefault accepted container SecureJarResource(taxcp)
[02Aug2025 00:49:15.670] [main/DEBUG] [mixin/]: Processing prepare() for PlatformAgent[MixinPlatformAgentDefault:SecureJarResource(taxcp)]
[02Aug2025 00:49:15.670] [main/DEBUG] [mixin/]: Adding mixin platform agents for container SecureJarResource(jade)
[02Aug2025 00:49:15.670] [main/DEBUG] [mixin/]: Instancing new MixinPlatformAgentMinecraftForge for SecureJarResource(jade)
[02Aug2025 00:49:15.670] [main/DEBUG] [mixin/]: MixinPlatformAgentMinecraftForge rejected container SecureJarResource(jade)
[02Aug2025 00:49:15.671] [main/DEBUG] [mixin/]: Instancing new MixinPlatformAgentDefault for SecureJarResource(jade)
[02Aug2025 00:49:15.672] [main/DEBUG] [mixin/]: MixinPlatformAgentDefault accepted container SecureJarResource(jade)
[02Aug2025 00:49:15.672] [main/DEBUG] [mixin/]: Processing prepare() for PlatformAgent[MixinPlatformAgentDefault:SecureJarResource(jade)]
[02Aug2025 00:49:15.672] [main/DEBUG] [mixin/]: Registering mixin config: jade.mixins.json
[02Aug2025 00:49:15.674] [main/DEBUG] [mixin/]: Compatibility level JAVA_16 specified by jade.mixins.json is higher than the maximum level supported by this version of mixin (JAVA_13).
[02Aug2025 00:49:15.675] [main/DEBUG] [mixin/]: Adding mixin platform agents for container SecureJarResource(endrem)
[02Aug2025 00:49:15.675] [main/DEBUG] [mixin/]: Instancing new MixinPlatformAgentMinecraftForge for SecureJarResource(endrem)
[02Aug2025 00:49:15.675] [main/DEBUG] [mixin/]: MixinPlatformAgentMinecraftForge rejected container SecureJarResource(endrem)
[02Aug2025 00:49:15.675] [main/DEBUG] [mixin/]: Instancing new MixinPlatformAgentDefault for SecureJarResource(endrem)
[02Aug2025 00:49:15.675] [main/DEBUG] [mixin/]: MixinPlatformAgentDefault accepted container SecureJarResource(endrem)
[02Aug2025 00:49:15.675] [main/DEBUG] [mixin/]: Processing prepare() for PlatformAgent[MixinPlatformAgentDefault:SecureJarResource(endrem)]
[02Aug2025 00:49:15.675] [main/DEBUG] [mixin/]: Registering mixin config: endrem.mixins.json
[02Aug2025 00:49:15.678] [main/DEBUG] [mixin/]: Adding mixin platform agents for container SecureJarResource(mofus_better_end_)
[02Aug2025 00:49:15.678] [main/DEBUG] [mixin/]: Instancing new MixinPlatformAgentMinecraftForge for SecureJarResource(mofus_better_end_)
[02Aug2025 00:49:15.678] [main/DEBUG] [mixin/]: MixinPlatformAgentMinecraftForge rejected container SecureJarResource(mofus_better_end_)
[02Aug2025 00:49:15.678] [main/DEBUG] [mixin/]: Instancing new MixinPlatformAgentDefault for SecureJarResource(mofus_better_end_)
[02Aug2025 00:49:15.679] [main/DEBUG] [mixin/]: MixinPlatformAgentDefault accepted container SecureJarResource(mofus_better_end_)
[02Aug2025 00:49:15.679] [main/DEBUG] [mixin/]: Processing prepare() for PlatformAgent[MixinPlatformAgentDefault:SecureJarResource(mofus_better_end_)]
[02Aug2025 00:49:15.679] [main/DEBUG] [mixin/]: Registering mixin config: mixins.mofus_better_end_.json
[02Aug2025 00:49:15.680] [main/DEBUG] [mixin/]: Adding mixin platform agents for container SecureJarResource(hoporp)
[02Aug2025 00:49:15.680] [main/DEBUG] [mixin/]: Instancing new MixinPlatformAgentMinecraftForge for SecureJarResource(hoporp)
[02Aug2025 00:49:15.681] [main/DEBUG] [mixin/]: MixinPlatformAgentMinecraftForge rejected container SecureJarResource(hoporp)
[02Aug2025 00:49:15.681] [main/DEBUG] [mixin/]: Instancing new MixinPlatformAgentDefault for SecureJarResource(hoporp)
[02Aug2025 00:49:15.681] [main/DEBUG] [mixin/]: MixinPlatformAgentDefault accepted container SecureJarResource(hoporp)
[02Aug2025 00:49:15.681] [main/DEBUG] [mixin/]: Processing prepare() for PlatformAgent[MixinPlatformAgentDefault:SecureJarResource(hoporp)]
[02Aug2025 00:49:15.681] [main/DEBUG] [mixin/]: Adding mixin platform agents for container SecureJarResource(dungeons_plus)
[02Aug2025 00:49:15.681] [main/DEBUG] [mixin/]: Instancing new MixinPlatformAgentMinecraftForge for SecureJarResource(dungeons_plus)
[02Aug2025 00:49:15.681] [main/DEBUG] [mixin/]: MixinPlatformAgentMinecraftForge rejected container SecureJarResource(dungeons_plus)
[02Aug2025 00:49:15.681] [main/DEBUG] [mixin/]: Instancing new MixinPlatformAgentDefault for SecureJarResource(dungeons_plus)
[02Aug2025 00:49:15.682] [main/DEBUG] [mixin/]: MixinPlatformAgentDefault accepted container SecureJarResource(dungeons_plus)
[02Aug2025 00:49:15.682] [main/DEBUG] [mixin/]: Processing prepare() for PlatformAgent[MixinPlatformAgentDefault:SecureJarResource(dungeons_plus)]
[02Aug2025 00:49:15.683] [main/DEBUG] [mixin/]: Registering mixin config: mixins.dungeons_plus.json
[02Aug2025 00:49:15.684] [main/DEBUG] [mixin/]: Adding mixin platform agents for container SecureJarResource(bfendcities)
[02Aug2025 00:49:15.685] [main/DEBUG] [mixin/]: Instancing new MixinPlatformAgentMinecraftForge for SecureJarResource(bfendcities)
[02Aug2025 00:49:15.685] [main/DEBUG] [mixin/]: MixinPlatformAgentMinecraftForge rejected container SecureJarResource(bfendcities)
[02Aug2025 00:49:15.685] [main/DEBUG] [mixin/]: Instancing new MixinPlatformAgentDefault for SecureJarResource(bfendcities)
[02Aug2025 00:49:15.686] [main/DEBUG] [mixin/]: MixinPlatformAgentDefault accepted container SecureJarResource(bfendcities)
[02Aug2025 00:49:15.686] [main/DEBUG] [mixin/]: Processing prepare() for PlatformAgent[MixinPlatformAgentDefault:SecureJarResource(bfendcities)]
[02Aug2025 00:49:15.686] [main/DEBUG] [mixin/]: Registering mixin config: bfendcities.mixins.json
[02Aug2025 00:49:15.687] [main/DEBUG] [mixin/]: Compatibility level JAVA_8 specified by bfendcities.mixins.json is lower than the default level supported by the current mixin service (JAVA_16).
[02Aug2025 00:49:15.688] [main/DEBUG] [mixin/]: Adding mixin platform agents for container SecureJarResource(cleanswing)
[02Aug2025 00:49:15.688] [main/DEBUG] [mixin/]: Instancing new MixinPlatformAgentMinecraftForge for SecureJarResource(cleanswing)
[02Aug2025 00:49:15.688] [main/DEBUG] [mixin/]: MixinPlatformAgentMinecraftForge rejected container SecureJarResource(cleanswing)
[02Aug2025 00:49:15.688] [main/DEBUG] [mixin/]: Instancing new MixinPlatformAgentDefault for SecureJarResource(cleanswing)
[02Aug2025 00:49:15.688] [main/DEBUG] [mixin/]: MixinPlatformAgentDefault accepted container SecureJarResource(cleanswing)
[02Aug2025 00:49:15.688] [main/DEBUG] [mixin/]: Processing prepare() for PlatformAgent[MixinPlatformAgentDefault:SecureJarResource(cleanswing)]
[02Aug2025 00:49:15.689] [main/DEBUG] [mixin/]: Adding mixin platform agents for container SecureJarResource(lionfishapi)
[02Aug2025 00:49:15.689] [main/DEBUG] [mixin/]: Instancing new MixinPlatformAgentMinecraftForge for SecureJarResource(lionfishapi)
[02Aug2025 00:49:15.689] [main/DEBUG] [mixin/]: MixinPlatformAgentMinecraftForge rejected container SecureJarResource(lionfishapi)
[02Aug2025 00:49:15.689] [main/DEBUG] [mixin/]: Instancing new MixinPlatformAgentDefault for SecureJarResource(lionfishapi)
[02Aug2025 00:49:15.689] [main/DEBUG] [mixin/]: MixinPlatformAgentDefault accepted container SecureJarResource(lionfishapi)
[02Aug2025 00:49:15.689] [main/DEBUG] [mixin/]: Processing prepare() for PlatformAgent[MixinPlatformAgentDefault:SecureJarResource(lionfishapi)]
[02Aug2025 00:49:15.689] [main/DEBUG] [mixin/]: Registering mixin config: lionfishapi.mixins.json
[02Aug2025 00:49:15.691] [main/DEBUG] [mixin/]: Adding mixin platform agents for container SecureJarResource(dungeons_enhanced)
[02Aug2025 00:49:15.691] [main/DEBUG] [mixin/]: Instancing new MixinPlatformAgentMinecraftForge for SecureJarResource(dungeons_enhanced)
[02Aug2025 00:49:15.691] [main/DEBUG] [mixin/]: MixinPlatformAgentMinecraftForge rejected container SecureJarResource(dungeons_enhanced)
[02Aug2025 00:49:15.691] [main/DEBUG] [mixin/]: Instancing new MixinPlatformAgentDefault for SecureJarResource(dungeons_enhanced)
[02Aug2025 00:49:15.692] [main/DEBUG] [mixin/]: MixinPlatformAgentDefault accepted container SecureJarResource(dungeons_enhanced)
[02Aug2025 00:49:15.692] [main/DEBUG] [mixin/]: Processing prepare() for PlatformAgent[MixinPlatformAgentDefault:SecureJarResource(dungeons_enhanced)]
[02Aug2025 00:49:15.692] [main/DEBUG] [mixin/]: Adding mixin platform agents for container SecureJarResource(cnb)
[02Aug2025 00:49:15.692] [main/DEBUG] [mixin/]: Instancing new MixinPlatformAgentMinecraftForge for SecureJarResource(cnb)
[02Aug2025 00:49:15.692] [main/DEBUG] [mixin/]: MixinPlatformAgentMinecraftForge rejected container SecureJarResource(cnb)
[02Aug2025 00:49:15.692] [main/DEBUG] [mixin/]: Instancing new MixinPlatformAgentDefault for SecureJarResource(cnb)
[02Aug2025 00:49:15.692] [main/DEBUG] [mixin/]: MixinPlatformAgentDefault accepted container SecureJarResource(cnb)
[02Aug2025 00:49:15.693] [main/DEBUG] [mixin/]: Processing prepare() for PlatformAgent[MixinPlatformAgentDefault:SecureJarResource(cnb)]
[02Aug2025 00:49:15.693] [main/DEBUG] [mixin/]: Adding mixin platform agents for container SecureJarResource(geckolib)
[02Aug2025 00:49:15.693] [main/DEBUG] [mixin/]: Instancing new MixinPlatformAgentMinecraftForge for SecureJarResource(geckolib)
[02Aug2025 00:49:15.693] [main/DEBUG] [mixin/]: MixinPlatformAgentMinecraftForge rejected container SecureJarResource(geckolib)
[02Aug2025 00:49:15.693] [main/DEBUG] [mixin/]: Instancing new MixinPlatformAgentDefault for SecureJarResource(geckolib)
[02Aug2025 00:49:15.693] [main/DEBUG] [mixin/]: MixinPlatformAgentDefault accepted container SecureJarResource(geckolib)
[02Aug2025 00:49:15.693] [main/DEBUG] [mixin/]: Processing prepare() for PlatformAgent[MixinPlatformAgentDefault:SecureJarResource(geckolib)]
[02Aug2025 00:49:15.694] [main/DEBUG] [mixin/]: Registering mixin config: geckolib.mixins.json
[02Aug2025 00:49:15.696] [main/DEBUG] [mixin/]: Adding mixin platform agents for container SecureJarResource(cataclysm)
[02Aug2025 00:49:15.696] [main/DEBUG] [mixin/]: Instancing new MixinPlatformAgentMinecraftForge for SecureJarResource(cataclysm)
[02Aug2025 00:49:15.696] [main/DEBUG] [mixin/]: MixinPlatformAgentMinecraftForge rejected container SecureJarResource(cataclysm)
[02Aug2025 00:49:15.696] [main/DEBUG] [mixin/]: Instancing new MixinPlatformAgentDefault for SecureJarResource(cataclysm)
[02Aug2025 00:49:15.696] [main/DEBUG] [mixin/]: MixinPlatformAgentDefault accepted container SecureJarResource(cataclysm)
[02Aug2025 00:49:15.697] [main/DEBUG] [mixin/]: Processing prepare() for PlatformAgent[MixinPlatformAgentDefault:SecureJarResource(cataclysm)]
[02Aug2025 00:49:15.697] [main/DEBUG] [mixin/]: Registering mixin config: lionfishapi.mixins.json
[02Aug2025 00:49:15.697] [main/DEBUG] [mixin/]: Registering mixin config: cataclysm.mixins.json
[02Aug2025 00:49:15.699] [main/DEBUG] [mixin/]: Adding mixin platform agents for container SecureJarResource(curios)
[02Aug2025 00:49:15.699] [main/DEBUG] [mixin/]: Instancing new MixinPlatformAgentMinecraftForge for SecureJarResource(curios)
[02Aug2025 00:49:15.699] [main/DEBUG] [mixin/]: MixinPlatformAgentMinecraftForge rejected container SecureJarResource(curios)
[02Aug2025 00:49:15.699] [main/DEBUG] [mixin/]: Instancing new MixinPlatformAgentDefault for SecureJarResource(curios)
[02Aug2025 00:49:15.700] [main/DEBUG] [mixin/]: MixinPlatformAgentDefault accepted container SecureJarResource(curios)
[02Aug2025 00:49:15.700] [main/DEBUG] [mixin/]: Processing prepare() for PlatformAgent[MixinPlatformAgentDefault:SecureJarResource(curios)]
[02Aug2025 00:49:15.700] [main/DEBUG] [mixin/]: Registering mixin config: curios.mixins.json
[02Aug2025 00:49:15.701] [main/DEBUG] [mixin/]: Adding mixin platform agents for container SecureJarResource(mes)
[02Aug2025 00:49:15.702] [main/DEBUG] [mixin/]: Instancing new MixinPlatformAgentMinecraftForge for SecureJarResource(mes)
[02Aug2025 00:49:15.702] [main/DEBUG] [mixin/]: MixinPlatformAgentMinecraftForge rejected container SecureJarResource(mes)
[02Aug2025 00:49:15.702] [main/DEBUG] [mixin/]: Instancing new MixinPlatformAgentDefault for SecureJarResource(mes)
[02Aug2025 00:49:15.703] [main/DEBUG] [mixin/]: MixinPlatformAgentDefault accepted container SecureJarResource(mes)
[02Aug2025 00:49:15.703] [main/DEBUG] [mixin/]: Processing prepare() for PlatformAgent[MixinPlatformAgentDefault:SecureJarResource(mes)]
[02Aug2025 00:49:15.703] [main/DEBUG] [mixin/]: Registering mixin config: mes-common.mixins.json
[02Aug2025 00:49:15.704] [main/DEBUG] [mixin/]: Registering mixin config: mes-forge.mixins.json
[02Aug2025 00:49:15.709] [main/DEBUG] [mixin/]: Adding mixin platform agents for container SecureJarResource(collective)
[02Aug2025 00:49:15.710] [main/DEBUG] [mixin/]: Instancing new MixinPlatformAgentMinecraftForge for SecureJarResource(collective)
[02Aug2025 00:49:15.710] [main/DEBUG] [mixin/]: MixinPlatformAgentMinecraftForge rejected container SecureJarResource(collective)
[02Aug2025 00:49:15.710] [main/DEBUG] [mixin/]: Instancing new MixinPlatformAgentDefault for SecureJarResource(collective)
[02Aug2025 00:49:15.710] [main/DEBUG] [mixin/]: MixinPlatformAgentDefault accepted container SecureJarResource(collective)
[02Aug2025 00:49:15.710] [main/DEBUG] [mixin/]: Processing prepare() for PlatformAgent[MixinPlatformAgentDefault:SecureJarResource(collective)]
[02Aug2025 00:49:15.710] [main/DEBUG] [mixin/]: Registering mixin config: collective_forge.mixins.json
[02Aug2025 00:49:15.712] [main/DEBUG] [mixin/]: Adding mixin platform agents for container SecureJarResource(tcrm)
[02Aug2025 00:49:15.712] [main/DEBUG] [mixin/]: Instancing new MixinPlatformAgentMinecraftForge for SecureJarResource(tcrm)
[02Aug2025 00:49:15.712] [main/DEBUG] [mixin/]: MixinPlatformAgentMinecraftForge rejected container SecureJarResource(tcrm)
[02Aug2025 00:49:15.712] [main/DEBUG] [mixin/]: Instancing new MixinPlatformAgentDefault for SecureJarResource(tcrm)
[02Aug2025 00:49:15.713] [main/DEBUG] [mixin/]: MixinPlatformAgentDefault accepted container SecureJarResource(tcrm)
[02Aug2025 00:49:15.714] [main/DEBUG] [mixin/]: Processing prepare() for PlatformAgent[MixinPlatformAgentDefault:SecureJarResource(tcrm)]
[02Aug2025 00:49:15.714] [main/DEBUG] [mixin/]: Adding mixin platform agents for container SecureJarResource(cerbons_api)
[02Aug2025 00:49:15.715] [main/DEBUG] [mixin/]: Instancing new MixinPlatformAgentMinecraftForge for SecureJarResource(cerbons_api)
[02Aug2025 00:49:15.715] [main/DEBUG] [mixin/]: MixinPlatformAgentMinecraftForge rejected container SecureJarResource(cerbons_api)
[02Aug2025 00:49:15.715] [main/DEBUG] [mixin/]: Instancing new MixinPlatformAgentDefault for SecureJarResource(cerbons_api)
[02Aug2025 00:49:15.715] [main/DEBUG] [mixin/]: MixinPlatformAgentDefault accepted container SecureJarResource(cerbons_api)
[02Aug2025 00:49:15.715] [main/DEBUG] [mixin/]: Processing prepare() for PlatformAgent[MixinPlatformAgentDefault:SecureJarResource(cerbons_api)]
[02Aug2025 00:49:15.715] [main/DEBUG] [mixin/]: Registering mixin config: mixins.cerbons_api.json
[02Aug2025 00:49:15.717] [main/DEBUG] [mixin/]: Adding mixin platform agents for container SecureJarResource(legendary_monsters)
[02Aug2025 00:49:15.718] [main/DEBUG] [mixin/]: Instancing new MixinPlatformAgentMinecraftForge for SecureJarResource(legendary_monsters)
[02Aug2025 00:49:15.718] [main/DEBUG] [mixin/]: MixinPlatformAgentMinecraftForge rejected container SecureJarResource(legendary_monsters)
[02Aug2025 00:49:15.718] [main/DEBUG] [mixin/]: Instancing new MixinPlatformAgentDefault for SecureJarResource(legendary_monsters)
[02Aug2025 00:49:15.718] [main/DEBUG] [mixin/]: MixinPlatformAgentDefault accepted container SecureJarResource(legendary_monsters)
[02Aug2025 00:49:15.718] [main/DEBUG] [mixin/]: Processing prepare() for PlatformAgent[MixinPlatformAgentDefault:SecureJarResource(legendary_monsters)]
[02Aug2025 00:49:15.718] [main/DEBUG] [mixin/]: Adding mixin platform agents for container SecureJarResource(mr_dungeons_andtaverns)
[02Aug2025 00:49:15.719] [main/DEBUG] [mixin/]: Instancing new MixinPlatformAgentMinecraftForge for SecureJarResource(mr_dungeons_andtaverns)
[02Aug2025 00:49:15.719] [main/DEBUG] [mixin/]: MixinPlatformAgentMinecraftForge rejected container SecureJarResource(mr_dungeons_andtaverns)
[02Aug2025 00:49:15.719] [main/DEBUG] [mixin/]: Instancing new MixinPlatformAgentDefault for SecureJarResource(mr_dungeons_andtaverns)
[02Aug2025 00:49:15.720] [main/DEBUG] [mixin/]: MixinPlatformAgentDefault accepted container SecureJarResource(mr_dungeons_andtaverns)
[02Aug2025 00:49:15.720] [main/DEBUG] [mixin/]: Processing prepare() for PlatformAgent[MixinPlatformAgentDefault:SecureJarResource(mr_dungeons_andtaverns)]
[02Aug2025 00:49:15.720] [main/DEBUG] [mixin/]: Adding mixin platform agents for container SecureJarResource(inventoryhud)
[02Aug2025 00:49:15.720] [main/DEBUG] [mixin/]: Instancing new MixinPlatformAgentMinecraftForge for SecureJarResource(inventoryhud)
[02Aug2025 00:49:15.720] [main/DEBUG] [mixin/]: MixinPlatformAgentMinecraftForge rejected container SecureJarResource(inventoryhud)
[02Aug2025 00:49:15.720] [main/DEBUG] [mixin/]: Instancing new MixinPlatformAgentDefault for SecureJarResource(inventoryhud)
[02Aug2025 00:49:15.720] [main/DEBUG] [mixin/]: MixinPlatformAgentDefault accepted container SecureJarResource(inventoryhud)
[02Aug2025 00:49:15.721] [main/DEBUG] [mixin/]: Processing prepare() for PlatformAgent[MixinPlatformAgentDefault:SecureJarResource(inventoryhud)]
[02Aug2025 00:49:15.721] [main/DEBUG] [mixin/]: Adding mixin platform agents for container SecureJarResource(tombstone)
[02Aug2025 00:49:15.721] [main/DEBUG] [mixin/]: Instancing new MixinPlatformAgentMinecraftForge for SecureJarResource(tombstone)
[02Aug2025 00:49:15.721] [main/DEBUG] [mixin/]: MixinPlatformAgentMinecraftForge rejected container SecureJarResource(tombstone)
[02Aug2025 00:49:15.721] [main/DEBUG] [mixin/]: Instancing new MixinPlatformAgentDefault for SecureJarResource(tombstone)
[02Aug2025 00:49:15.721] [main/DEBUG] [mixin/]: MixinPlatformAgentDefault accepted container SecureJarResource(tombstone)
[02Aug2025 00:49:15.721] [main/DEBUG] [mixin/]: Processing prepare() for PlatformAgent[MixinPlatformAgentDefault:SecureJarResource(tombstone)]
[02Aug2025 00:49:15.721] [main/DEBUG] [mixin/]: Registering mixin config: tombstone.mixins.json
[02Aug2025 00:49:15.723] [main/DEBUG] [mixin/]: Adding mixin platform agents for container SecureJarResource(mr_qraftys_endvillages)
[02Aug2025 00:49:15.725] [main/DEBUG] [mixin/]: Instancing new MixinPlatformAgentMinecraftForge for SecureJarResource(mr_qraftys_endvillages)
[02Aug2025 00:49:15.725] [main/DEBUG] [mixin/]: MixinPlatformAgentMinecraftForge rejected container SecureJarResource(mr_qraftys_endvillages)
[02Aug2025 00:49:15.725] [main/DEBUG] [mixin/]: Instancing new MixinPlatformAgentDefault for SecureJarResource(mr_qraftys_endvillages)
[02Aug2025 00:49:15.725] [main/DEBUG] [mixin/]: MixinPlatformAgentDefault accepted container SecureJarResource(mr_qraftys_endvillages)
[02Aug2025 00:49:15.725] [main/DEBUG] [mixin/]: Processing prepare() for PlatformAgent[MixinPlatformAgentDefault:SecureJarResource(mr_qraftys_endvillages)]
[02Aug2025 00:49:15.725] [main/DEBUG] [mixin/]: Adding mixin platform agents for container SecureJarResource(tlc)
[02Aug2025 00:49:15.725] [main/DEBUG] [mixin/]: Instancing new MixinPlatformAgentMinecraftForge for SecureJarResource(tlc)
[02Aug2025 00:49:15.726] [main/DEBUG] [mixin/]: MixinPlatformAgentMinecraftForge rejected container SecureJarResource(tlc)
[02Aug2025 00:49:15.726] [main/DEBUG] [mixin/]: Instancing new MixinPlatformAgentDefault for SecureJarResource(tlc)
[02Aug2025 00:49:15.726] [main/DEBUG] [mixin/]: MixinPlatformAgentDefault accepted container SecureJarResource(tlc)
[02Aug2025 00:49:15.726] [main/DEBUG] [mixin/]: Processing prepare() for PlatformAgent[MixinPlatformAgentDefault:SecureJarResource(tlc)]
[02Aug2025 00:49:15.726] [main/DEBUG] [mixin/]: Registering mixin config: tlc.mixins.json
[02Aug2025 00:49:15.728] [main/DEBUG] [mixin/]: Adding mixin platform agents for container SecureJarResource(mr_limesplatus_ending)
[02Aug2025 00:49:15.728] [main/DEBUG] [mixin/]: Instancing new MixinPlatformAgentMinecraftForge for SecureJarResource(mr_limesplatus_ending)
[02Aug2025 00:49:15.728] [main/DEBUG] [mixin/]: MixinPlatformAgentMinecraftForge rejected container SecureJarResource(mr_limesplatus_ending)
[02Aug2025 00:49:15.729] [main/DEBUG] [mixin/]: Instancing new MixinPlatformAgentDefault for SecureJarResource(mr_limesplatus_ending)
[02Aug2025 00:49:15.729] [main/DEBUG] [mixin/]: MixinPlatformAgentDefault accepted container SecureJarResource(mr_limesplatus_ending)
[02Aug2025 00:49:15.729] [main/DEBUG] [mixin/]: Processing prepare() for PlatformAgent[MixinPlatformAgentDefault:SecureJarResource(mr_limesplatus_ending)]
[02Aug2025 00:49:15.729] [main/DEBUG] [mixin/]: Adding mixin platform agents for container SecureJarResource(globalxp)
[02Aug2025 00:49:15.729] [main/DEBUG] [mixin/]: Instancing new MixinPlatformAgentMinecraftForge for SecureJarResource(globalxp)
[02Aug2025 00:49:15.729] [main/DEBUG] [mixin/]: MixinPlatformAgentMinecraftForge rejected container SecureJarResource(globalxp)
[02Aug2025 00:49:15.729] [main/DEBUG] [mixin/]: Instancing new MixinPlatformAgentDefault for SecureJarResource(globalxp)
[02Aug2025 00:49:15.730] [main/DEBUG] [mixin/]: MixinPlatformAgentDefault accepted container SecureJarResource(globalxp)
[02Aug2025 00:49:15.730] [main/DEBUG] [mixin/]: Processing prepare() for PlatformAgent[MixinPlatformAgentDefault:SecureJarResource(globalxp)]
[02Aug2025 00:49:15.730] [main/DEBUG] [mixin/]: Adding mixin platform agents for container SecureJarResource(animatedmobsmod)
[02Aug2025 00:49:15.730] [main/DEBUG] [mixin/]: Instancing new MixinPlatformAgentMinecraftForge for SecureJarResource(animatedmobsmod)
[02Aug2025 00:49:15.730] [main/DEBUG] [mixin/]: MixinPlatformAgentMinecraftForge rejected container SecureJarResource(animatedmobsmod)
[02Aug2025 00:49:15.730] [main/DEBUG] [mixin/]: Instancing new MixinPlatformAgentDefault for SecureJarResource(animatedmobsmod)
[02Aug2025 00:49:15.730] [main/DEBUG] [mixin/]: MixinPlatformAgentDefault accepted container SecureJarResource(animatedmobsmod)
[02Aug2025 00:49:15.730] [main/DEBUG] [mixin/]: Processing prepare() for PlatformAgent[MixinPlatformAgentDefault:SecureJarResource(animatedmobsmod)]
[02Aug2025 00:49:15.730] [main/DEBUG] [mixin/]: Adding mixin platform agents for container SecureJarResource(betterendisland)
[02Aug2025 00:49:15.730] [main/DEBUG] [mixin/]: Instancing new MixinPlatformAgentMinecraftForge for SecureJarResource(betterendisland)
[02Aug2025 00:49:15.730] [main/DEBUG] [mixin/]: MixinPlatformAgentMinecraftForge rejected container SecureJarResource(betterendisland)
[02Aug2025 00:49:15.731] [main/DEBUG] [mixin/]: Instancing new MixinPlatformAgentDefault for SecureJarResource(betterendisland)
[02Aug2025 00:49:15.731] [main/DEBUG] [mixin/]: MixinPlatformAgentDefault accepted container SecureJarResource(betterendisland)
[02Aug2025 00:49:15.731] [main/DEBUG] [mixin/]: Processing prepare() for PlatformAgent[MixinPlatformAgentDefault:SecureJarResource(betterendisland)]
[02Aug2025 00:49:15.731] [main/DEBUG] [mixin/]: Registering mixin config: betterendisland.mixins.json
[02Aug2025 00:49:15.733] [main/DEBUG] [mixin/]: Registering mixin config: betterendisland_forge.mixins.json
[02Aug2025 00:49:15.735] [main/DEBUG] [mixin/]: Adding mixin platform agents for container SecureJarResource(justzoom)
[02Aug2025 00:49:15.735] [main/DEBUG] [mixin/]: Instancing new MixinPlatformAgentMinecraftForge for SecureJarResource(justzoom)
[02Aug2025 00:49:15.735] [main/DEBUG] [mixin/]: MixinPlatformAgentMinecraftForge rejected container SecureJarResource(justzoom)
[02Aug2025 00:49:15.735] [main/DEBUG] [mixin/]: Instancing new MixinPlatformAgentDefault for SecureJarResource(justzoom)
[02Aug2025 00:49:15.735] [main/DEBUG] [mixin/]: MixinPlatformAgentDefault accepted container SecureJarResource(justzoom)
[02Aug2025 00:49:15.735] [main/DEBUG] [mixin/]: Processing prepare() for PlatformAgent[MixinPlatformAgentDefault:SecureJarResource(justzoom)]
[02Aug2025 00:49:15.736] [main/DEBUG] [mixin/]: Registering mixin config: justzoom.mixin.json
[02Aug2025 00:49:15.737] [main/DEBUG] [mixin/]: Adding mixin platform agents for container SecureJarResource(extra_dungeons)
[02Aug2025 00:49:15.737] [main/DEBUG] [mixin/]: Instancing new MixinPlatformAgentMinecraftForge for SecureJarResource(extra_dungeons)
[02Aug2025 00:49:15.737] [main/DEBUG] [mixin/]: MixinPlatformAgentMinecraftForge rejected container SecureJarResource(extra_dungeons)
[02Aug2025 00:49:15.737] [main/DEBUG] [mixin/]: Instancing new MixinPlatformAgentDefault for SecureJarResource(extra_dungeons)
[02Aug2025 00:49:15.737] [main/DEBUG] [mixin/]: MixinPlatformAgentDefault accepted container SecureJarResource(extra_dungeons)
[02Aug2025 00:49:15.737] [main/DEBUG] [mixin/]: Processing prepare() for PlatformAgent[MixinPlatformAgentDefault:SecureJarResource(extra_dungeons)]
[02Aug2025 00:49:15.737] [main/DEBUG] [mixin/]: Adding mixin platform agents for container SecureJarResource(mns)
[02Aug2025 00:49:15.737] [main/DEBUG] [mixin/]: Instancing new MixinPlatformAgentMinecraftForge for SecureJarResource(mns)
[02Aug2025 00:49:15.737] [main/DEBUG] [mixin/]: MixinPlatformAgentMinecraftForge rejected container SecureJarResource(mns)
[02Aug2025 00:49:15.737] [main/DEBUG] [mixin/]: Instancing new MixinPlatformAgentDefault for SecureJarResource(mns)
[02Aug2025 00:49:15.738] [main/DEBUG] [mixin/]: MixinPlatformAgentDefault accepted container SecureJarResource(mns)
[02Aug2025 00:49:15.738] [main/DEBUG] [mixin/]: Processing prepare() for PlatformAgent[MixinPlatformAgentDefault:SecureJarResource(mns)]
[02Aug2025 00:49:15.738] [main/DEBUG] [mixin/]: Registering mixin config: mns-common.mixins.json
[02Aug2025 00:49:15.739] [main/DEBUG] [mixin/]: Registering mixin config: mns-forge.mixins.json
[02Aug2025 00:49:15.740] [main/DEBUG] [mixin/]: Adding mixin platform agents for container SecureJarResource(luminous_nether)
[02Aug2025 00:49:15.740] [main/DEBUG] [mixin/]: Instancing new MixinPlatformAgentMinecraftForge for SecureJarResource(luminous_nether)
[02Aug2025 00:49:15.741] [main/DEBUG] [mixin/]: MixinPlatformAgentMinecraftForge rejected container SecureJarResource(luminous_nether)
[02Aug2025 00:49:15.741] [main/DEBUG] [mixin/]: Instancing new MixinPlatformAgentDefault for SecureJarResource(luminous_nether)
[02Aug2025 00:49:15.741] [main/DEBUG] [mixin/]: MixinPlatformAgentDefault accepted container SecureJarResource(luminous_nether)
[02Aug2025 00:49:15.741] [main/DEBUG] [mixin/]: Processing prepare() for PlatformAgent[MixinPlatformAgentDefault:SecureJarResource(luminous_nether)]
[02Aug2025 00:49:15.741] [main/DEBUG] [mixin/]: Registering mixin config: mixins.luminous_nether.json
[02Aug2025 00:49:15.742] [main/DEBUG] [mixin/]: Adding mixin platform agents for container SecureJarResource(scaffoldingdropsnearby)
[02Aug2025 00:49:15.742] [main/DEBUG] [mixin/]: Instancing new MixinPlatformAgentMinecraftForge for SecureJarResource(scaffoldingdropsnearby)
[02Aug2025 00:49:15.742] [main/DEBUG] [mixin/]: MixinPlatformAgentMinecraftForge rejected container SecureJarResource(scaffoldingdropsnearby)
[02Aug2025 00:49:15.742] [main/DEBUG] [mixin/]: Instancing new MixinPlatformAgentDefault for SecureJarResource(scaffoldingdropsnearby)
[02Aug2025 00:49:15.742] [main/DEBUG] [mixin/]: MixinPlatformAgentDefault accepted container SecureJarResource(scaffoldingdropsnearby)
[02Aug2025 00:49:15.742] [main/DEBUG] [mixin/]: Processing prepare() for PlatformAgent[MixinPlatformAgentDefault:SecureJarResource(scaffoldingdropsnearby)]
[02Aug2025 00:49:15.742] [main/DEBUG] [mixin/]: Registering mixin config: scaffoldingdropsnearby_forge.mixins.json
[02Aug2025 00:49:15.744] [main/DEBUG] [mixin/]: Adding mixin platform agents for container SecureJarResource(hs_bosses)
[02Aug2025 00:49:15.744] [main/DEBUG] [mixin/]: Instancing new MixinPlatformAgentMinecraftForge for SecureJarResource(hs_bosses)
[02Aug2025 00:49:15.744] [main/DEBUG] [mixin/]: MixinPlatformAgentMinecraftForge rejected container SecureJarResource(hs_bosses)
[02Aug2025 00:49:15.744] [main/DEBUG] [mixin/]: Instancing new MixinPlatformAgentDefault for SecureJarResource(hs_bosses)
[02Aug2025 00:49:15.744] [main/DEBUG] [mixin/]: MixinPlatformAgentDefault accepted container SecureJarResource(hs_bosses)
[02Aug2025 00:49:15.744] [main/DEBUG] [mixin/]: Processing prepare() for PlatformAgent[MixinPlatformAgentDefault:SecureJarResource(hs_bosses)]
[02Aug2025 00:49:15.744] [main/DEBUG] [mixin/]: Adding mixin platform agents for container SecureJarResource(mclib)
[02Aug2025 00:49:15.744] [main/DEBUG] [mixin/]: Instancing new MixinPlatformAgentMinecraftForge for SecureJarResource(mclib)
[02Aug2025 00:49:15.744] [main/DEBUG] [mixin/]: MixinPlatformAgentMinecraftForge rejected container SecureJarResource(mclib)
[02Aug2025 00:49:15.744] [main/DEBUG] [mixin/]: Instancing new MixinPlatformAgentDefault for SecureJarResource(mclib)
[02Aug2025 00:49:15.744] [main/DEBUG] [mixin/]: MixinPlatformAgentDefault accepted container SecureJarResource(mclib)
[02Aug2025 00:49:15.744] [main/DEBUG] [mixin/]: Processing prepare() for PlatformAgent[MixinPlatformAgentDefault:SecureJarResource(mclib)]
[02Aug2025 00:49:15.744] [main/DEBUG] [mixin/]: Adding mixin platform agents for container SecureJarResource(MixinExtras)
[02Aug2025 00:49:15.744] [main/DEBUG] [mixin/]: Instancing new MixinPlatformAgentMinecraftForge for SecureJarResource(MixinExtras)
[02Aug2025 00:49:15.744] [main/DEBUG] [mixin/]: MixinPlatformAgentMinecraftForge rejected container SecureJarResource(MixinExtras)
[02Aug2025 00:49:15.744] [main/DEBUG] [mixin/]: Instancing new MixinPlatformAgentDefault for SecureJarResource(MixinExtras)
[02Aug2025 00:49:15.744] [main/DEBUG] [mixin/]: MixinPlatformAgentDefault accepted container SecureJarResource(MixinExtras)
[02Aug2025 00:49:15.744] [main/DEBUG] [mixin/]: Processing prepare() for PlatformAgent[MixinPlatformAgentDefault:SecureJarResource(MixinExtras)]
[02Aug2025 00:49:15.745] [main/DEBUG] [mixin/]: inject() running with 90 agents
[02Aug2025 00:49:15.745] [main/DEBUG] [mixin/]: Processing inject() for PlatformAgent[MixinPlatformAgentDefault:ModLauncher Root Container(ModLauncher:4f56a0a2)]
[02Aug2025 00:49:15.745] [main/DEBUG] [mixin/]: Processing inject() for PlatformAgent[MixinPlatformAgentDefault:SecureJarResource(betterdungeons)]
[02Aug2025 00:49:15.745] [main/DEBUG] [mixin/]: Processing inject() for PlatformAgent[MixinPlatformAgentDefault:SecureJarResource(ati_structures)]
[02Aug2025 00:49:15.745] [main/DEBUG] [mixin/]: Processing inject() for PlatformAgent[MixinPlatformAgentDefault:SecureJarResource(netherexp)]
[02Aug2025 00:49:15.745] [main/DEBUG] [mixin/]: Processing inject() for PlatformAgent[MixinPlatformAgentDefault:SecureJarResource(formationsnether)]
[02Aug2025 00:49:15.745] [main/DEBUG] [mixin/]: Processing inject() for PlatformAgent[MixinPlatformAgentDefault:SecureJarResource(elysium_api)]
[02Aug2025 00:49:15.745] [main/DEBUG] [mixin/]: Processing inject() for PlatformAgent[MixinPlatformAgentDefault:SecureJarResource(blazegear)]
[02Aug2025 00:49:15.745] [main/DEBUG] [mixin/]: Processing inject() for PlatformAgent[MixinPlatformAgentDefault:SecureJarResource(nethers_exoticism)]
[02Aug2025 00:49:15.745] [main/DEBUG] [mixin/]: Processing inject() for PlatformAgent[MixinPlatformAgentDefault:SecureJarResource(realmrpg_demons)]
[02Aug2025 00:49:15.745] [main/DEBUG] [mixin/]: Processing inject() for PlatformAgent[MixinPlatformAgentDefault:SecureJarResource(jei)]
[02Aug2025 00:49:15.745] [main/DEBUG] [mixin/]: Processing inject() for PlatformAgent[MixinPlatformAgentDefault:SecureJarResource(pehkui)]
[02Aug2025 00:49:15.745] [main/DEBUG] [mixin/]: Processing inject() for PlatformAgent[MixinPlatformAgentDefault:SecureJarResource(stalwart_dungeons)]
[02Aug2025 00:49:15.745] [main/DEBUG] [mixin/]: Processing inject() for PlatformAgent[MixinPlatformAgentDefault:SecureJarResource(obscure_api)]
[02Aug2025 00:49:15.745] [main/DEBUG] [mixin/]: Processing inject() for PlatformAgent[MixinPlatformAgentDefault:SecureJarResource(incendium)]
[02Aug2025 00:49:15.745] [main/DEBUG] [mixin/]: Processing inject() for PlatformAgent[MixinPlatformAgentDefault:SecureJarResource(sophisticatedcore)]
[02Aug2025 00:49:15.745] [main/DEBUG] [mixin/]: Processing inject() for PlatformAgent[MixinPlatformAgentDefault:SecureJarResource(netheroverhaul)]
[02Aug2025 00:49:15.745] [main/DEBUG] [mixin/]: Processing inject() for PlatformAgent[MixinPlatformAgentDefault:SecureJarResource(kleeslabs)]
[02Aug2025 00:49:15.745] [main/DEBUG] [mixin/]: Processing inject() for PlatformAgent[MixinPlatformAgentDefault:SecureJarResource(enlightened_end)]
[02Aug2025 00:49:15.745] [main/DEBUG] [mixin/]: Processing inject() for PlatformAgent[MixinPlatformAgentDefault:SecureJarResource(waystones)]
[02Aug2025 00:49:15.745] [main/DEBUG] [mixin/]: Processing inject() for PlatformAgent[MixinPlatformAgentDefault:SecureJarResource(piglinproliferation)]
[02Aug2025 00:49:15.745] [main/DEBUG] [mixin/]: Processing inject() for PlatformAgent[MixinPlatformAgentDefault:SecureJarResource(journeymap)]
[02Aug2025 00:49:15.745] [main/DEBUG] [mixin/]: Processing inject() for PlatformAgent[MixinPlatformAgentDefault:SecureJarResource(dungeonnowloading)]
[02Aug2025 00:49:15.745] [main/DEBUG] [mixin/]: Processing inject() for PlatformAgent[MixinPlatformAgentDefault:SecureJarResource(betterendcities)]
[02Aug2025 00:49:15.745] [main/DEBUG] [mixin/]: Processing inject() for PlatformAgent[MixinPlatformAgentDefault:SecureJarResource(citadel)]
[02Aug2025 00:49:15.745] [main/DEBUG] [mixin/]: Processing inject() for PlatformAgent[MixinPlatformAgentDefault:SecureJarResource(alexsmobs)]
[02Aug2025 00:49:15.745] [main/DEBUG] [mixin/]: Processing inject() for PlatformAgent[MixinPlatformAgentDefault:SecureJarResource(yungsapi)]
[02Aug2025 00:49:15.745] [main/DEBUG] [mixin/]: Processing inject() for PlatformAgent[MixinPlatformAgentDefault:SecureJarResource(outer_end)]
[02Aug2025 00:49:15.746] [main/DEBUG] [mixin/]: Processing inject() for PlatformAgent[MixinPlatformAgentDefault:SecureJarResource(mixinextras)]
[02Aug2025 00:49:15.746] [main/DEBUG] [mixin/]: Processing inject() for PlatformAgent[MixinPlatformAgentDefault:SecureJarResource(dungeoncrawl)]
[02Aug2025 00:49:15.746] [main/DEBUG] [mixin/]: Processing inject() for PlatformAgent[MixinPlatformAgentDefault:SecureJarResource(call_of_yucutan)]
[02Aug2025 00:49:15.746] [main/DEBUG] [mixin/]: Processing inject() for PlatformAgent[MixinPlatformAgentDefault:SecureJarResource(sophisticatedbackpacks)]
[02Aug2025 00:49:15.746] [main/DEBUG] [mixin/]: Processing inject() for PlatformAgent[MixinPlatformAgentDefault:SecureJarResource(takesapillage)]
[02Aug2025 00:49:15.746] [main/DEBUG] [mixin/]: Processing inject() for PlatformAgent[MixinPlatformAgentDefault:SecureJarResource(balm)]
[02Aug2025 00:49:15.746] [main/DEBUG] [mixin/]: Processing inject() for PlatformAgent[MixinPlatformAgentDefault:SecureJarResource(bosses_of_mass_destruction)]
[02Aug2025 00:49:15.746] [main/DEBUG] [mixin/]: Processing inject() for PlatformAgent[MixinPlatformAgentDefault:SecureJarResource(blueprint)]
[02Aug2025 00:49:15.746] [main/DEBUG] [mixin/]: Processing inject() for PlatformAgent[MixinPlatformAgentDefault:SecureJarResource(jeresources)]
[02Aug2025 00:49:15.746] [main/DEBUG] [mixin/]: Processing inject() for PlatformAgent[MixinPlatformAgentDefault:SecureJarResource(faded_conquest_2)]
[02Aug2025 00:49:15.746] [main/DEBUG] [mixin/]: Processing inject() for PlatformAgent[MixinPlatformAgentDefault:SecureJarResource(formations)]
[02Aug2025 00:49:15.746] [main/DEBUG] [mixin/]: Processing inject() for PlatformAgent[MixinPlatformAgentDefault:SecureJarResource(betterfortresses)]
[02Aug2025 00:49:15.746] [main/DEBUG] [mixin/]: Processing inject() for PlatformAgent[MixinPlatformAgentDefault:SecureJarResource(dungeons_arise_seven_seas)]
[02Aug2025 00:49:15.746] [main/DEBUG] [mixin/]: Processing inject() for PlatformAgent[MixinPlatformAgentDefault:SecureJarResource(cloth_config)]
[02Aug2025 00:49:15.746] [main/DEBUG] [mixin/]: Processing inject() for PlatformAgent[MixinPlatformAgentDefault:SecureJarResource(forge)]
[02Aug2025 00:49:15.746] [main/DEBUG] [mixin/]: Processing inject() for PlatformAgent[MixinPlatformAgentDefault:SecureJarResource(konkrete)]
[02Aug2025 00:49:15.746] [main/DEBUG] [mixin/]: Processing inject() for PlatformAgent[MixinPlatformAgentDefault:SecureJarResource(just_in_nether)]
[02Aug2025 00:49:15.746] [main/DEBUG] [mixin/]: Processing inject() for PlatformAgent[MixinPlatformAgentDefault:SecureJarResource(structure_gel)]
[02Aug2025 00:49:15.746] [main/DEBUG] [mixin/]: Processing inject() for PlatformAgent[MixinPlatformAgentDefault:SecureJarResource(dungeons_arise)]
[02Aug2025 00:49:15.746] [main/DEBUG] [mixin/]: Processing inject() for PlatformAgent[MixinPlatformAgentDefault:SecureJarResource(hearths)]
[02Aug2025 00:49:15.746] [main/DEBUG] [mixin/]: Processing inject() for PlatformAgent[MixinPlatformAgentDefault:SecureJarResource(minecraft)]
[02Aug2025 00:49:15.746] [main/DEBUG] [mixin/]: Processing inject() for PlatformAgent[MixinPlatformAgentDefault:SecureJarResource(call_of_drowner)]
[02Aug2025 00:49:15.746] [main/DEBUG] [mixin/]: Processing inject() for PlatformAgent[MixinPlatformAgentDefault:SecureJarResource(endergetic)]
[02Aug2025 00:49:15.746] [main/DEBUG] [mixin/]: Processing inject() for PlatformAgent[MixinPlatformAgentDefault:SecureJarResource(echoes_of_the_end__structures_)]
[02Aug2025 00:49:15.746] [main/DEBUG] [mixin/]: Processing inject() for PlatformAgent[MixinPlatformAgentDefault:SecureJarResource(nordic_structures)]
[02Aug2025 00:49:15.746] [main/DEBUG] [mixin/]: Processing inject() for PlatformAgent[MixinPlatformAgentDefault:SecureJarResource(sons_of_sins)]
[02Aug2025 00:49:15.746] [main/DEBUG] [mixin/]: Processing inject() for PlatformAgent[MixinPlatformAgentDefault:SecureJarResource(netherdungeons)]
[02Aug2025 00:49:15.746] [main/DEBUG] [mixin/]: Processing inject() for PlatformAgent[MixinPlatformAgentDefault:SecureJarResource(taxcp)]
[02Aug2025 00:49:15.746] [main/DEBUG] [mixin/]: Processing inject() for PlatformAgent[MixinPlatformAgentDefault:SecureJarResource(jade)]
[02Aug2025 00:49:15.747] [main/DEBUG] [mixin/]: Processing inject() for PlatformAgent[MixinPlatformAgentDefault:SecureJarResource(endrem)]
[02Aug2025 00:49:15.747] [main/DEBUG] [mixin/]: Processing inject() for PlatformAgent[MixinPlatformAgentDefault:SecureJarResource(mofus_better_end_)]
[02Aug2025 00:49:15.747] [main/DEBUG] [mixin/]: Processing inject() for PlatformAgent[MixinPlatformAgentDefault:SecureJarResource(hoporp)]
[02Aug2025 00:49:15.747] [main/DEBUG] [mixin/]: Processing inject() for PlatformAgent[MixinPlatformAgentDefault:SecureJarResource(dungeons_plus)]
[02Aug2025 00:49:15.747] [main/DEBUG] [mixin/]: Processing inject() for PlatformAgent[MixinPlatformAgentDefault:SecureJarResource(bfendcities)]
[02Aug2025 00:49:15.747] [main/DEBUG] [mixin/]: Processing inject() for PlatformAgent[MixinPlatformAgentDefault:SecureJarResource(cleanswing)]
[02Aug2025 00:49:15.747] [main/DEBUG] [mixin/]: Processing inject() for PlatformAgent[MixinPlatformAgentDefault:SecureJarResource(lionfishapi)]
[02Aug2025 00:49:15.747] [main/DEBUG] [mixin/]: Processing inject() for PlatformAgent[MixinPlatformAgentDefault:SecureJarResource(dungeons_enhanced)]
[02Aug2025 00:49:15.747] [main/DEBUG] [mixin/]: Processing inject() for PlatformAgent[MixinPlatformAgentDefault:SecureJarResource(cnb)]
[02Aug2025 00:49:15.747] [main/DEBUG] [mixin/]: Processing inject() for PlatformAgent[MixinPlatformAgentDefault:SecureJarResource(geckolib)]
[02Aug2025 00:49:15.747] [main/DEBUG] [mixin/]: Processing inject() for PlatformAgent[MixinPlatformAgentDefault:SecureJarResource(cataclysm)]
[02Aug2025 00:49:15.747] [main/DEBUG] [mixin/]: Processing inject() for PlatformAgent[MixinPlatformAgentDefault:SecureJarResource(curios)]
[02Aug2025 00:49:15.747] [main/DEBUG] [mixin/]: Processing inject() for PlatformAgent[MixinPlatformAgentDefault:SecureJarResource(mes)]
[02Aug2025 00:49:15.747] [main/DEBUG] [mixin/]: Processing inject() for PlatformAgent[MixinPlatformAgentDefault:SecureJarResource(collective)]
[02Aug2025 00:49:15.747] [main/DEBUG] [mixin/]: Processing inject() for PlatformAgent[MixinPlatformAgentDefault:SecureJarResource(tcrm)]
[02Aug2025 00:49:15.747] [main/DEBUG] [mixin/]: Processing inject() for PlatformAgent[MixinPlatformAgentDefault:SecureJarResource(cerbons_api)]
[02Aug2025 00:49:15.747] [main/DEBUG] [mixin/]: Processing inject() for PlatformAgent[MixinPlatformAgentDefault:SecureJarResource(legendary_monsters)]
[02Aug2025 00:49:15.747] [main/DEBUG] [mixin/]: Processing inject() for PlatformAgent[MixinPlatformAgentDefault:SecureJarResource(mr_dungeons_andtaverns)]
[02Aug2025 00:49:15.747] [main/DEBUG] [mixin/]: Processing inject() for PlatformAgent[MixinPlatformAgentDefault:SecureJarResource(inventoryhud)]
[02Aug2025 00:49:15.747] [main/DEBUG] [mixin/]: Processing inject() for PlatformAgent[MixinPlatformAgentDefault:SecureJarResource(tombstone)]
[02Aug2025 00:49:15.747] [main/DEBUG] [mixin/]: Processing inject() for PlatformAgent[MixinPlatformAgentDefault:SecureJarResource(mr_qraftys_endvillages)]
[02Aug2025 00:49:15.747] [main/DEBUG] [mixin/]: Processing inject() for PlatformAgent[MixinPlatformAgentDefault:SecureJarResource(tlc)]
[02Aug2025 00:49:15.747] [main/DEBUG] [mixin/]: Processing inject() for PlatformAgent[MixinPlatformAgentDefault:SecureJarResource(mr_limesplatus_ending)]
[02Aug2025 00:49:15.747] [main/DEBUG] [mixin/]: Processing inject() for PlatformAgent[MixinPlatformAgentDefault:SecureJarResource(globalxp)]
[02Aug2025 00:49:15.747] [main/DEBUG] [mixin/]: Processing inject() for PlatformAgent[MixinPlatformAgentDefault:SecureJarResource(animatedmobsmod)]
[02Aug2025 00:49:15.747] [main/DEBUG] [mixin/]: Processing inject() for PlatformAgent[MixinPlatformAgentDefault:SecureJarResource(betterendisland)]
[02Aug2025 00:49:15.747] [main/DEBUG] [mixin/]: Processing inject() for PlatformAgent[MixinPlatformAgentDefault:SecureJarResource(justzoom)]
[02Aug2025 00:49:15.747] [main/DEBUG] [mixin/]: Processing inject() for PlatformAgent[MixinPlatformAgentDefault:SecureJarResource(extra_dungeons)]
[02Aug2025 00:49:15.747] [main/DEBUG] [mixin/]: Processing inject() for PlatformAgent[MixinPlatformAgentDefault:SecureJarResource(mns)]
[02Aug2025 00:49:15.748] [main/DEBUG] [mixin/]: Processing inject() for PlatformAgent[MixinPlatformAgentDefault:SecureJarResource(luminous_nether)]
[02Aug2025 00:49:15.748] [main/DEBUG] [mixin/]: Processing inject() for PlatformAgent[MixinPlatformAgentDefault:SecureJarResource(scaffoldingdropsnearby)]
[02Aug2025 00:49:15.748] [main/DEBUG] [mixin/]: Processing inject() for PlatformAgent[MixinPlatformAgentDefault:SecureJarResource(hs_bosses)]
[02Aug2025 00:49:15.748] [main/DEBUG] [mixin/]: Processing inject() for PlatformAgent[MixinPlatformAgentDefault:SecureJarResource(mclib)]
[02Aug2025 00:49:15.748] [main/DEBUG] [mixin/]: Processing inject() for PlatformAgent[MixinPlatformAgentDefault:SecureJarResource(MixinExtras)]
[02Aug2025 00:49:15.748] [main/INFO] [cpw.mods.modlauncher.LaunchServiceHandler/MODLAUNCHER]: Launching target 'forgeserver' with arguments [nogui]
[02Aug2025 00:49:15.783] [main/DEBUG] [mixin/]: Error cleaning class output directory: .mixin.out
[02Aug2025 00:49:15.785] [main/DEBUG] [mixin/]: Preparing mixins for MixinEnvironment[DEFAULT]
[02Aug2025 00:49:15.785] [main/DEBUG] [mixin/]: Selecting config betterdungeons.mixins.json
[02Aug2025 00:49:15.791] [main/DEBUG] [mixin/]: Selecting config betterdungeons_forge.mixins.json
[02Aug2025 00:49:15.793] [main/DEBUG] [mixin/]: Selecting config mixins.netherexp.json
[02Aug2025 00:49:15.804] [main/DEBUG] [mixin/]: Selecting config mixins.elysium_api.json
[02Aug2025 00:49:15.806] [main/DEBUG] [mixin/]: Selecting config pehkui.mixins.json
[02Aug2025 00:49:15.816] [main/DEBUG] [mixin/]: Selecting config obscure_api.mixins.json
[02Aug2025 00:49:15.818] [main/DEBUG] [mixin/]: Selecting config kleeslabs.mixins.json
[02Aug2025 00:49:15.819] [main/DEBUG] [mixin/]: Selecting config waystones.mixins.json
[02Aug2025 00:49:15.821] [main/DEBUG] [mixin/]: Selecting config piglinproliferation.mixins.json
[02Aug2025 00:49:15.822] [main/DEBUG] [mixin/]: Selecting config journeymap.mixins.json
[02Aug2025 00:49:15.824] [main/DEBUG] [mixin/]: Selecting config dungeonnowloading.mixins.json
[02Aug2025 00:49:15.825] [main/DEBUG] [mixin/]: Selecting config dungeonnowloading.forge.mixins.json
[02Aug2025 00:49:15.827] [main/DEBUG] [mixin/]: Selecting config citadel.mixins.json
[02Aug2025 00:49:15.829] [main/DEBUG] [mixin/]: Selecting config yungsapi.mixins.json
[02Aug2025 00:49:15.831] [main/DEBUG] [mixin/]: Selecting config yungsapi_forge.mixins.json
[02Aug2025 00:49:15.833] [main/DEBUG] [mixin/]: Selecting config mixinextras.init.mixins.json
[02Aug2025 00:49:15.870] [main/DEBUG] [MixinExtras|Service/]: com.llamalad7.mixinextras.service.MixinExtrasServiceImpl(version=0.4.1) is taking over from null
[02Aug2025 00:49:15.901] [main/DEBUG] [mixin/]: Registering new injector for @Inject with org.spongepowered.asm.mixin.injection.struct.CallbackInjectionInfo
[02Aug2025 00:49:15.904] [main/DEBUG] [mixin/]: Registering new injector for @ModifyArg with org.spongepowered.asm.mixin.injection.struct.ModifyArgInjectionInfo
[02Aug2025 00:49:15.905] [main/DEBUG] [mixin/]: Registering new injector for @ModifyArgs with org.spongepowered.asm.mixin.injection.struct.ModifyArgsInjectionInfo
[02Aug2025 00:49:15.907] [main/DEBUG] [mixin/]: Registering new injector for @Redirect with org.spongepowered.asm.mixin.injection.struct.RedirectInjectionInfo
[02Aug2025 00:49:15.908] [main/DEBUG] [mixin/]: Registering new injector for @ModifyVariable with org.spongepowered.asm.mixin.injection.struct.ModifyVariableInjectionInfo
[02Aug2025 00:49:15.909] [main/DEBUG] [mixin/]: Registering new injector for @ModifyConstant with org.spongepowered.asm.mixin.injection.struct.ModifyConstantInjectionInfo
[02Aug2025 00:49:15.927] [main/DEBUG] [mixin/]: Selecting config mixins.call_of_yucutan.json
[02Aug2025 00:49:15.930] [main/WARN] [mixin/]: Reference map 'mixins.call_of_yucutan.refmap.json' for mixins.call_of_yucutan.json could not be read. If this is a development environment you can ignore this message
[02Aug2025 00:49:15.930] [main/DEBUG] [mixin/]: Selecting config takesapillage.mixins.json
[02Aug2025 00:49:15.932] [main/DEBUG] [mixin/]: Selecting config balm.mixins.json
[02Aug2025 00:49:15.934] [main/DEBUG] [mixin/]: Selecting config mixins.bosses_of_mass_destruction.json
[02Aug2025 00:49:15.937] [main/DEBUG] [mixin/]: Selecting config blueprint.mixins.json
[02Aug2025 00:49:15.939] [main/DEBUG] [mixin/]: Selecting config formations.mixins.json
[02Aug2025 00:49:15.942] [main/DEBUG] [mixin/]: Selecting config betterfortresses.mixins.json
[02Aug2025 00:49:15.943] [main/DEBUG] [mixin/]: Selecting config betterfortresses_forge.mixins.json
[02Aug2025 00:49:15.945] [main/DEBUG] [mixin/]: Selecting config konkrete.mixin.json
[02Aug2025 00:49:15.946] [main/DEBUG] [mixin/]: Selecting config structure_gel.mixins.json
[02Aug2025 00:49:15.949] [main/DEBUG] [mixin/]: Selecting config endergetic.mixins.json
[02Aug2025 00:49:15.952] [main/DEBUG] [mixin/]: Selecting config mixins.netherdungeons.json
[02Aug2025 00:49:15.954] [main/DEBUG] [mixin/]: Selecting config jade.mixins.json
[02Aug2025 00:49:15.955] [main/DEBUG] [mixin/]: Selecting config endrem.mixins.json
[02Aug2025 00:49:15.958] [main/DEBUG] [mixin/]: Selecting config mixins.mofus_better_end_.json
[02Aug2025 00:49:15.959] [main/DEBUG] [mixin/]: Selecting config mixins.dungeons_plus.json
[02Aug2025 00:49:15.961] [main/WARN] [mixin/]: Reference map 'mixins.dungeons_plus.refmap.json' for mixins.dungeons_plus.json could not be read. If this is a development environment you can ignore this message
[02Aug2025 00:49:15.961] [main/DEBUG] [mixin/]: Selecting config bfendcities.mixins.json
[02Aug2025 00:49:15.964] [main/DEBUG] [mixin/]: Selecting config lionfishapi.mixins.json
[02Aug2025 00:49:15.966] [main/DEBUG] [mixin/]: Selecting config geckolib.mixins.json
[02Aug2025 00:49:15.968] [main/DEBUG] [mixin/]: Selecting config cataclysm.mixins.json
[02Aug2025 00:49:15.970] [main/DEBUG] [mixin/]: Selecting config curios.mixins.json
[02Aug2025 00:49:15.972] [main/DEBUG] [mixin/]: Selecting config mes-common.mixins.json
[02Aug2025 00:49:15.974] [main/DEBUG] [mixin/]: Selecting config mes-forge.mixins.json
[02Aug2025 00:49:15.976] [main/WARN] [mixin/]: Reference map 'mes-forge-refmap.json' for mes-forge.mixins.json could not be read. If this is a development environment you can ignore this message
[02Aug2025 00:49:15.976] [main/DEBUG] [mixin/]: Selecting config collective_forge.mixins.json
[02Aug2025 00:49:15.977] [main/DEBUG] [mixin/]: Selecting config mixins.cerbons_api.json
[02Aug2025 00:49:15.979] [main/DEBUG] [mixin/]: Selecting config tombstone.mixins.json
[02Aug2025 00:49:15.981] [main/DEBUG] [mixin/]: Selecting config tlc.mixins.json
[02Aug2025 00:49:15.982] [main/DEBUG] [mixin/]: Selecting config betterendisland.mixins.json
[02Aug2025 00:49:15.984] [main/DEBUG] [mixin/]: Selecting config betterendisland_forge.mixins.json
[02Aug2025 00:49:15.985] [main/DEBUG] [mixin/]: Selecting config justzoom.mixin.json
[02Aug2025 00:49:15.987] [main/DEBUG] [mixin/]: Selecting config mns-common.mixins.json
[02Aug2025 00:49:15.988] [main/DEBUG] [mixin/]: Selecting config mns-forge.mixins.json
[02Aug2025 00:49:15.990] [main/WARN] [mixin/]: Reference map 'mns-forge-refmap.json' for mns-forge.mixins.json could not be read. If this is a development environment you can ignore this message
[02Aug2025 00:49:15.991] [main/DEBUG] [mixin/]: Selecting config mixins.luminous_nether.json
[02Aug2025 00:49:15.993] [main/WARN] [mixin/]: Reference map 'mixins.luminous_nether.refmap.json' for mixins.luminous_nether.json could not be read. If this is a development environment you can ignore this message
[02Aug2025 00:49:15.993] [main/DEBUG] [mixin/]: Selecting config scaffoldingdropsnearby_forge.mixins.json
[02Aug2025 00:49:15.995] [main/DEBUG] [mixin/]: Preparing betterdungeons.mixins.json (8)
[02Aug2025 00:49:16.028] [main/DEBUG] [net.minecraftforge.coremod.transformer.CoreModBaseTransformer/COREMOD]: Transforming net/minecraft/world/level/levelgen/structure/templatesystem/StructureTemplate
[02Aug2025 00:49:16.494] [main/DEBUG] [mixin/]: Preparing betterdungeons_forge.mixins.json (0)
[02Aug2025 00:49:16.494] [main/DEBUG] [mixin/]: Preparing mixins.netherexp.json (36)
[02Aug2025 00:49:16.680] [main/DEBUG] [net.minecraftforge.coremod.transformer.CoreModBaseTransformer/COREMOD]: Transforming net/minecraft/world/entity/monster/Strider
[02Aug2025 00:49:16.828] [main/DEBUG] [net.minecraftforge.coremod.transformer.CoreModBaseTransformer/COREMOD]: Transforming net/minecraft/world/item/BucketItem
[02Aug2025 00:49:16.854] [main/DEBUG] [net.minecraftforge.coremod.transformer.CoreModBaseTransformer/COREMOD]: Transforming net/minecraft/world/item/ItemStack
[02Aug2025 00:49:16.884] [main/DEBUG] [mixin/]: Preparing mixins.elysium_api.json (11)
[02Aug2025 00:49:16.918] [main/DEBUG] [mixin/]: Preparing pehkui.mixins.json (280)
[02Aug2025 00:49:16.926] [main/DEBUG] [net.minecraftforge.versions.mcp.MCPVersion/CORE]: MCP Version package package net.minecraftforge.versions.mcp, Minecraft, version 1.20.1 from cpw.mods.modlauncher.TransformingClassLoader@343fddd9
[02Aug2025 00:49:16.926] [main/DEBUG] [net.minecraftforge.versions.mcp.MCPVersion/CORE]: Found MC version information 1.20.1
[02Aug2025 00:49:16.926] [main/DEBUG] [net.minecraftforge.versions.mcp.MCPVersion/CORE]: Found MCP version information 20230612.114412
[02Aug2025 00:49:17.218] [main/DEBUG] [net.minecraftforge.coremod.transformer.CoreModBaseTransformer/COREMOD]: Transforming net/minecraft/world/entity/monster/Evoker$EvokerSummonSpellGoal
[02Aug2025 00:49:17.245] [main/DEBUG] [net.minecraftforge.coremod.transformer.CoreModBaseTransformer/COREMOD]: Transforming net/minecraft/world/entity/npc/Villager
[02Aug2025 00:49:17.461] [main/DEBUG] [net.minecraftforge.coremod.transformer.CoreModBaseTransformer/COREMOD]: Transforming net/minecraft/world/entity/monster/Zombie
[02Aug2025 00:49:17.631] [main/DEBUG] [mixin/]: Preparing obscure_api.mixins.json (6)
[02Aug2025 00:49:17.635] [main/DEBUG] [mixin/]: Preparing kleeslabs.mixins.json (1)
[02Aug2025 00:49:17.635] [main/DEBUG] [mixin/]: Preparing waystones.mixins.json (3)
[02Aug2025 00:49:17.644] [main/DEBUG] [mixin/]: Preparing piglinproliferation.mixins.json (9)
[02Aug2025 00:49:17.654] [main/DEBUG] [mixin/]: Preparing journeymap.mixins.json (3)
[02Aug2025 00:49:17.654] [main/DEBUG] [mixin/]: Preparing dungeonnowloading.mixins.json (1)
[02Aug2025 00:49:17.655] [main/DEBUG] [mixin/]: Preparing dungeonnowloading.forge.mixins.json (6)
[02Aug2025 00:49:17.661] [main/DEBUG] [mixin/]: Preparing citadel.mixins.json (18)
[02Aug2025 00:49:17.702] [main/DEBUG] [mixin/]: Preparing yungsapi.mixins.json (11)
[02Aug2025 00:49:17.706] [main/DEBUG] [yungsapi/]: Loaded com.yungnickyoung.minecraft.yungsapi.services.ForgePlatformHelper@4863c8ac for service interface com.yungnickyoung.minecraft.yungsapi.services.IPlatformHelper
[02Aug2025 00:49:17.708] [main/DEBUG] [yungsapi/]: Loaded com.yungnickyoung.minecraft.yungsapi.services.ForgeAutoRegisterHelper@7f0766ef for service interface com.yungnickyoung.minecraft.yungsapi.services.IAutoRegisterHelper
[02Aug2025 00:49:17.710] [main/DEBUG] [yungsapi/]: Loaded com.yungnickyoung.minecraft.yungsapi.services.ForgeBlockEntityTypeHelper@458031da for service interface com.yungnickyoung.minecraft.yungsapi.services.IBlockEntityTypeHelper
[02Aug2025 00:49:17.711] [main/DEBUG] [yungsapi/]: Loaded com.yungnickyoung.minecraft.yungsapi.services.ForgeParticleTypeHelper@289f15e9 for service interface com.yungnickyoung.minecraft.yungsapi.services.IParticleTypeHelper
[02Aug2025 00:49:17.721] [main/DEBUG] [mixin/]: Preparing yungsapi_forge.mixins.json (1)
[02Aug2025 00:49:17.722] [main/DEBUG] [mixin/]: Preparing mixinextras.init.mixins.json (0)
[02Aug2025 00:49:17.722] [main/DEBUG] [mixin/]: Preparing mixins.call_of_yucutan.json (0)
[02Aug2025 00:49:17.722] [main/DEBUG] [mixin/]: Preparing takesapillage.mixins.json (3)
[02Aug2025 00:49:17.727] [main/DEBUG] [mixin/]: Preparing balm.mixins.json (17)
[02Aug2025 00:49:17.734] [main/DEBUG] [mixin/]: Preparing mixins.bosses_of_mass_destruction.json (6)
[02Aug2025 00:49:17.741] [main/DEBUG] [net.minecraftforge.coremod.transformer.CoreModBaseTransformer/COREMOD]: Transforming net/minecraft/world/level/NaturalSpawner
[02Aug2025 00:49:17.835] [main/DEBUG] [mixin/]: Preparing blueprint.mixins.json (34)
[02Aug2025 00:49:17.875] [main/DEBUG] [mixin/]: Preparing formations.mixins.json (11)
[02Aug2025 00:49:17.880] [main/DEBUG] [mixin/]: Preparing betterfortresses.mixins.json (6)
[02Aug2025 00:49:17.884] [main/DEBUG] [mixin/]: Preparing betterfortresses_forge.mixins.json (0)
[02Aug2025 00:49:17.884] [main/DEBUG] [mixin/]: Preparing konkrete.mixin.json (5)
[02Aug2025 00:49:17.884] [main/DEBUG] [mixin/]: Preparing structure_gel.mixins.json (0)
[02Aug2025 00:49:17.885] [main/DEBUG] [mixin/]: Preparing endergetic.mixins.json (22)
[02Aug2025 00:49:17.904] [main/DEBUG] [mixin/]: Preparing mixins.netherdungeons.json (5)
[02Aug2025 00:49:17.920] [main/DEBUG] [mixin/]: Preparing jade.mixins.json (3)
[02Aug2025 00:49:17.921] [main/DEBUG] [mixin/]: Preparing endrem.mixins.json (4)
[02Aug2025 00:49:17.926] [main/DEBUG] [mixin/]: Preparing mixins.mofus_better_end_.json (6)
[02Aug2025 00:49:17.935] [main/DEBUG] [mixin/]: Preparing mixins.dungeons_plus.json (0)
[02Aug2025 00:49:17.935] [main/DEBUG] [mixin/]: Preparing bfendcities.mixins.json (4)
[02Aug2025 00:49:17.940] [main/DEBUG] [mixin/]: Preparing lionfishapi.mixins.json (2)
[02Aug2025 00:49:17.941] [main/DEBUG] [mixin/]: Preparing geckolib.mixins.json (1)
[02Aug2025 00:49:17.942] [main/DEBUG] [mixin/]: Preparing cataclysm.mixins.json (21)
[02Aug2025 00:49:17.955] [main/DEBUG] [mixin/]: Preparing curios.mixins.json (13)
[02Aug2025 00:49:17.970] [main/DEBUG] [mixin/]: Preparing mes-common.mixins.json (12)
[02Aug2025 00:49:17.981] [main/DEBUG] [mixin/]: Preparing mes-forge.mixins.json (0)
[02Aug2025 00:49:17.981] [main/DEBUG] [mixin/]: Preparing collective_forge.mixins.json (4)
[02Aug2025 00:49:17.984] [main/DEBUG] [mixin/]: Preparing mixins.cerbons_api.json (8)
[02Aug2025 00:49:17.994] [main/DEBUG] [mixin/]: Preparing tombstone.mixins.json (26)
[02Aug2025 00:49:18.026] [main/DEBUG] [mixin/]: Preparing tlc.mixins.json (1)
[02Aug2025 00:49:18.026] [main/DEBUG] [mixin/]: Preparing betterendisland.mixins.json (9)
[02Aug2025 00:49:18.042] [main/DEBUG] [mixin/]: Preparing betterendisland_forge.mixins.json (0)
[02Aug2025 00:49:18.042] [main/DEBUG] [mixin/]: Preparing justzoom.mixin.json (1)
[02Aug2025 00:49:18.042] [main/DEBUG] [mixin/]: Preparing mns-common.mixins.json (12)
[02Aug2025 00:49:18.046] [main/DEBUG] [mixin/]: Preparing mns-forge.mixins.json (0)
[02Aug2025 00:49:18.046] [main/DEBUG] [mixin/]: Preparing mixins.luminous_nether.json (0)
[02Aug2025 00:49:18.047] [main/DEBUG] [mixin/]: Preparing scaffoldingdropsnearby_forge.mixins.json (0)
[02Aug2025 00:49:18.160] [main/DEBUG] [net.minecraftforge.coremod.transformer.CoreModBaseTransformer/COREMOD]: Transforming net/minecraft/world/level/levelgen/structure/Structure
[02Aug2025 00:49:18.232] [main/DEBUG] [mixin/]: Prepared 382 mixins in 2.445 sec (6.4ms avg) (0ms load, 0ms transform, 0ms plugin)
[02Aug2025 00:49:18.247] [main/INFO] [MixinExtras|Service/]: Initializing MixinExtras via com.llamalad7.mixinextras.service.MixinExtrasServiceImpl(version=0.4.1).
[02Aug2025 00:49:18.249] [main/DEBUG] [mixin/]: Registering new injector for @SugarWrapper with com.llamalad7.mixinextras.sugar.impl.SugarWrapperInjectionInfo
[02Aug2025 00:49:18.249] [main/DEBUG] [mixin/]: Registering new injector for @FactoryRedirectWrapper with com.llamalad7.mixinextras.wrapper.factory.FactoryRedirectWrapperInjectionInfo
[02Aug2025 00:49:18.254] [main/DEBUG] [mixin/]: Mixing MinecraftServerMixin from citadel.mixins.json into net.minecraft.server.MinecraftServer
[02Aug2025 00:49:18.269] [main/DEBUG] [mixin/]: Mixing MinecraftServerMixin from balm.mixins.json into net.minecraft.server.MinecraftServer
[02Aug2025 00:49:18.271] [main/DEBUG] [mixin/]: Renaming synthetic method lambda$reloadResources$0(Ljava/lang/Void;)V to md530ed7$lambda$reloadResources$0$0 in balm.mixins.json:MinecraftServerMixin
[02Aug2025 00:49:18.288] [main/DEBUG] [mixin/]: Mixing MinecraftServerMixin from blueprint.mixins.json into net.minecraft.server.MinecraftServer
[02Aug2025 00:49:18.388] [main/DEBUG] [mixin/]: Mixing GameTestServerMixin from blueprint.mixins.json into net.minecraft.gametest.framework.GameTestServer
[02Aug2025 00:49:18.398] [main/DEBUG] [mixin/]: Mixing DedicatedServerMixin from blueprint.mixins.json into net.minecraft.server.dedicated.DedicatedServer
[02Aug2025 00:49:18.399] [main/DEBUG] [mixin/]: Mixing DedicatedServerMixin from tombstone.mixins.json into net.minecraft.server.dedicated.DedicatedServer
[02Aug2025 00:49:18.429] [main/DEBUG] [io.netty.util.internal.logging.InternalLoggerFactory/]: Using SLF4J as the default logging framework
[02Aug2025 00:49:18.436] [main/DEBUG] [io.netty.util.ResourceLeakDetector/]: -Dio.netty.leakDetection.level: simple
[02Aug2025 00:49:18.436] [main/DEBUG] [io.netty.util.ResourceLeakDetector/]: -Dio.netty.leakDetection.targetRecords: 4
[02Aug2025 00:49:18.609] [main/DEBUG] [oshi.util.FileUtil/]: No oshi.properties file found from ClassLoader cpw.mods.modlauncher.TransformingClassLoader@343fddd9
[02Aug2025 00:49:18.612] [main/DEBUG] [oshi.util.FileUtil/]: No oshi.properties file found from ClassLoader jdk.internal.loader.ClassLoaders$AppClassLoader@76ed5528
[02Aug2025 00:49:18.669] [main/DEBUG] [oshi.util.FileUtil/]: Reading file /proc/self/auxv
[02Aug2025 00:49:18.669] [main/DEBUG] [oshi.util.FileUtil/]: Reading file /proc/self/auxv
[02Aug2025 00:49:18.677] [main/DEBUG] [oshi.util.FileUtil/]: Reading file /proc/stat
[02Aug2025 00:49:18.690] [main/DEBUG] [oshi.util.FileUtil/]: Reading file /sys/devices/system/cpu/cpu0/topology/core_id
[02Aug2025 00:49:18.693] [main/DEBUG] [oshi.util.FileUtil/]: Reading file /sys/devices/system/cpu/cpu0/topology/core_id
[02Aug2025 00:49:18.694] [main/DEBUG] [oshi.util.FileUtil/]: Reading file /sys/devices/system/cpu/cpu0/topology/physical_package_id
[02Aug2025 00:49:18.694] [main/DEBUG] [oshi.util.FileUtil/]: Reading file /sys/devices/system/cpu/cpu0/topology/physical_package_id
[02Aug2025 00:49:18.695] [main/DEBUG] [oshi.util.FileUtil/]: Reading file /sys/devices/system/cpu/cpu0/cpu_capacity
[02Aug2025 00:49:18.697] [main/DEBUG] [oshi.util.FileUtil/]: Reading file /sys/devices/system/cpu/cpu1/topology/core_id
[02Aug2025 00:49:18.697] [main/DEBUG] [oshi.util.FileUtil/]: Reading file /sys/devices/system/cpu/cpu1/topology/core_id
[02Aug2025 00:49:18.698] [main/DEBUG] [oshi.util.FileUtil/]: Reading file /sys/devices/system/cpu/cpu1/topology/physical_package_id
[02Aug2025 00:49:18.698] [main/DEBUG] [oshi.util.FileUtil/]: Reading file /sys/devices/system/cpu/cpu1/topology/physical_package_id
[02Aug2025 00:49:18.698] [main/DEBUG] [oshi.util.FileUtil/]: Reading file /sys/devices/system/cpu/cpu1/cpu_capacity
[02Aug2025 00:49:18.698] [main/DEBUG] [oshi.util.FileUtil/]: Reading file /sys/devices/system/cpu/cpu2/topology/core_id
[02Aug2025 00:49:18.699] [main/DEBUG] [oshi.util.FileUtil/]: Reading file /sys/devices/system/cpu/cpu2/topology/core_id
[02Aug2025 00:49:18.699] [main/DEBUG] [oshi.util.FileUtil/]: Reading file /sys/devices/system/cpu/cpu2/topology/physical_package_id
[02Aug2025 00:49:18.699] [main/DEBUG] [oshi.util.FileUtil/]: Reading file /sys/devices/system/cpu/cpu2/topology/physical_package_id
[02Aug2025 00:49:18.700] [main/DEBUG] [oshi.util.FileUtil/]: Reading file /sys/devices/system/cpu/cpu2/cpu_capacity
[02Aug2025 00:49:18.701] [main/DEBUG] [oshi.util.FileUtil/]: Reading file /sys/devices/system/cpu/cpu3/topology/core_id
[02Aug2025 00:49:18.701] [main/DEBUG] [oshi.util.FileUtil/]: Reading file /sys/devices/system/cpu/cpu3/topology/core_id
[02Aug2025 00:49:18.701] [main/DEBUG] [oshi.util.FileUtil/]: Reading file /sys/devices/system/cpu/cpu3/topology/physical_package_id
[02Aug2025 00:49:18.701] [main/DEBUG] [oshi.util.FileUtil/]: Reading file /sys/devices/system/cpu/cpu3/topology/physical_package_id
[02Aug2025 00:49:18.702] [main/DEBUG] [oshi.util.FileUtil/]: Reading file /sys/devices/system/cpu/cpu3/cpu_capacity
[02Aug2025 00:49:18.704] [main/DEBUG] [oshi.util.FileUtil/]: Reading file /proc/cpuinfo
[02Aug2025 00:49:18.718] [main/DEBUG] [oshi.util.FileUtil/]: Reading file /proc/self/auxv
[02Aug2025 00:49:18.721] [main/DEBUG] [oshi.util.FileUtil/]: No oshi.architecture.properties file found from ClassLoader cpw.mods.modlauncher.TransformingClassLoader@343fddd9
[02Aug2025 00:49:18.721] [main/DEBUG] [oshi.util.FileUtil/]: No oshi.architecture.properties file found from ClassLoader jdk.internal.loader.ClassLoaders$AppClassLoader@76ed5528
[02Aug2025 00:49:18.784] [main/DEBUG] [oshi.util.FileUtil/]: Reading file /proc/meminfo
[02Aug2025 00:49:18.785] [main/DEBUG] [oshi.util.FileUtil/]: Reading file /proc/meminfo
[02Aug2025 00:49:18.940] [main/DEBUG] [mixin/]: Mixing BlockMixin from structure_gel.mixins.json into net.minecraft.world.level.block.Block
[02Aug2025 00:49:18.946] [main/DEBUG] [mixin/]: Mixing block.BlockMixin from mixins.elysium_api.json into net.minecraft.world.level.block.Block
[02Aug2025 00:49:18.947] [main/DEBUG] [mixin/]: Renaming synthetic method lambda$elysium$soundTransformer$0(Lnet/minecraft/world/level/block/state/BlockState;Lnet/jadenxgamer/elysium_api/impl/sound_transformer/SoundTransformer;)Z to md530ed7$lambda$elysium$soundTransformer$0$0 in mixins.elysium_api.json:block.BlockMixin
[02Aug2025 00:49:18.980] [main/DEBUG] [mixin/]: Mixing compat116plus.AbstractBlockStateMixin from pehkui.mixins.json into net.minecraft.world.level.block.state.BlockBehaviour$BlockStateBase
[02Aug2025 00:49:19.012] [main/DEBUG] [mixin/]: Mixing EntityMixin from pehkui.mixins.json into net.minecraft.world.entity.Entity
[02Aug2025 00:49:19.053] [main/DEBUG] [mixin/]: Mixing ThreadSafeScaledEntityMixin from pehkui.mixins.json into net.minecraft.world.entity.Entity
[02Aug2025 00:49:19.070] [main/DEBUG] [mixin/]: Mixing compat117plus.EntityCalculateDimensionsMixin from pehkui.mixins.json into net.minecraft.world.entity.Entity
[02Aug2025 00:49:19.071] [main/DEBUG] [mixin/]: Renaming synthetic method lambda$pehkui$calculateDimensions$0(Lnet/minecraft/world/entity/Entity;DLnet/minecraft/world/phys/Vec3;)V to md530ed7$lambda$pehkui$calculateDimensions$0$0 in pehkui.mixins.json:compat117plus.EntityCalculateDimensionsMixin
[02Aug2025 00:49:19.076] [main/DEBUG] [net.minecraftforge.coremod.transformer.CoreModBaseTransformer/COREMOD]: Transforming net/minecraft/world/entity/EntityType
[02Aug2025 00:49:19.165] [main/DEBUG] [mixin/]: Mixing compat117plus.EntityMixin from pehkui.mixins.json into net.minecraft.world.entity.Entity
[02Aug2025 00:49:19.169] [main/DEBUG] [mixin/]: Mixing compat1204minus.compat116plus.EntityMixin from pehkui.mixins.json into net.minecraft.world.entity.Entity
[02Aug2025 00:49:19.170] [main/DEBUG] [mixin/]: Mixing compat120plus.EntityMixin from pehkui.mixins.json into net.minecraft.world.entity.Entity
[02Aug2025 00:49:19.171] [main/DEBUG] [mixin/]: Mixing step_height.compat1194plus.EntityMixin from pehkui.mixins.json into net.minecraft.world.entity.Entity
[02Aug2025 00:49:19.172] [main/DEBUG] [mixin/]: Mixing EntityMixin from balm.mixins.json into net.minecraft.world.entity.Entity
[02Aug2025 00:49:19.174] [main/DEBUG] [mixin/]: Mixing EntityMixin from blueprint.mixins.json into net.minecraft.world.entity.Entity
[02Aug2025 00:49:19.177] [main/DEBUG] [mixin/]: Renaming synthetic method lambda$read$1(Lnet/minecraft/nbt/Tag;)V to md530ed7$lambda$read$1$1 in blueprint.mixins.json:EntityMixin
[02Aug2025 00:49:19.177] [main/DEBUG] [mixin/]: Renaming synthetic method lambda$writeTrackedData$0(Lnet/minecraft/nbt/ListTag;Lcom/teamabnormals/blueprint/common/world/storage/tracking/TrackedData;Lcom/teamabnormals/blueprint/common/world/storage/tracking/IDataManager$DataEntry;)V to md530ed7$lambda$writeTrackedData$0$2 in blueprint.mixins.json:EntityMixin
[02Aug2025 00:49:19.210] [main/DEBUG] [mixin/]: Mixing EntityMixin from endergetic.mixins.json into net.minecraft.world.entity.Entity
[02Aug2025 00:49:19.225] [main/DEBUG] [mixin/]: Mixing EntityMixin from lionfishapi.mixins.json into net.minecraft.world.entity.Entity
[02Aug2025 00:49:19.242] [main/DEBUG] [mixin/]: Mixing AccessorEntity from curios.mixins.json into net.minecraft.world.entity.Entity
[02Aug2025 00:49:19.247] [main/DEBUG] [mixin/]: Mixing multipart_entities.EntityMixin from mixins.cerbons_api.json into net.minecraft.world.entity.Entity
[02Aug2025 00:49:19.249] [main/DEBUG] [mixin/]: Mixing EntityMixin from tombstone.mixins.json into net.minecraft.world.entity.Entity
[02Aug2025 00:49:19.257] [main/DEBUG] [mixin/]: Mixing EntityMixin from structure_gel.mixins.json into net.minecraft.world.entity.Entity
[02Aug2025 00:49:19.513] [main/DEBUG] [mixin/]: Mixing step_height.IForgeEntityMixin from pehkui.mixins.json into net.minecraftforge.common.extensions.IForgeEntity
[02Aug2025 00:49:19.544] [main/DEBUG] [mixin/]: Mixing entity.LivingEntityMixin from mixins.netherexp.json into net.minecraft.world.entity.LivingEntity
[02Aug2025 00:49:19.586] [main/DEBUG] [mixin/]: Mixing entity.LivingEntityMixin from mixins.elysium_api.json into net.minecraft.world.entity.LivingEntity
[02Aug2025 00:49:19.589] [main/DEBUG] [mixin/]: Mixing LivingEntityMixin from pehkui.mixins.json into net.minecraft.world.entity.LivingEntity
[02Aug2025 00:49:19.590] [main/DEBUG] [mixin/]: Renaming synthetic method lambda$pehkui$tickMovement$minVelocity$0(I)Z to md530ed7$lambda$pehkui$tickMovement$minVelocity$0$0 in pehkui.mixins.json:LivingEntityMixin
[02Aug2025 00:49:19.613] [main/DEBUG] [mixin/]: Mixing compat117plus.LivingEntityMixin from pehkui.mixins.json into net.minecraft.world.entity.LivingEntity
[02Aug2025 00:49:19.615] [main/DEBUG] [mixin/]: Mixing compat1194plus.LivingEntityMixin from pehkui.mixins.json into net.minecraft.world.entity.LivingEntity
[02Aug2025 00:49:19.616] [main/DEBUG] [mixin/]: Mixing compat1204minus.LivingEntityMixin from pehkui.mixins.json into net.minecraft.world.entity.LivingEntity
[02Aug2025 00:49:19.620] [main/DEBUG] [mixin/]: Mixing LivingEntityMixin from citadel.mixins.json into net.minecraft.world.entity.LivingEntity
[02Aug2025 00:49:19.625] [main/DEBUG] [mixin/]: Mixing LivingEntityMixin from mixins.bosses_of_mass_destruction.json into net.minecraft.world.entity.LivingEntity
[02Aug2025 00:49:19.627] [main/DEBUG] [mixin/]: Mixing LivingEntityMixin from endergetic.mixins.json into net.minecraft.world.entity.LivingEntity
[02Aug2025 00:49:19.636] [main/DEBUG] [mixin/]: Mixing LivingEntityMixin from cataclysm.mixins.json into net.minecraft.world.entity.LivingEntity
[02Aug2025 00:49:19.638] [main/DEBUG] [mixin/]: Mixing MixinLivingEntity from curios.mixins.json into net.minecraft.world.entity.LivingEntity
[02Aug2025 00:49:19.640] [main/DEBUG] [mixin/]: Mixing LivingEntityMixin from tombstone.mixins.json into net.minecraft.world.entity.LivingEntity
[02Aug2025 00:49:19.642] [main/DEBUG] [mixin/]: Mixing compat115plus.LivingEntityMixin from pehkui.mixins.json into net.minecraft.world.entity.LivingEntity
[02Aug2025 00:49:19.643] [main/DEBUG] [mixin/]: Mixing LivingEntityMixin from obscure_api.mixins.json into net.minecraft.world.entity.LivingEntity
[02Aug2025 00:49:19.836] [main/DEBUG] [mixin/]: Mixing LevelMixin from citadel.mixins.json into net.minecraft.world.level.Level
[02Aug2025 00:49:19.861] [main/DEBUG] [mixin/]: Mixing ServerLevelMixin from betterendisland.mixins.json into net.minecraft.server.level.ServerLevel
[02Aug2025 00:49:19.886] [main/DEBUG] [mixin/]: Mixing compat117plus.ServerWorldMixin from pehkui.mixins.json into net.minecraft.server.level.ServerLevel
[02Aug2025 00:49:19.898] [main/DEBUG] [mixin/]: Mixing ServerLevelMixin from citadel.mixins.json into net.minecraft.server.level.ServerLevel
[02Aug2025 00:49:19.909] [main/DEBUG] [mixin/]: Mixing ExplosionMixin from mixins.bosses_of_mass_destruction.json into net.minecraft.server.level.ServerLevel
[02Aug2025 00:49:19.922] [main/DEBUG] [mixin/]: Mixing ServerLevelMixin from blueprint.mixins.json into net.minecraft.server.level.ServerLevel
[02Aug2025 00:49:19.925] [main/DEBUG] [mixin/]: Mixing ServerLevelMixin from endergetic.mixins.json into net.minecraft.server.level.ServerLevel
[02Aug2025 00:49:19.933] [main/DEBUG] [mixin/]: Mixing EndergeticExpansionMixins from betterendisland.mixins.json into net.minecraft.server.level.ServerLevel
[02Aug2025 00:49:19.979] [main/DEBUG] [mixin/]: Mixing ItemMixin from cataclysm.mixins.json into net.minecraft.world.entity.item.ItemEntity
[02Aug2025 00:49:19.981] [main/DEBUG] [mixin/]: Mixing ItemEntityMixin from pehkui.mixins.json into net.minecraft.world.entity.item.ItemEntity
[02Aug2025 00:49:19.997] [main/DEBUG] [mixin/]: Mixing reach.PlayerEntityMixin from pehkui.mixins.json into net.minecraft.world.entity.player.Player
[02Aug2025 00:49:19.998] [main/DEBUG] [mixin/]: Mixing entity.PlayerMixin from mixins.netherexp.json into net.minecraft.world.entity.player.Player
[02Aug2025 00:49:20.000] [main/DEBUG] [mixin/]: Mixing PlayerEntityMixin from pehkui.mixins.json into net.minecraft.world.entity.player.Player
[02Aug2025 00:49:20.005] [main/DEBUG] [mixin/]: Mixing compat117plus.PlayerEntityMixin from pehkui.mixins.json into net.minecraft.world.entity.player.Player
[02Aug2025 00:49:20.005] [main/DEBUG] [mixin/]: Mixing compat1194plus.PlayerEntityMixin from pehkui.mixins.json into net.minecraft.world.entity.player.Player
[02Aug2025 00:49:20.006] [main/DEBUG] [mixin/]: Mixing compat1201minus.EntityVehicleHeightOffsetMixin from pehkui.mixins.json into net.minecraft.world.entity.player.Player
[02Aug2025 00:49:20.008] [main/DEBUG] [mixin/]: Mixing compat1204minus.PlayerEntityMixin from pehkui.mixins.json into net.minecraft.world.entity.player.Player
[02Aug2025 00:49:20.010] [main/DEBUG] [mixin/]: Mixing PlayerMixin from endergetic.mixins.json into net.minecraft.world.entity.player.Player
[02Aug2025 00:49:20.060] [main/DEBUG] [mixin/]: Mixing reach.IForgePlayerMixin from pehkui.mixins.json into net.minecraftforge.common.extensions.IForgePlayer
[02Aug2025 00:49:20.091] [main/DEBUG] [mixin/]: Mixing FluidInvokerMixin from blueprint.mixins.json into net.minecraft.world.level.material.Fluid
[02Aug2025 00:49:20.095] [main/DEBUG] [mixin/]: Mixing item.ItemMixin from mixins.netherexp.json into net.minecraft.world.item.Item
[02Aug2025 00:49:20.097] [main/DEBUG] [mixin/]: Mixing reach.compat1204minus.compat116plus.ItemMixin from pehkui.mixins.json into net.minecraft.world.item.Item
[02Aug2025 00:49:20.097] [main/DEBUG] [mixin/]: Mixing ItemMixin from tombstone.mixins.json into net.minecraft.world.item.Item
[02Aug2025 00:49:20.098] [main/DEBUG] [mixin/]: Renaming synthetic method lambda$methodIsFoil$1(Lnet/minecraft/world/item/ItemStack;Lovh/corail/tombstone/api/capability/ISoulConsumer;)Ljava/lang/Boolean; to md530ed7$lambda$methodIsFoil$1$0 in tombstone.mixins.json:ItemMixin
[02Aug2025 00:49:20.098] [main/DEBUG] [mixin/]: Renaming synthetic method lambda$methodGetName$0(Lnet/minecraft/world/item/ItemStack;Lovh/corail/tombstone/api/capability/ISoulConsumer;)Ljava/lang/Boolean; to md530ed7$lambda$methodGetName$0$1 in tombstone.mixins.json:ItemMixin
[02Aug2025 00:49:20.122] [main/DEBUG] [net.minecraftforge.coremod.transformer.CoreModBaseTransformer/COREMOD]: Transforming net/minecraft/world/effect/MobEffectInstance
[02Aug2025 00:49:20.152] [main/DEBUG] [mixin/]: Mixing compat117plus.patchwork.compat.IForgeItemMixin from pehkui.mixins.json into net.minecraftforge.common.extensions.IForgeItem
[02Aug2025 00:49:20.162] [main/DEBUG] [net.minecraftforge.coremod.transformer.CoreModBaseTransformer/COREMOD]: Transforming net/minecraft/world/entity/EntityType
[02Aug2025 00:49:20.264] [main/DEBUG] [mixin/]: Mixing item.EnchantmentMixin from mixins.netherexp.json into net.minecraft.world.item.enchantment.Enchantment
[02Aug2025 00:49:20.272] [main/DEBUG] [mixin/]: Mixing entity.BlockEntityTypeMixin from mixins.netherexp.json into net.minecraft.world.level.block.entity.BlockEntityType
[02Aug2025 00:49:20.282] [main/DEBUG] [mixin/]: Mixing ChunkStatusMixin from citadel.mixins.json into net.minecraft.world.level.chunk.ChunkStatus
[02Aug2025 00:49:20.354] [main/DEBUG] [mixin/]: Mixing entity.DecoratedPotPatternsMixin from mixins.netherexp.json into net.minecraft.world.level.block.entity.DecoratedPotPatterns
[02Aug2025 00:49:20.381] [main/DEBUG] [mixin/]: Mixing MixinCreativeModeTabs from mixins.netherdungeons.json into net.minecraft.world.item.CreativeModeTabs
[02Aug2025 00:49:20.473] [main/DEBUG] [mixin/]: Mixing block.BaseFireBlockMixin from mixins.netherexp.json into net.minecraft.world.level.block.BaseFireBlock
[02Aug2025 00:49:20.488] [main/DEBUG] [mixin/]: Mixing BaseFireBlockMixin from endergetic.mixins.json into net.minecraft.world.level.block.BaseFireBlock
[02Aug2025 00:49:20.523] [main/DEBUG] [mixin/]: Mixing multipart_entities.ShapesMixin from mixins.cerbons_api.json into net.minecraft.world.phys.shapes.Shapes
[02Aug2025 00:49:20.532] [main/DEBUG] [mixin/]: Mixing multipart_entities.VoxelShapeMixin from mixins.cerbons_api.json into net.minecraft.world.phys.shapes.VoxelShape
[02Aug2025 00:49:20.535] [main/DEBUG] [mixin/]: Mixing multipart_entities.InvokerArrayVoxelShape from mixins.cerbons_api.json into net.minecraft.world.phys.shapes.ArrayVoxelShape
[02Aug2025 00:49:20.535] [main/DEBUG] [mixin/]: Renaming @Invoker method init(Lnet/minecraft/world/phys/shapes/DiscreteVoxelShape;Lit/unimi/dsi/fastutil/doubles/DoubleList;Lit/unimi/dsi/fastutil/doubles/DoubleList;Lit/unimi/dsi/fastutil/doubles/DoubleList;)Lnet/minecraft/world/phys/shapes/ArrayVoxelShape; to init_$md$530ed7$0 in mixins.cerbons_api.json:multipart_entities.InvokerArrayVoxelShape
[02Aug2025 00:49:20.672] [main/DEBUG] [mixin/]: Mixing block.BlocksMixin from mixins.netherexp.json into net.minecraft.world.level.block.Blocks
[02Aug2025 00:49:20.744] [main/DEBUG] [net.minecraftforge.coremod.transformer.CoreModBaseTransformer/COREMOD]: Transforming net/minecraft/world/level/block/LiquidBlock
[02Aug2025 00:49:20.765] [main/DEBUG] [mixin/]: Mixing NoteBlockMixin from piglinproliferation.mixins.json into net.minecraft.world.level.block.NoteBlock
[02Aug2025 00:49:20.767] [main/DEBUG] [mixin/]: Mixing NoteBlockMixin from blueprint.mixins.json into net.minecraft.world.level.block.NoteBlock
[02Aug2025 00:49:20.792] [main/DEBUG] [mixin/]: Mixing block.SoulFireBlockMixin from mixins.elysium_api.json into net.minecraft.world.level.block.SoulFireBlock
[02Aug2025 00:49:20.799] [main/DEBUG] [net.minecraftforge.coremod.transformer.CoreModBaseTransformer/COREMOD]: Transforming net/minecraft/world/level/block/StairBlock
[02Aug2025 00:49:20.810] [main/DEBUG] [mixin/]: Mixing ChestBlockMixin from tombstone.mixins.json into net.minecraft.world.level.block.ChestBlock
[02Aug2025 00:49:20.822] [main/DEBUG] [mixin/]: Mixing CropBlockMixin from balm.mixins.json into net.minecraft.world.level.block.CropBlock
[02Aug2025 00:49:20.856] [main/DEBUG] [mixin/]: Mixing IceBlockMixin from mixins.bosses_of_mass_destruction.json into net.minecraft.world.level.block.IceBlock
[02Aug2025 00:49:20.872] [main/DEBUG] [mixin/]: Mixing PortalBlockMixin from pehkui.mixins.json into net.minecraft.world.level.block.NetherPortalBlock
[02Aug2025 00:49:20.896] [main/DEBUG] [mixin/]: Mixing block.StemBlockMixin from mixins.netherexp.json into net.minecraft.world.level.block.StemBlock
[02Aug2025 00:49:20.901] [main/DEBUG] [mixin/]: Mixing StemBlockMixin from balm.mixins.json into net.minecraft.world.level.block.StemBlock
[02Aug2025 00:49:20.914] [main/DEBUG] [mixin/]: Mixing block.NetherWartBlockMixin from mixins.elysium_api.json into net.minecraft.world.level.block.NetherWartBlock
[02Aug2025 00:49:20.933] [main/DEBUG] [net.minecraftforge.coremod.transformer.CoreModBaseTransformer/COREMOD]: Transforming net/minecraft/world/level/block/FlowerPotBlock
[02Aug2025 00:49:20.962] [main/DEBUG] [mixin/]: Mixing chorus.ChorusPlantBlockMixin from endergetic.mixins.json into net.minecraft.world.level.block.ChorusPlantBlock
[02Aug2025 00:49:20.970] [main/DEBUG] [mixin/]: Mixing chorus.ChorusFlowerBlockMixin from endergetic.mixins.json into net.minecraft.world.level.block.ChorusFlowerBlock
[02Aug2025 00:49:20.976] [main/DEBUG] [mixin/]: Mixing block.TorchflowerCropBlockMixin from mixins.netherexp.json into net.minecraft.world.level.block.TorchflowerCropBlock
[02Aug2025 00:49:21.097] [main/DEBUG] [mixin/]: Mixing block.RootsBlockMixin from mixins.elysium_api.json into net.minecraft.world.level.block.RootsBlock
[02Aug2025 00:49:21.099] [main/DEBUG] [mixin/]: Mixing block.NetherSproutsBlockMixin from mixins.elysium_api.json into net.minecraft.world.level.block.NetherSproutsBlock
[02Aug2025 00:49:21.101] [main/DEBUG] [mixin/]: Mixing block.WeepingVinesMixin from mixins.netherexp.json into net.minecraft.world.level.block.WeepingVinesBlock
[02Aug2025 00:49:21.104] [main/DEBUG] [mixin/]: Renaming synthetic method lambda$use$0(Lnet/minecraft/world/InteractionHand;Lnet/minecraft/world/entity/player/Player;)V to md530ed7$lambda$use$0$0 in mixins.netherexp.json:block.WeepingVinesMixin
[02Aug2025 00:49:21.119] [main/DEBUG] [mixin/]: Mixing block.TwistingVinesMixin from mixins.netherexp.json into net.minecraft.world.level.block.TwistingVinesBlock
[02Aug2025 00:49:21.119] [main/DEBUG] [mixin/]: Renaming synthetic method lambda$use$0(Lnet/minecraft/world/InteractionHand;Lnet/minecraft/world/entity/player/Player;)V to md530ed7$lambda$use$0$0 in mixins.netherexp.json:block.TwistingVinesMixin
[02Aug2025 00:49:21.143] [main/DEBUG] [mixin/]: Mixing MixinPowderSnowBlock from curios.mixins.json into net.minecraft.world.level.block.PowderSnowBlock
[02Aug2025 00:49:21.297] [main/DEBUG] [mixin/]: Mixing BrushableBlockEntityMixin from tombstone.mixins.json into net.minecraft.world.level.block.entity.BrushableBlockEntity
[02Aug2025 00:49:21.312] [main/DEBUG] [mixin/]: Mixing PreEntityTickMixin from pehkui.mixins.json into net.minecraft.world.entity.item.FallingBlockEntity
[02Aug2025 00:49:21.313] [main/DEBUG] [mixin/]: Mixing FallingBlockEntityMixin from blueprint.mixins.json into net.minecraft.world.entity.item.FallingBlockEntity
[02Aug2025 00:49:21.377] [main/DEBUG] [mixin/]: Mixing reach.compat1204minus.compat1194plus.InventoryMixin from pehkui.mixins.json into net.minecraft.world.Container
[02Aug2025 00:49:21.638] [main/DEBUG] [mixin/]: Mixing PreEntityTickMixin from pehkui.mixins.json into net.minecraft.world.entity.item.PrimedTnt
[02Aug2025 00:49:21.751] [main/DEBUG] [mixin/]: Mixing compat1204minus.ScreenHandlerMixin from pehkui.mixins.json into net.minecraft.world.inventory.AbstractContainerMenu
[02Aug2025 00:49:21.752] [main/DEBUG] [mixin/]: Mixing reach.compat1204minus.ScreenHandlerMixin from pehkui.mixins.json into net.minecraft.world.inventory.AbstractContainerMenu
[02Aug2025 00:49:21.802] [main/DEBUG] [mixin/]: Mixing multipart_entities.AABBMixin from mixins.cerbons_api.json into net.minecraft.world.phys.AABB
[02Aug2025 00:49:21.808] [main/DEBUG] [mixin/]: Mixing entity.AbstractArrowMixin from mixins.netherexp.json into net.minecraft.world.entity.projectile.AbstractArrow
[02Aug2025 00:49:21.809] [main/DEBUG] [mixin/]: Mixing PersistentProjectileEntityMixin from pehkui.mixins.json into net.minecraft.world.entity.projectile.AbstractArrow
[02Aug2025 00:49:21.809] [main/DEBUG] [mixin/]: Mixing compat116plus.PersistentProjectileEntityMixin from pehkui.mixins.json into net.minecraft.world.entity.projectile.AbstractArrow
[02Aug2025 00:49:21.810] [main/DEBUG] [mixin/]: Mixing compat1202minus.PersistentProjectileEntityMixin from pehkui.mixins.json into net.minecraft.world.entity.projectile.AbstractArrow
[02Aug2025 00:49:21.810] [main/DEBUG] [mixin/]: Mixing compat1204minus.PersistentProjectileEntityMixin from pehkui.mixins.json into net.minecraft.world.entity.projectile.AbstractArrow
[02Aug2025 00:49:21.820] [main/DEBUG] [mixin/]: Mixing entity.ProjectileMixin from mixins.netherexp.json into net.minecraft.world.entity.projectile.Projectile
[02Aug2025 00:49:21.820] [main/DEBUG] [mixin/]: Renaming synthetic method lambda$netherexp$entityCollisionCheck$0(Lnet/minecraft/world/entity/LivingEntity;)V to md530ed7$lambda$netherexp$entityCollisionCheck$0$0 in mixins.netherexp.json:entity.ProjectileMixin
[02Aug2025 00:49:21.822] [main/DEBUG] [mixin/]: Mixing compat116plus.ProjectileEntityMixin from pehkui.mixins.json into net.minecraft.world.entity.projectile.Projectile
[02Aug2025 00:49:21.823] [main/DEBUG] [mixin/]: Mixing multipart_entities.ProjectileMixin from mixins.cerbons_api.json into net.minecraft.world.entity.projectile.Projectile
[02Aug2025 00:49:21.844] [main/DEBUG] [mixin/]: Mixing entity.MobMixin from mixins.netherexp.json into net.minecraft.world.entity.Mob
[02Aug2025 00:49:21.845] [main/DEBUG] [mixin/]: Mixing MobEntityMixin from pehkui.mixins.json into net.minecraft.world.entity.Mob
[02Aug2025 00:49:21.845] [main/DEBUG] [mixin/]: Mixing MobRememberSpawnReasonMixin from takesapillage.mixins.json into net.minecraft.world.entity.Mob
[02Aug2025 00:49:21.846] [main/DEBUG] [mixin/]: Mixing MobMixin from endergetic.mixins.json into net.minecraft.world.entity.Mob
[02Aug2025 00:49:21.846] [main/DEBUG] [mixin/]: Mixing MobMixin from tombstone.mixins.json into net.minecraft.world.entity.Mob
[02Aug2025 00:49:21.847] [main/DEBUG] [mixin/]: Renaming synthetic method lambda$methodSetTarget$2(Lnet/minecraft/world/entity/LivingEntity;Ljava/util/UUID;)Ljava/lang/Boolean; to md530ed7$lambda$methodSetTarget$2$0 in tombstone.mixins.json:MobMixin
[02Aug2025 00:49:21.847] [main/DEBUG] [mixin/]: Renaming synthetic method lambda$methodCanBeLeashed$1(Lnet/minecraft/world/entity/player/Player;Ljava/util/UUID;)Ljava/lang/Boolean; to md530ed7$lambda$methodCanBeLeashed$1$1 in tombstone.mixins.json:MobMixin
[02Aug2025 00:49:21.848] [main/DEBUG] [mixin/]: Renaming synthetic method lambda$methodTick$0(Lnet/minecraft/world/entity/Mob;Lovh/corail/tombstone/api/capability/ISpellCaster;)V to md530ed7$lambda$methodTick$0$2 in tombstone.mixins.json:MobMixin
[02Aug2025 00:49:21.851] [main/DEBUG] [mixin/]: Mixing compat116plus.MobEntityMixin from pehkui.mixins.json into net.minecraft.world.entity.Mob
[02Aug2025 00:49:21.881] [main/DEBUG] [mixin/]: Mixing compat1201minus.EntityVehicleHeightOffsetMixin from pehkui.mixins.json into net.minecraft.world.entity.monster.Silverfish
[02Aug2025 00:49:21.884] [main/DEBUG] [mixin/]: Mixing MonsterMixin from tombstone.mixins.json into net.minecraft.world.entity.monster.Monster
[02Aug2025 00:49:21.931] [main/DEBUG] [mixin/]: Mixing PlayerEnchantMixin from endrem.mixins.json into net.minecraft.world.inventory.EnchantmentMenu
[02Aug2025 00:49:22.018] [main/DEBUG] [mixin/]: Mixing brewing.BrewingStandBlockEntityMixin from mixins.netherexp.json into net.minecraft.world.level.block.entity.BrewingStandBlockEntity
[02Aug2025 00:49:22.040] [main/DEBUG] [net.minecraftforge.coremod.transformer.CoreModBaseTransformer/COREMOD]: Transforming net/minecraft/world/item/ItemStack
[02Aug2025 00:49:22.041] [main/DEBUG] [mixin/]: Mixing item.ItemStackMixin from mixins.netherexp.json into net.minecraft.world.item.ItemStack
[02Aug2025 00:49:22.043] [main/DEBUG] [mixin/]: Mixing ItemStackMixin from tombstone.mixins.json into net.minecraft.world.item.ItemStack
[02Aug2025 00:49:22.187] [main/DEBUG] [mixin/]: Mixing WitherEntityMixin from pehkui.mixins.json into net.minecraft.world.entity.boss.wither.WitherBoss
[02Aug2025 00:49:22.187] [main/DEBUG] [mixin/]: Mixing compat1204minus.WitherEntityMixin from pehkui.mixins.json into net.minecraft.world.entity.boss.wither.WitherBoss
[02Aug2025 00:49:22.197] [main/DEBUG] [mixin/]: Mixing compat1204minus.compat116plus.ForgingScreenHandlerMixin from pehkui.mixins.json into net.minecraft.world.inventory.ItemCombinerMenu
[02Aug2025 00:49:22.197] [main/DEBUG] [mixin/]: Mixing reach.compat1204minus.compat116plus.ForgingScreenHandlerMixin from pehkui.mixins.json into net.minecraft.world.inventory.ItemCombinerMenu
[02Aug2025 00:49:22.320] [main/DEBUG] [mixin/]: Mixing TheEndGatewayBlockEntityMixin from betterendisland.mixins.json into net.minecraft.world.level.block.entity.TheEndGatewayBlockEntity
[02Aug2025 00:49:22.325] [main/DEBUG] [mixin/]: Mixing TheEndGatewayBlockEntityMixin from endergetic.mixins.json into net.minecraft.world.level.block.entity.TheEndGatewayBlockEntity
[02Aug2025 00:49:22.343] [main/DEBUG] [mixin/]: Mixing compat116plus.AnimalEntityMixin from pehkui.mixins.json into net.minecraft.world.entity.animal.Animal
[02Aug2025 00:49:22.344] [main/DEBUG] [mixin/]: Mixing compat1201minus.EntityVehicleHeightOffsetMixin from pehkui.mixins.json into net.minecraft.world.entity.animal.Animal
[02Aug2025 00:49:22.351] [main/DEBUG] [mixin/]: Mixing compat1201minus.compat120plus.SnifferEntityMixin from pehkui.mixins.json into net.minecraft.world.entity.animal.sniffer.Sniffer
[02Aug2025 00:49:22.618] [main/DEBUG] [mixin/]: Mixing SmithingMenuMixin from citadel.mixins.json into net.minecraft.world.inventory.SmithingMenu
[02Aug2025 00:49:22.653] [main/DEBUG] [mixin/]: Mixing StructureBlockEntityMixin from structure_gel.mixins.json into net.minecraft.world.level.block.entity.StructureBlockEntity
[02Aug2025 00:49:22.656] [main/DEBUG] [mixin/]: Mixing TemplateMixins$StructureBlockEntityMixin from structure_gel.mixins.json into net.minecraft.world.level.block.entity.StructureBlockEntity
[02Aug2025 00:49:22.794] [main/DEBUG] [net.minecraftforge.coremod.transformer.CoreModBaseTransformer/COREMOD]: Transforming net/minecraft/world/entity/animal/frog/Tadpole
[02Aug2025 00:49:22.820] [main/DEBUG] [mixin/]: Mixing item.BlockItemMixin from mixins.netherexp.json into net.minecraft.world.item.BlockItem
[02Aug2025 00:49:22.832] [main/DEBUG] [mixin/]: Mixing item.BowItemMixin from mixins.netherexp.json into net.minecraft.world.item.BowItem
[02Aug2025 00:49:22.838] [main/DEBUG] [mixin/]: Mixing SwordItemMixin from endergetic.mixins.json into net.minecraft.world.item.SwordItem
[02Aug2025 00:49:22.847] [main/DEBUG] [net.minecraftforge.coremod.transformer.CoreModBaseTransformer/COREMOD]: Transforming net/minecraft/world/item/BucketItem
[02Aug2025 00:49:22.847] [main/DEBUG] [mixin/]: Mixing item.BucketItemMixin from mixins.netherexp.json into net.minecraft.world.item.BucketItem
[02Aug2025 00:49:22.854] [main/DEBUG] [mixin/]: Mixing BundleItemMixin from tombstone.mixins.json into net.minecraft.world.item.BundleItem
[02Aug2025 00:49:22.854] [main/DEBUG] [mixin/]: Renaming synthetic method lambda$getEnchantmentLevel$0(Lnet/minecraft/world/item/ItemStack;Lovh/corail/tombstone/api/capability/ISoulConsumer;)Ljava/lang/Boolean; to md530ed7$lambda$getEnchantmentLevel$0$0 in tombstone.mixins.json:BundleItemMixin
[02Aug2025 00:49:22.859] [main/DEBUG] [mixin/]: Mixing BoneMealItemMixin from collective_forge.mixins.json into net.minecraft.world.item.BoneMealItem
[02Aug2025 00:49:22.865] [main/DEBUG] [mixin/]: Mixing MixinShearsItem from curios.mixins.json into net.minecraft.world.item.ShearsItem
[02Aug2025 00:49:22.867] [main/DEBUG] [mixin/]: Mixing PotionItemMixin from tombstone.mixins.json into net.minecraft.world.item.PotionItem
[02Aug2025 00:49:22.868] [main/DEBUG] [mixin/]: Renaming synthetic method lambda$methodFinishUsingItemReturn$1(Lnet/minecraft/world/entity/LivingEntity;Lovh/corail/tombstone/api/capability/ITBCapability;)V to md530ed7$lambda$methodFinishUsingItemReturn$1$0 in tombstone.mixins.json:PotionItemMixin
[02Aug2025 00:49:22.868] [main/DEBUG] [mixin/]: Renaming synthetic method lambda$effectList$0(Lnet/minecraft/world/effect/MobEffectInstance;)Ljava/lang/Integer; to md530ed7$lambda$effectList$0$1 in tombstone.mixins.json:PotionItemMixin
[02Aug2025 00:49:22.877] [main/DEBUG] [mixin/]: Mixing EnderEyeUseMixin from mixins.bosses_of_mass_destruction.json into net.minecraft.world.item.EnderEyeItem
[02Aug2025 00:49:22.878] [main/DEBUG] [mixin/]: Mixing EnderEyeItemMixin from endrem.mixins.json into net.minecraft.world.item.EnderEyeItem
[02Aug2025 00:49:22.882] [main/DEBUG] [mixin/]: Mixing compat116plus.SpawnEggItemMixin from pehkui.mixins.json into net.minecraft.world.item.SpawnEggItem
[02Aug2025 00:49:22.882] [main/DEBUG] [mixin/]: Renaming synthetic method lambda$pehkui$spawnBaby$0(Lnet/minecraft/world/entity/Mob;Lnet/minecraft/world/entity/Mob;)V to md530ed7$lambda$pehkui$spawnBaby$0$0 in pehkui.mixins.json:compat116plus.SpawnEggItemMixin
[02Aug2025 00:49:22.892] [main/DEBUG] [mixin/]: Mixing EndCrystalItemMixin from endergetic.mixins.json into net.minecraft.world.item.EndCrystalItem
[02Aug2025 00:49:22.902] [main/DEBUG] [mixin/]: Mixing item.CrossbowItemMixin from mixins.netherexp.json into net.minecraft.world.item.CrossbowItem
[02Aug2025 00:49:22.902] [main/DEBUG] [mixin/]: Renaming synthetic method lambda$netherexp$crossbowProjectiles$0(Lnet/minecraft/world/item/ItemStack;)Z to md530ed7$lambda$netherexp$crossbowProjectiles$0$0 in mixins.netherexp.json:item.CrossbowItemMixin
[02Aug2025 00:49:22.903] [main/DEBUG] [mixin/]: Mixing compat1204minus.CrossbowItemMixin from pehkui.mixins.json into net.minecraft.world.item.CrossbowItem
[02Aug2025 00:49:22.903] [main/DEBUG] [mixin/]: Mixing MixinCrossbowItem from mixins.netherdungeons.json into net.minecraft.world.item.CrossbowItem
[02Aug2025 00:49:22.904] [main/DEBUG] [mixin/]: Renaming synthetic method lambda$applyBurstEnchantmentShoots$0(Lnet/minecraft/world/level/Level;Lnet/minecraft/world/entity/LivingEntity;Lnet/minecraft/world/InteractionHand;Lnet/minecraft/world/item/ItemStack;Lnet/minecraft/world/item/ItemStack;FZFFF)V to md530ed7$lambda$applyBurstEnchantmentShoots$0$1 in mixins.netherdungeons.json:MixinCrossbowItem
[02Aug2025 00:49:22.917] [main/DEBUG] [mixin/]: Mixing compat1202minus.compat120plus.BrushItemMixin from pehkui.mixins.json into net.minecraft.world.item.BrushItem
[02Aug2025 00:49:22.946] [main/DEBUG] [mixin/]: Mixing PreEntityTickMixin from pehkui.mixins.json into net.minecraft.world.entity.vehicle.AbstractMinecart
[02Aug2025 00:49:22.974] [main/DEBUG] [mixin/]: Mixing AbstractDecorationEntityMixin from pehkui.mixins.json into net.minecraft.world.entity.decoration.HangingEntity
[02Aug2025 00:49:22.975] [main/DEBUG] [mixin/]: Mixing PreEntityTickMixin from pehkui.mixins.json into net.minecraft.world.entity.decoration.HangingEntity
[02Aug2025 00:49:22.980] [main/DEBUG] [mixin/]: Mixing MovementControllerMixin from piglinproliferation.mixins.json into net.minecraft.world.entity.ai.control.MoveControl
[02Aug2025 00:49:23.227] [main/DEBUG] [mixin/]: Mixing compat116plus.NbtCompoundMixin from pehkui.mixins.json into net.minecraft.nbt.CompoundTag
[02Aug2025 00:49:23.621] [main/DEBUG] [mixin/]: Mixing AreaEffectCloudEntityMixin from pehkui.mixins.json into net.minecraft.world.entity.AreaEffectCloud
[02Aug2025 00:49:23.628] [main/DEBUG] [mixin/]: Mixing ArmorStandEntityMixin from pehkui.mixins.json into net.minecraft.world.entity.decoration.ArmorStand
[02Aug2025 00:49:23.628] [main/DEBUG] [mixin/]: Mixing compat1201minus.EntityVehicleHeightOffsetMixin from pehkui.mixins.json into net.minecraft.world.entity.decoration.ArmorStand
[02Aug2025 00:49:23.629] [main/DEBUG] [mixin/]: Mixing compat1204minus.ArmorStandEntityMixin from pehkui.mixins.json into net.minecraft.world.entity.decoration.ArmorStand
[02Aug2025 00:49:23.639] [main/DEBUG] [mixin/]: Mixing compat1201minus.compat117plus.AxolotlEntityMixin from pehkui.mixins.json into net.minecraft.world.entity.animal.axolotl.Axolotl
[02Aug2025 00:49:23.649] [main/DEBUG] [mixin/]: Mixing LookControllerMixin from piglinproliferation.mixins.json into net.minecraft.world.entity.ai.control.LookControl
[02Aug2025 00:49:23.665] [main/DEBUG] [mixin/]: Mixing HurtByTargetGoalMixin from tombstone.mixins.json into net.minecraft.world.entity.ai.goal.target.HurtByTargetGoal
[02Aug2025 00:49:23.668] [main/DEBUG] [mixin/]: Mixing TrackTargetGoalMixin from pehkui.mixins.json into net.minecraft.world.entity.ai.goal.target.TargetGoal
[02Aug2025 00:49:23.669] [main/DEBUG] [mixin/]: Mixing accessor.TargetGoalAccessor from tombstone.mixins.json into net.minecraft.world.entity.ai.goal.target.TargetGoal
[02Aug2025 00:49:23.671] [main/DEBUG] [mixin/]: Mixing entity.NearestAttackableTargetGoalMixin from mixins.netherexp.json into net.minecraft.world.entity.ai.goal.target.NearestAttackableTargetGoal
[02Aug2025 00:49:23.681] [main/DEBUG] [mixin/]: Mixing BlazeEntityShootFireballGoalMixin from pehkui.mixins.json into net.minecraft.world.entity.monster.Blaze$BlazeAttackGoal
[02Aug2025 00:49:23.692] [main/DEBUG] [mixin/]: Mixing BoatEntityMixin from pehkui.mixins.json into net.minecraft.world.entity.vehicle.Boat
[02Aug2025 00:49:23.693] [main/DEBUG] [mixin/]: Mixing compat1201minus.EntityMountedHeightOffsetMixin from pehkui.mixins.json into net.minecraft.world.entity.vehicle.Boat
[02Aug2025 00:49:23.693] [main/DEBUG] [mixin/]: Mixing compat1201minus.compat120plus.BoatEntityMixin from pehkui.mixins.json into net.minecraft.world.entity.vehicle.Boat
[02Aug2025 00:49:23.694] [main/DEBUG] [mixin/]: Mixing compat1204minus.BoatEntityMixin from pehkui.mixins.json into net.minecraft.world.entity.vehicle.Boat
[02Aug2025 00:49:23.694] [main/DEBUG] [mixin/]: Mixing BoatMixin from endergetic.mixins.json into net.minecraft.world.entity.vehicle.Boat
[02Aug2025 00:49:23.719] [main/DEBUG] [mixin/]: Mixing compat1201minus.compat1193plus.CamelEntityMixin from pehkui.mixins.json into net.minecraft.world.entity.animal.camel.Camel
[02Aug2025 00:49:23.719] [main/DEBUG] [mixin/]: Mixing compat1201minus.compat120plus.CamelEntityMixin from pehkui.mixins.json into net.minecraft.world.entity.animal.camel.Camel
[02Aug2025 00:49:23.720] [main/DEBUG] [mixin/]: Mixing compat1204minus.compat1193plus.CamelEntityMixin from pehkui.mixins.json into net.minecraft.world.entity.animal.camel.Camel
[02Aug2025 00:49:23.729] [main/DEBUG] [mixin/]: Mixing compat1201minus.compat120plus.AbstractHorseEntityMixin from pehkui.mixins.json into net.minecraft.world.entity.animal.horse.AbstractHorse
[02Aug2025 00:49:23.751] [main/DEBUG] [net.minecraftforge.coremod.transformer.CoreModBaseTransformer/COREMOD]: Transforming net/minecraft/world/entity/monster/Spider
[02Aug2025 00:49:23.767] [main/DEBUG] [mixin/]: Mixing compat1201minus.EntityVehicleHeightOffsetMixin from pehkui.mixins.json into net.minecraft.world.entity.monster.AbstractSkeleton
[02Aug2025 00:49:23.773] [main/DEBUG] [mixin/]: Mixing compat119plus.ChestBoatEntityMixin from pehkui.mixins.json into net.minecraft.world.entity.vehicle.ChestBoat
[02Aug2025 00:49:23.773] [main/DEBUG] [mixin/]: Mixing reach.compat1204minus.compat119plus.ChestBoatEntityMixin from pehkui.mixins.json into net.minecraft.world.entity.vehicle.ChestBoat
[02Aug2025 00:49:23.778] [main/DEBUG] [mixin/]: Mixing reach.compat1204minus.compat119plus.StorageMinecartEntityMixin from pehkui.mixins.json into net.minecraft.world.entity.vehicle.AbstractMinecartContainer
[02Aug2025 00:49:23.787] [main/DEBUG] [mixin/]: Mixing compat1201minus.compat120plus.ChickenEntityMixin from pehkui.mixins.json into net.minecraft.world.entity.animal.Chicken
[02Aug2025 00:49:23.787] [main/DEBUG] [mixin/]: Mixing ChickenMixin from blueprint.mixins.json into net.minecraft.world.entity.animal.Chicken
[02Aug2025 00:49:23.808] [main/DEBUG] [mixin/]: Mixing compat1201minus.AbstractDonkeyEntityMixin from pehkui.mixins.json into net.minecraft.world.entity.animal.horse.AbstractChestedHorse
[02Aug2025 00:49:23.812] [main/DEBUG] [mixin/]: Mixing compat116plus.DragonFireballEntityMixin from pehkui.mixins.json into net.minecraft.world.entity.projectile.DragonFireball
[02Aug2025 00:49:23.814] [main/DEBUG] [mixin/]: Mixing entity.AbstractHurtingProjectileMixin from mixins.netherexp.json into net.minecraft.world.entity.projectile.AbstractHurtingProjectile
[02Aug2025 00:49:23.815] [main/DEBUG] [mixin/]: Mixing ExplosiveProjectileEntityMixin from pehkui.mixins.json into net.minecraft.world.entity.projectile.AbstractHurtingProjectile
[02Aug2025 00:49:23.822] [main/DEBUG] [net.minecraftforge.coremod.transformer.CoreModBaseTransformer/COREMOD]: Transforming net/minecraft/world/entity/monster/Zombie
[02Aug2025 00:49:23.861] [main/DEBUG] [mixin/]: Mixing compat1201minus.EntityVehicleHeightOffsetMixin from pehkui.mixins.json into net.minecraft.world.entity.monster.Zombie
[02Aug2025 00:49:23.867] [main/DEBUG] [net.minecraftforge.coremod.transformer.CoreModBaseTransformer/COREMOD]: Transforming net/minecraft/world/entity/monster/ZombieVillager
[02Aug2025 00:49:23.899] [main/DEBUG] [mixin/]: Mixing compat116plus.EggEntityMixin from pehkui.mixins.json into net.minecraft.world.entity.projectile.ThrownEgg
[02Aug2025 00:49:23.902] [main/DEBUG] [mixin/]: Mixing ThrownEntityMixin from pehkui.mixins.json into net.minecraft.world.entity.projectile.ThrowableProjectile
[02Aug2025 00:49:23.903] [main/DEBUG] [mixin/]: Mixing compat1204minus.ThrownEntityMixin from pehkui.mixins.json into net.minecraft.world.entity.projectile.ThrowableProjectile
[02Aug2025 00:49:23.911] [main/DEBUG] [mixin/]: Mixing PreEntityTickMixin from pehkui.mixins.json into net.minecraft.world.entity.boss.enderdragon.EndCrystal
[02Aug2025 00:49:23.911] [main/DEBUG] [mixin/]: Mixing compat1202minus.compat1193plus.EndCrystalEntityMixin from pehkui.mixins.json into net.minecraft.world.entity.boss.enderdragon.EndCrystal
[02Aug2025 00:49:23.915] [main/DEBUG] [mixin/]: Mixing EnderDragonEntityMixin from pehkui.mixins.json into net.minecraft.world.entity.boss.enderdragon.EnderDragon
[02Aug2025 00:49:23.922] [main/DEBUG] [mixin/]: Mixing compat116plus.EnderPearlEntityMixin from pehkui.mixins.json into net.minecraft.world.entity.projectile.ThrownEnderpearl
[02Aug2025 00:49:23.925] [main/DEBUG] [mixin/]: Mixing compat1201minus.EntityVehicleHeightOffsetMixin from pehkui.mixins.json into net.minecraft.world.entity.monster.Endermite
[02Aug2025 00:49:23.936] [main/DEBUG] [mixin/]: Mixing compat1201minus.EntityVehicleHeightOffsetMixin from pehkui.mixins.json into net.minecraft.world.entity.monster.PatrollingMonster
[02Aug2025 00:49:23.944] [main/DEBUG] [net.minecraftforge.coremod.transformer.CoreModBaseTransformer/COREMOD]: Transforming net/minecraft/world/entity/monster/Evoker$EvokerSummonSpellGoal
[02Aug2025 00:49:23.950] [main/DEBUG] [mixin/]: Mixing compat116plus.SummonVexGoalMixin from pehkui.mixins.json into net.minecraft.world.entity.monster.Evoker$EvokerSummonSpellGoal
[02Aug2025 00:49:23.954] [main/DEBUG] [mixin/]: Mixing EvokerFangsEntityMixin from pehkui.mixins.json into net.minecraft.world.entity.projectile.EvokerFangs
[02Aug2025 00:49:23.969] [main/DEBUG] [mixin/]: Mixing compat116plus.FoxEntityMateGoalMixin from pehkui.mixins.json into net.minecraft.world.entity.animal.Fox$FoxBreedGoal
[02Aug2025 00:49:23.986] [main/DEBUG] [mixin/]: Mixing GhastEntityShootFireballGoalMixin from pehkui.mixins.json into net.minecraft.world.entity.monster.Ghast$GhastShootFireballGoal
[02Aug2025 00:49:23.990] [main/DEBUG] [mixin/]: Mixing ItemFrameEntityMixin from pehkui.mixins.json into net.minecraft.world.entity.decoration.ItemFrame
[02Aug2025 00:49:24.001] [main/DEBUG] [mixin/]: Mixing compat1201minus.compat116plus.HoglinEntityMixin from pehkui.mixins.json into net.minecraft.world.entity.monster.hoglin.Hoglin
[02Aug2025 00:49:24.005] [main/DEBUG] [mixin/]: Mixing compat1201minus.compat116plus.ZoglinEntityMixin from pehkui.mixins.json into net.minecraft.world.entity.monster.Zoglin
[02Aug2025 00:49:24.023] [main/DEBUG] [mixin/]: Mixing compat1193plus.FireballEntityMixin from pehkui.mixins.json into net.minecraft.world.entity.projectile.LargeFireball
[02Aug2025 00:49:24.027] [main/DEBUG] [mixin/]: Mixing compat1201minus.compat120plus.LlamaEntityMixin from pehkui.mixins.json into net.minecraft.world.entity.animal.horse.Llama
[02Aug2025 00:49:24.033] [main/DEBUG] [mixin/]: Mixing LlamaSpitEntityMixin from pehkui.mixins.json into net.minecraft.world.entity.projectile.LlamaSpit
[02Aug2025 00:49:24.038] [main/DEBUG] [mixin/]: Mixing compat117plus.SlimeEntityMixin from pehkui.mixins.json into net.minecraft.world.entity.monster.Slime
[02Aug2025 00:49:24.038] [main/DEBUG] [mixin/]: Mixing compat1204minus.compat117plus.SlimeEntityMixin from pehkui.mixins.json into net.minecraft.world.entity.monster.Slime
[02Aug2025 00:49:24.068] [main/DEBUG] [mixin/]: Mixing compat116plus.PigEntityMixin from pehkui.mixins.json into net.minecraft.world.entity.animal.Pig
[02Aug2025 00:49:24.079] [main/DEBUG] [mixin/]: Mixing MixinPiglinBrute from mixins.netherdungeons.json into net.minecraft.world.entity.monster.piglin.PiglinBrute
[02Aug2025 00:49:24.092] [main/DEBUG] [mixin/]: Mixing PotionEntityMixin from pehkui.mixins.json into net.minecraft.world.entity.projectile.ThrownPotion
[02Aug2025 00:49:24.093] [main/DEBUG] [mixin/]: Mixing compat1204minus.PotionEntityMixin from pehkui.mixins.json into net.minecraft.world.entity.projectile.ThrownPotion
[02Aug2025 00:49:24.102] [main/DEBUG] [mixin/]: Mixing RabbitMixin from blueprint.mixins.json into net.minecraft.world.entity.animal.Rabbit
[02Aug2025 00:49:24.113] [main/DEBUG] [mixin/]: Mixing compat1201minus.EntityMountedHeightOffsetMixin from pehkui.mixins.json into net.minecraft.world.entity.monster.Ravager
[02Aug2025 00:49:24.122] [main/DEBUG] [mixin/]: Mixing compat117plus.ShulkerEntityMixin from pehkui.mixins.json into net.minecraft.world.entity.monster.Shulker
[02Aug2025 00:49:24.123] [main/DEBUG] [mixin/]: Mixing compat1204minus.ShulkerEntityMixin from pehkui.mixins.json into net.minecraft.world.entity.monster.Shulker
[02Aug2025 00:49:24.134] [main/DEBUG] [mixin/]: Mixing compat1201minus.SkeletonHorseEntityMixin from pehkui.mixins.json into net.minecraft.world.entity.animal.horse.SkeletonHorse
[02Aug2025 00:49:24.136] [main/DEBUG] [net.minecraftforge.coremod.transformer.CoreModBaseTransformer/COREMOD]: Transforming net/minecraft/world/entity/animal/horse/SkeletonTrapGoal
[02Aug2025 00:49:24.157] [main/DEBUG] [net.minecraftforge.coremod.transformer.CoreModBaseTransformer/COREMOD]: Transforming net/minecraft/world/entity/monster/Strider
[02Aug2025 00:49:24.183] [main/DEBUG] [mixin/]: Mixing entity.StriderMixin from mixins.netherexp.json into net.minecraft.world.entity.monster.Strider
[02Aug2025 00:49:24.218] [main/DEBUG] [mixin/]: Mixing ServerPlayerMixin from betterendisland.mixins.json into net.minecraft.server.level.ServerPlayer
[02Aug2025 00:49:24.219] [main/DEBUG] [mixin/]: Mixing ServerPlayerEntityMixin from pehkui.mixins.json into net.minecraft.server.level.ServerPlayer
[02Aug2025 00:49:24.219] [main/DEBUG] [mixin/]: Mixing ServerPlayerEntityTickMixin from yungsapi.mixins.json into net.minecraft.server.level.ServerPlayer
[02Aug2025 00:49:24.220] [main/DEBUG] [mixin/]: Mixing ServerPlayerMixin from endergetic.mixins.json into net.minecraft.server.level.ServerPlayer
[02Aug2025 00:49:24.220] [main/DEBUG] [mixin/]: Mixing ServerPlayerMixin from tombstone.mixins.json into net.minecraft.server.level.ServerPlayer
[02Aug2025 00:49:24.237] [main/DEBUG] [mixin/]: Mixing ClayGolemSensorMixin from takesapillage.mixins.json into net.minecraft.world.entity.ai.sensing.GolemSensor
[02Aug2025 00:49:24.237] [main/DEBUG] [mixin/]: Renaming synthetic method lambda$checkForNearbyClayGolem$0(Lnet/minecraft/world/entity/LivingEntity;)Z to md530ed7$lambda$checkForNearbyClayGolem$0$0 in takesapillage.mixins.json:ClayGolemSensorMixin
[02Aug2025 00:49:24.252] [main/DEBUG] [mixin/]: Mixing ChunkAccessMixin$Access from structure_gel.mixins.json into net.minecraft.world.level.chunk.ChunkAccess
[02Aug2025 00:49:24.277] [main/DEBUG] [net.minecraftforge.coremod.transformer.CoreModBaseTransformer/COREMOD]: Transforming net/minecraft/world/entity/npc/Villager
[02Aug2025 00:49:24.347] [main/DEBUG] [mixin/]: Mixing compat116plus.VillagerEntityMixin from pehkui.mixins.json into net.minecraft.world.entity.npc.Villager
[02Aug2025 00:49:24.349] [main/DEBUG] [mixin/]: Mixing accessor.VillagerAccessor from tombstone.mixins.json into net.minecraft.world.entity.npc.Villager
[02Aug2025 00:49:24.376] [main/DEBUG] [mixin/]: Mixing MixinWitherSkeleton from mixins.netherdungeons.json into net.minecraft.world.entity.monster.WitherSkeleton
[02Aug2025 00:49:24.388] [main/DEBUG] [mixin/]: Mixing compat116plus.FishingBobberEntityMixin from pehkui.mixins.json into net.minecraft.world.entity.projectile.FishingHook
[02Aug2025 00:49:24.411] [main/DEBUG] [net.minecraftforge.coremod.transformer.CoreModBaseTransformer/COREMOD]: Transforming net/minecraft/world/effect/MobEffectInstance
[02Aug2025 00:49:24.452] [main/DEBUG] [mixin/]: Mixing ServerPlayNetworkHandlerMixin from pehkui.mixins.json into net.minecraft.server.network.ServerGamePacketListenerImpl
[02Aug2025 00:49:24.453] [main/DEBUG] [mixin/]: Mixing compat1204minus.ServerPlayNetworkHandlerMixin from pehkui.mixins.json into net.minecraft.server.network.ServerGamePacketListenerImpl
[02Aug2025 00:49:24.454] [main/DEBUG] [mixin/]: Mixing reach.compat1204minus.ServerPlayNetworkHandlerMixin from pehkui.mixins.json into net.minecraft.server.network.ServerGamePacketListenerImpl
[02Aug2025 00:49:24.454] [main/DEBUG] [mixin/]: Mixing reach.compat1204minus.compat119plus.ServerPlayNetworkHandlerMixin from pehkui.mixins.json into net.minecraft.server.network.ServerGamePacketListenerImpl
[02Aug2025 00:49:24.454] [main/DEBUG] [mixin/]: Mixing ServerGamePacketListenerImplMixin from endergetic.mixins.json into net.minecraft.server.network.ServerGamePacketListenerImpl
[02Aug2025 00:49:24.479] [main/DEBUG] [mixin/]: Mixing brewing.PotionBrewingAccessor from mixins.netherexp.json into net.minecraft.world.item.alchemy.PotionBrewing
[02Aug2025 00:49:24.481] [main/DEBUG] [mixin/]: Renaming @Invoker method netherexp$addMix(Lnet/minecraft/world/item/alchemy/Potion;Lnet/minecraft/world/item/Item;Lnet/minecraft/world/item/alchemy/Potion;)V to netherexp$addMix_$md$530ed7$0 in mixins.netherexp.json:brewing.PotionBrewingAccessor
[02Aug2025 00:49:24.481] [main/DEBUG] [mixin/]: Mixing brewing.PotionBrewingMixin from mixins.netherexp.json into net.minecraft.world.item.alchemy.PotionBrewing
[02Aug2025 00:49:24.482] [main/DEBUG] [mixin/]: Mixing accessor.PotionBrewingAccessor from yungsapi.mixins.json into net.minecraft.world.item.alchemy.PotionBrewing
[02Aug2025 00:49:24.482] [main/DEBUG] [mixin/]: Renaming @Invoker method callAddMix(Lnet/minecraft/world/item/alchemy/Potion;Lnet/minecraft/world/item/Item;Lnet/minecraft/world/item/alchemy/Potion;)V to callAddMix_$md$530ed7$1 in yungsapi.mixins.json:accessor.PotionBrewingAccessor
[02Aug2025 00:49:24.500] [main/DEBUG] [mixin/]: Mixing EntitySelectorOptionsInvoker from pehkui.mixins.json into net.minecraft.commands.arguments.selector.options.EntitySelectorOptions
[02Aug2025 00:49:24.500] [main/DEBUG] [mixin/]: Renaming @Invoker method callPutOption(Ljava/lang/String;Lnet/minecraft/commands/arguments/selector/options/EntitySelectorOptions$Modifier;Ljava/util/function/Predicate;Lnet/minecraft/network/chat/Component;)V to callPutOption_$md$530ed7$0 in pehkui.mixins.json:EntitySelectorOptionsInvoker
[02Aug2025 00:49:24.500] [main/DEBUG] [mixin/]: Mixing EntitySelectorOptionsMixin from pehkui.mixins.json into net.minecraft.commands.arguments.selector.options.EntitySelectorOptions
[02Aug2025 00:49:24.509] [main/DEBUG] [mixin/]: Mixing EntitySelectorReaderMixin from pehkui.mixins.json into net.minecraft.commands.arguments.selector.EntitySelectorParser
[02Aug2025 00:49:24.510] [main/DEBUG] [mixin/]: Renaming synthetic method lambda$pehkui$buildPredicate$1(Lvirtuoel/pehkui/api/ScaleType;Lnet/minecraft/world/entity/Entity;)Z to md530ed7$lambda$pehkui$buildPredicate$1$0 in pehkui.mixins.json:EntitySelectorReaderMixin
[02Aug2025 00:49:24.510] [main/DEBUG] [mixin/]: Renaming synthetic method lambda$pehkui$buildPredicate$0(Lvirtuoel/pehkui/api/ScaleType;Lnet/minecraft/world/entity/Entity;)Z to md530ed7$lambda$pehkui$buildPredicate$0$1 in pehkui.mixins.json:EntitySelectorReaderMixin
[02Aug2025 00:49:24.557] [main/DEBUG] [mixin/]: Mixing compat1204minus.compat117plus.ViewerCountManagerMixin from pehkui.mixins.json into net.minecraft.world.level.block.entity.ContainerOpenersCounter
[02Aug2025 00:49:24.568] [main/DEBUG] [mixin/]: Mixing accessor.StructureProcessorAccessor from betterdungeons.mixins.json into net.minecraft.world.level.levelgen.structure.templatesystem.StructureProcessor
[02Aug2025 00:49:24.568] [main/DEBUG] [mixin/]: Mixing structures.StructureProcessorAccessor from dungeonnowloading.forge.mixins.json into net.minecraft.world.level.levelgen.structure.templatesystem.StructureProcessor
[02Aug2025 00:49:24.568] [main/DEBUG] [mixin/]: Mixing StructureProcessorAccessor from cataclysm.mixins.json into net.minecraft.world.level.levelgen.structure.templatesystem.StructureProcessor
[02Aug2025 00:49:24.568] [main/DEBUG] [mixin/]: Mixing structures.StructureProcessorAccessor from mes-common.mixins.json into net.minecraft.world.level.levelgen.structure.templatesystem.StructureProcessor
[02Aug2025 00:49:24.568] [main/DEBUG] [mixin/]: Mixing structures.StructureProcessorAccessor from mns-common.mixins.json into net.minecraft.world.level.levelgen.structure.templatesystem.StructureProcessor
[02Aug2025 00:49:24.569] [main/DEBUG] [mixin/]: Unexpected: Registered method callGetType()Lnet/minecraft/world/level/levelgen/structure/templatesystem/StructureProcessorType; in net.minecraft.world.level.levelgen.structure.templatesystem.StructureProcessor was not merged
[02Aug2025 00:49:24.569] [main/DEBUG] [mixin/]: Unexpected: Registered method callGetType()Lnet/minecraft/world/level/levelgen/structure/templatesystem/StructureProcessorType; in net.minecraft.world.level.levelgen.structure.templatesystem.StructureProcessor was not merged
[02Aug2025 00:49:24.569] [main/DEBUG] [mixin/]: Unexpected: Registered method callGetType()Lnet/minecraft/world/level/levelgen/structure/templatesystem/StructureProcessorType; in net.minecraft.world.level.levelgen.structure.templatesystem.StructureProcessor was not merged
[02Aug2025 00:49:24.569] [main/DEBUG] [mixin/]: Unexpected: Registered method callGetType()Lnet/minecraft/world/level/levelgen/structure/templatesystem/StructureProcessorType; in net.minecraft.world.level.levelgen.structure.templatesystem.StructureProcessor was not merged
[02Aug2025 00:49:24.589] [main/DEBUG] [mixin/]: Mixing structures.StructureTemplateManagerAccessor from mes-common.mixins.json into net.minecraft.world.level.levelgen.structure.templatesystem.StructureTemplateManager
[02Aug2025 00:49:24.589] [main/DEBUG] [mixin/]: Mixing structures.StructureTemplateManagerAccessor from mns-common.mixins.json into net.minecraft.world.level.levelgen.structure.templatesystem.StructureTemplateManager
[02Aug2025 00:49:24.590] [main/DEBUG] [mixin/]: Mixing StructureTemplateManagerMixin from structure_gel.mixins.json into net.minecraft.world.level.levelgen.structure.templatesystem.StructureTemplateManager
[02Aug2025 00:49:24.595] [main/DEBUG] [mixin/]: Mixing ChunkGeneratorMixin from citadel.mixins.json into net.minecraft.world.level.chunk.ChunkGenerator
[02Aug2025 00:49:24.595] [main/DEBUG] [net.minecraftforge.coremod.transformer.CoreModBaseTransformer/COREMOD]: Transforming net/minecraft/world/level/biome/Biome
[02Aug2025 00:49:24.601] [main/DEBUG] [mixin/]: Mixing DisableVanillaFortressesMixin from betterfortresses.mixins.json into net.minecraft.world.level.chunk.ChunkGenerator
[02Aug2025 00:49:24.602] [main/DEBUG] [mixin/]: Mixing DisableVanillaStrongholdsMixin from tlc.mixins.json into net.minecraft.world.level.chunk.ChunkGenerator
[02Aug2025 00:49:24.602] [main/DEBUG] [mixin/]: Mixing ChunkGeneratorMixin from structure_gel.mixins.json into net.minecraft.world.level.chunk.ChunkGenerator
[02Aug2025 00:49:24.602] [main/DEBUG] [mixin/]: Renaming synthetic method lambda$stopIfNotInDimension$0(Lnet/minecraft/resources/ResourceKey;Ljava/util/Optional;)Z to md530ed7$lambda$stopIfNotInDimension$0$0 in structure_gel.mixins.json:ChunkGeneratorMixin
[02Aug2025 00:49:24.626] [main/DEBUG] [mixin/]: Mixing MixinInventory from curios.mixins.json into net.minecraft.world.entity.player.Inventory
[02Aug2025 00:49:24.630] [main/DEBUG] [mixin/]: Mixing SlotAccessor from balm.mixins.json into net.minecraft.world.inventory.Slot
[02Aug2025 00:49:24.633] [main/DEBUG] [mixin/]: Mixing brewing.PotionSlotMixin from mixins.netherexp.json into net.minecraft.world.inventory.BrewingStandMenu$PotionSlot
[02Aug2025 00:49:24.647] [main/DEBUG] [mixin/]: Mixing accessor.ShapedRecipeAccessor from tombstone.mixins.json into net.minecraft.world.item.crafting.ShapedRecipe
[02Aug2025 00:49:24.676] [main/DEBUG] [mixin/]: Mixing OperationArgumentTypeAccessor from pehkui.mixins.json into net.minecraft.commands.arguments.OperationArgument
[02Aug2025 00:49:24.676] [main/DEBUG] [mixin/]: Renaming @Accessor method getInvalidOperationException()Lcom/mojang/brigadier/exceptions/SimpleCommandExceptionType; to getInvalidOperationException_$md$530ed7$0 in pehkui.mixins.json:OperationArgumentTypeAccessor
[02Aug2025 00:49:24.676] [main/DEBUG] [mixin/]: Renaming @Accessor method getDivisionZeroException()Lcom/mojang/brigadier/exceptions/SimpleCommandExceptionType; to getDivisionZeroException_$md$530ed7$1 in pehkui.mixins.json:OperationArgumentTypeAccessor
[02Aug2025 00:49:24.732] [main/DEBUG] [mixin/]: Mixing MixinApplyBonusCount from curios.mixins.json into net.minecraft.world.level.storage.loot.functions.ApplyBonusCount
[02Aug2025 00:49:24.844] [main/DEBUG] [mixin/]: Mixing chorus.ChorusPlantFeatureMixin from endergetic.mixins.json into net.minecraft.world.level.levelgen.feature.ChorusPlantFeature
[02Aug2025 00:49:24.854] [main/DEBUG] [mixin/]: Mixing NoMultifaceGrowthFeatureInStructuresMixin from cataclysm.mixins.json into net.minecraft.world.level.levelgen.feature.MultifaceGrowthFeature
[02Aug2025 00:49:24.857] [main/DEBUG] [mixin/]: Mixing NoMagmaBlockInStructuresMixin from cataclysm.mixins.json into net.minecraft.world.level.levelgen.feature.UnderwaterMagmaFeature
[02Aug2025 00:49:24.862] [main/DEBUG] [mixin/]: Mixing NoLakesInStructuresMixin from cataclysm.mixins.json into net.minecraft.world.level.levelgen.feature.LakeFeature
[02Aug2025 00:49:24.862] [main/DEBUG] [mixin/]: Mixing LakeFeatureMixin from structure_gel.mixins.json into net.minecraft.world.level.levelgen.feature.LakeFeature
[02Aug2025 00:49:24.865] [main/DEBUG] [mixin/]: Mixing NoOreInStructuresMixin from cataclysm.mixins.json into net.minecraft.world.level.levelgen.feature.OreFeature
[02Aug2025 00:49:24.868] [main/DEBUG] [mixin/]: Mixing SpikeFeatureMixin from betterendisland.mixins.json into net.minecraft.world.level.levelgen.feature.SpikeFeature
[02Aug2025 00:49:24.869] [main/DEBUG] [mixin/]: Mixing SpikeFeatureMixin from endergetic.mixins.json into net.minecraft.world.level.levelgen.feature.SpikeFeature
[02Aug2025 00:49:24.872] [main/DEBUG] [mixin/]: Mixing EndGatewayFeatureMixin from betterendisland.mixins.json into net.minecraft.world.level.levelgen.feature.EndGatewayFeature
[02Aug2025 00:49:24.878] [main/DEBUG] [mixin/]: Mixing HugeFungusFeatureMixin from piglinproliferation.mixins.json into net.minecraft.world.level.levelgen.feature.HugeFungusFeature
[02Aug2025 00:49:24.878] [main/DEBUG] [mixin/]: Mixing MixinHugeFungusFeature from mixins.netherdungeons.json into net.minecraft.world.level.levelgen.feature.HugeFungusFeature
[02Aug2025 00:49:24.887] [main/DEBUG] [mixin/]: Mixing NoBasaltColumnsInStructuresMixin from betterdungeons.mixins.json into net.minecraft.world.level.levelgen.feature.BasaltColumnsFeature
[02Aug2025 00:49:24.888] [main/DEBUG] [mixin/]: Mixing worldgen.BasaltColumnsFeatureMixin from mixins.netherexp.json into net.minecraft.world.level.levelgen.feature.BasaltColumnsFeature
[02Aug2025 00:49:24.888] [main/DEBUG] [mixin/]: Mixing NoBasaltColumnsInStructuresMixin from betterfortresses.mixins.json into net.minecraft.world.level.levelgen.feature.BasaltColumnsFeature
[02Aug2025 00:49:24.889] [main/DEBUG] [mixin/]: Mixing NoBasaltColumnsInStructuresMixin from cataclysm.mixins.json into net.minecraft.world.level.levelgen.feature.BasaltColumnsFeature
[02Aug2025 00:49:24.893] [main/DEBUG] [mixin/]: Mixing NoDeltasInStructuresMixin from betterdungeons.mixins.json into net.minecraft.world.level.levelgen.feature.DeltaFeature
[02Aug2025 00:49:24.894] [main/DEBUG] [mixin/]: Mixing worldgen.DeltaFeatureMixin from mixins.netherexp.json into net.minecraft.world.level.levelgen.feature.DeltaFeature
[02Aug2025 00:49:24.894] [main/DEBUG] [mixin/]: Mixing NoDeltasInStructuresMixin from betterfortresses.mixins.json into net.minecraft.world.level.levelgen.feature.DeltaFeature
[02Aug2025 00:49:24.895] [main/DEBUG] [mixin/]: Mixing NoDeltasInStructuresMixin from cataclysm.mixins.json into net.minecraft.world.level.levelgen.feature.DeltaFeature
[02Aug2025 00:49:24.903] [main/DEBUG] [mixin/]: Mixing NoGeodeInStructuresMixin from cataclysm.mixins.json into net.minecraft.world.level.levelgen.feature.GeodeFeature
[02Aug2025 00:49:24.976] [main/DEBUG] [mixin/]: Mixing EndSpikeMixin from betterendisland.mixins.json into net.minecraft.world.level.levelgen.feature.SpikeFeature$EndSpike
[02Aug2025 00:49:25.031] [main/DEBUG] [net.minecraftforge.coremod.transformer.CoreModBaseTransformer/COREMOD]: Transforming net/minecraft/world/level/levelgen/structure/Structure
[02Aug2025 00:49:25.031] [main/DEBUG] [mixin/]: Mixing StructureMixin from structure_gel.mixins.json into net.minecraft.world.level.levelgen.structure.Structure
[02Aug2025 00:49:25.041] [main/DEBUG] [mixin/]: Mixing StructurePieceMixin from blueprint.mixins.json into net.minecraft.world.level.levelgen.structure.StructurePiece
[02Aug2025 00:49:25.042] [main/DEBUG] [mixin/]: Mixing structures.StructurePieceAccessor from mes-common.mixins.json into net.minecraft.world.level.levelgen.structure.StructurePiece
[02Aug2025 00:49:25.042] [main/DEBUG] [mixin/]: Mixing structures.StructurePieceAccessor from mns-common.mixins.json into net.minecraft.world.level.levelgen.structure.StructurePiece
[02Aug2025 00:49:25.043] [main/DEBUG] [mixin/]: Unexpected: Registered method setBoundingBox(Lnet/minecraft/world/level/levelgen/structure/BoundingBox;)V in net.minecraft.world.level.levelgen.structure.StructurePiece was not merged
[02Aug2025 00:49:25.062] [main/DEBUG] [mixin/]: Mixing StrongholdPiecesMixin from endrem.mixins.json into net.minecraft.world.level.levelgen.structure.structures.StrongholdPieces$PortalRoom
[02Aug2025 00:49:25.071] [main/DEBUG] [net.minecraftforge.coremod.transformer.CoreModBaseTransformer/COREMOD]: Transforming net/minecraft/world/level/levelgen/structure/structures/OceanRuinPieces$OceanRuinPiece
[02Aug2025 00:49:25.080] [main/DEBUG] [mixin/]: Mixing TemplateStructurePieceMixin from structure_gel.mixins.json into net.minecraft.world.level.levelgen.structure.TemplateStructurePiece
[02Aug2025 00:49:25.086] [main/DEBUG] [net.minecraftforge.coremod.transformer.CoreModBaseTransformer/COREMOD]: Transforming net/minecraft/world/level/levelgen/structure/structures/SwampHutPiece
[02Aug2025 00:49:25.097] [main/DEBUG] [net.minecraftforge.coremod.transformer.CoreModBaseTransformer/COREMOD]: Transforming net/minecraft/world/level/levelgen/structure/structures/OceanMonumentPieces$OceanMonumentPiece
[02Aug2025 00:49:25.114] [main/DEBUG] [net.minecraftforge.coremod.transformer.CoreModBaseTransformer/COREMOD]: Transforming net/minecraft/world/level/levelgen/structure/structures/WoodlandMansionPieces$WoodlandMansionPiece
[02Aug2025 00:49:25.130] [main/DEBUG] [mixin/]: Mixing structures.PoolElementStructurePieceAccessor from mes-common.mixins.json into net.minecraft.world.level.levelgen.structure.PoolElementStructurePiece
[02Aug2025 00:49:25.130] [main/DEBUG] [mixin/]: Mixing structures.PoolElementStructurePieceAccessor from mns-common.mixins.json into net.minecraft.world.level.levelgen.structure.PoolElementStructurePiece
[02Aug2025 00:49:25.130] [main/DEBUG] [mixin/]: Mixing PoolElementStructurePieceMixin from structure_gel.mixins.json into net.minecraft.world.level.levelgen.structure.PoolElementStructurePiece
[02Aug2025 00:49:25.133] [main/DEBUG] [mixin/]: Unexpected: Registered method getStructureManager()Lnet/minecraft/world/level/levelgen/structure/templatesystem/StructureTemplateManager; in net.minecraft.world.level.levelgen.structure.PoolElementStructurePiece was not merged
[02Aug2025 00:49:25.133] [main/DEBUG] [mixin/]: Unexpected: Registered method setRotation(Lnet/minecraft/world/level/block/Rotation;)V in net.minecraft.world.level.levelgen.structure.PoolElementStructurePiece was not merged
[02Aug2025 00:49:25.151] [main/DEBUG] [mixin/]: Mixing StructureTemplatePoolAccessor from waystones.mixins.json into net.minecraft.world.level.levelgen.structure.pools.StructureTemplatePool
[02Aug2025 00:49:25.151] [main/DEBUG] [mixin/]: Mixing forge.structures.StructurePoolMixin from dungeonnowloading.forge.mixins.json into net.minecraft.world.level.levelgen.structure.pools.StructureTemplatePool
[02Aug2025 00:49:25.151] [main/DEBUG] [mixin/]: Mixing accessor.StructureTemplatePoolAccessor from yungsapi.mixins.json into net.minecraft.world.level.levelgen.structure.pools.StructureTemplatePool
[02Aug2025 00:49:25.151] [main/DEBUG] [mixin/]: Mixing IncreaseStructureWeightLimitMixinForge from yungsapi_forge.mixins.json into net.minecraft.world.level.levelgen.structure.pools.StructureTemplatePool
[02Aug2025 00:49:25.152] [main/DEBUG] [mixin/]: Mixing accessor.StructureTemplatePoolAccessor from cataclysm.mixins.json into net.minecraft.world.level.levelgen.structure.pools.StructureTemplatePool
[02Aug2025 00:49:25.152] [main/DEBUG] [mixin/]: Mixing structures.StructurePoolAccessor from mes-common.mixins.json into net.minecraft.world.level.levelgen.structure.pools.StructureTemplatePool
[02Aug2025 00:49:25.152] [main/DEBUG] [mixin/]: Renaming @Accessor method getCODEC_REFERENCE()Lorg/apache/commons/lang3/mutable/MutableObject; to getCODEC_REFERENCE_$md$530ed7$0 in mes-common.mixins.json:structures.StructurePoolAccessor
[02Aug2025 00:49:25.152] [main/DEBUG] [mixin/]: Mixing structures.StructurePoolAccessor from mns-common.mixins.json into net.minecraft.world.level.levelgen.structure.pools.StructureTemplatePool
[02Aug2025 00:49:25.152] [main/DEBUG] [mixin/]: Renaming @Accessor method getCODEC_REFERENCE()Lorg/apache/commons/lang3/mutable/MutableObject; to getCODEC_REFERENCE_$md$530ed7$1 in mns-common.mixins.json:structures.StructurePoolAccessor
[02Aug2025 00:49:25.153] [main/WARN] [mixin/]: @ModifyConstant conflict. Skipping yungsapi_forge.mixins.json:IncreaseStructureWeightLimitMixinForge->@ModifyConstant::yungsapi_increaseWeightLimit(I)I with priority 1000, already redirected by dungeonnowloading.forge.mixins.json:forge.structures.StructurePoolMixin->@ModifyConstant::dungeonnowloading_increaseWeightLimit(I)I with priority 1000
[02Aug2025 00:49:25.155] [main/DEBUG] [mixin/]: Unexpected: Registered method getRawTemplates()Ljava/util/List; in net.minecraft.world.level.levelgen.structure.pools.StructureTemplatePool was not merged
[02Aug2025 00:49:25.155] [main/DEBUG] [mixin/]: Unexpected: Registered method getRawTemplates()Ljava/util/List; in net.minecraft.world.level.levelgen.structure.pools.StructureTemplatePool was not merged
[02Aug2025 00:49:25.219] [main/DEBUG] [mixin/]: Mixing biome.BiomeSourceMixin from mixins.elysium_api.json into net.minecraft.world.level.biome.BiomeSource
[02Aug2025 00:49:25.221] [main/DEBUG] [mixin/]: Mixing BiomeSourceMixin from citadel.mixins.json into net.minecraft.world.level.biome.BiomeSource
[02Aug2025 00:49:25.222] [main/DEBUG] [mixin/]: Mixing BiomeSourceMixin from mixins.mofus_better_end_.json into net.minecraft.world.level.biome.BiomeSource
[02Aug2025 00:49:25.226] [main/DEBUG] [net.minecraftforge.coremod.transformer.CoreModBaseTransformer/COREMOD]: Transforming net/minecraft/world/level/biome/Biome
[02Aug2025 00:49:25.264] [main/DEBUG] [mixin/]: Mixing biome.MultiNoiseBiomeSourceMixin from mixins.elysium_api.json into net.minecraft.world.level.biome.MultiNoiseBiomeSource
[02Aug2025 00:49:25.271] [main/DEBUG] [mixin/]: Mixing MultiNoiseBiomeSourceMixin from citadel.mixins.json into net.minecraft.world.level.biome.MultiNoiseBiomeSource
[02Aug2025 00:49:25.295] [main/DEBUG] [mixin/]: Mixing TheEndBiomeSourceMixin from mixins.mofus_better_end_.json into net.minecraft.world.level.biome.TheEndBiomeSource
[02Aug2025 00:49:25.296] [main/DEBUG] [mixin/]: Renaming synthetic method lambda$init$1(Lnet/minecraft/core/HolderGetter;)Ljava/lang/Object; to md530ed7$lambda$init$1$0 in mixins.mofus_better_end_.json:TheEndBiomeSourceMixin
[02Aug2025 00:49:25.296] [main/DEBUG] [mixin/]: Renaming synthetic method lambda$modifyCodec$0(Lcom/mojang/serialization/codecs/RecordCodecBuilder$Instance;)Lcom/mojang/datafixers/kinds/App; to md530ed7$lambda$modifyCodec$0$1 in mixins.mofus_better_end_.json:TheEndBiomeSourceMixin
[02Aug2025 00:49:25.313] [main/DEBUG] [mixin/]: Mixing biome.NoiseBasedChunkGeneratorMixin from mixins.elysium_api.json into net.minecraft.world.level.levelgen.NoiseBasedChunkGenerator
[02Aug2025 00:49:25.313] [main/DEBUG] [mixin/]: Renaming synthetic method lambda$mergeSurfaceRules$0(I)[Lnet/minecraft/world/level/levelgen/SurfaceRules$RuleSource; to md530ed7$lambda$mergeSurfaceRules$0$0 in mixins.elysium_api.json:biome.NoiseBasedChunkGeneratorMixin
[02Aug2025 00:49:25.314] [main/DEBUG] [mixin/]: Mixing NoiseBasedChunkGeneratorMixin from citadel.mixins.json into net.minecraft.world.level.levelgen.NoiseBasedChunkGenerator
[02Aug2025 00:49:25.324] [main/DEBUG] [mixin/]: Mixing NoiseGeneratorSettingsMixin from blueprint.mixins.json into net.minecraft.world.level.levelgen.NoiseGeneratorSettings
[02Aug2025 00:49:25.324] [main/DEBUG] [mixin/]: Mixing NoiseGeneratorSettingsAccess from mixins.mofus_better_end_.json into net.minecraft.world.level.levelgen.NoiseGeneratorSettings
[02Aug2025 00:49:25.400] [main/DEBUG] [mixin/]: Mixing SinglePoolElementMixin from waystones.mixins.json into net.minecraft.world.level.levelgen.structure.pools.SinglePoolElement
[02Aug2025 00:49:25.401] [main/DEBUG] [mixin/]: Mixing accessor.SinglePoolElementAccessor from yungsapi.mixins.json into net.minecraft.world.level.levelgen.structure.pools.SinglePoolElement
[02Aug2025 00:49:25.401] [main/DEBUG] [mixin/]: Mixing accessor.SinglePoolElementAccessor from cataclysm.mixins.json into net.minecraft.world.level.levelgen.structure.pools.SinglePoolElement
[02Aug2025 00:49:25.401] [main/DEBUG] [mixin/]: Mixing structures.SinglePoolElementAccessor from mes-common.mixins.json into net.minecraft.world.level.levelgen.structure.pools.SinglePoolElement
[02Aug2025 00:49:25.401] [main/DEBUG] [mixin/]: Mixing structures.SinglePoolElementAccessor from mns-common.mixins.json into net.minecraft.world.level.levelgen.structure.pools.SinglePoolElement
[02Aug2025 00:49:25.402] [main/DEBUG] [mixin/]: Mixing SinglePoolElementMixin from structure_gel.mixins.json into net.minecraft.world.level.levelgen.structure.pools.SinglePoolElement
[02Aug2025 00:49:25.406] [main/DEBUG] [mixin/]: Unexpected: Registered method callGetTemplate(Lnet/minecraft/world/level/levelgen/structure/templatesystem/StructureTemplateManager;)Lnet/minecraft/world/level/levelgen/structure/templatesystem/StructureTemplate; in net.minecraft.world.level.levelgen.structure.pools.SinglePoolElement was not merged
[02Aug2025 00:49:25.406] [main/DEBUG] [mixin/]: Unexpected: Registered method callGetTemplate(Lnet/minecraft/world/level/levelgen/structure/templatesystem/StructureTemplateManager;)Lnet/minecraft/world/level/levelgen/structure/templatesystem/StructureTemplate; in net.minecraft.world.level.levelgen.structure.pools.SinglePoolElement was not merged
[02Aug2025 00:49:25.406] [main/DEBUG] [mixin/]: Unexpected: Registered method callGetTemplate(Lnet/minecraft/world/level/levelgen/structure/templatesystem/StructureTemplateManager;)Lnet/minecraft/world/level/levelgen/structure/templatesystem/StructureTemplate; in net.minecraft.world.level.levelgen.structure.pools.SinglePoolElement was not merged
[02Aug2025 00:49:25.412] [main/DEBUG] [mixin/]: Mixing accessor.ListPoolElementAccessor from yungsapi.mixins.json into net.minecraft.world.level.levelgen.structure.pools.ListPoolElement
[02Aug2025 00:49:25.412] [main/DEBUG] [mixin/]: Mixing accessor.ListPoolElementAccessor from cataclysm.mixins.json into net.minecraft.world.level.levelgen.structure.pools.ListPoolElement
[02Aug2025 00:49:25.412] [main/DEBUG] [mixin/]: Mixing structures.ListPoolElementAccessor from mes-common.mixins.json into net.minecraft.world.level.levelgen.structure.pools.ListPoolElement
[02Aug2025 00:49:25.413] [main/DEBUG] [mixin/]: Mixing structures.ListPoolElementAccessor from mns-common.mixins.json into net.minecraft.world.level.levelgen.structure.pools.ListPoolElement
[02Aug2025 00:49:25.418] [main/DEBUG] [mixin/]: Unexpected: Registered method getElements()Ljava/util/List; in net.minecraft.world.level.levelgen.structure.pools.ListPoolElement was not merged
[02Aug2025 00:49:25.423] [main/DEBUG] [mixin/]: Mixing accessor.FeaturePoolElementAccessor from yungsapi.mixins.json into net.minecraft.world.level.levelgen.structure.pools.FeaturePoolElement
[02Aug2025 00:49:25.423] [main/DEBUG] [mixin/]: Mixing accessor.FeaturePoolElementAccessor from cataclysm.mixins.json into net.minecraft.world.level.levelgen.structure.pools.FeaturePoolElement
[02Aug2025 00:49:25.427] [main/DEBUG] [mixin/]: Unexpected: Registered method getFeature()Lnet/minecraft/core/Holder; in net.minecraft.world.level.levelgen.structure.pools.FeaturePoolElement was not merged
[02Aug2025 00:49:25.593] [main/DEBUG] [net.minecraftforge.common.ForgeI18n/CORE]: Loading I18N data entries: 6430
[02Aug2025 00:49:25.612] [main/DEBUG] [net.minecraftforge.fml.ModWorkManager/LOADING]: Using 4 threads for parallel mod-loading
[02Aug2025 00:49:25.618] [main/DEBUG] [net.minecraftforge.fml.javafmlmod.FMLJavaModLanguageProvider/LOADING]: Loading FMLModContainer from classloader cpw.mods.modlauncher.TransformingClassLoader@343fddd9 - got cpw.mods.cl.ModuleClassLoader@73ba6fe6
[02Aug2025 00:49:25.619] [main/DEBUG] [net.minecraftforge.fml.javafmlmod.FMLModContainer/LOADING]: Creating FMLModContainer instance for com.yungnickyoung.minecraft.betterdungeons.BetterDungeonsForge
[02Aug2025 00:49:25.624] [main/DEBUG] [net.minecraftforge.fml.javafmlmod.FMLJavaModLanguageProvider/LOADING]: Loading FMLModContainer from classloader cpw.mods.modlauncher.TransformingClassLoader@343fddd9 - got cpw.mods.cl.ModuleClassLoader@73ba6fe6
[02Aug2025 00:49:25.624] [main/DEBUG] [net.minecraftforge.fml.javafmlmod.FMLModContainer/LOADING]: Creating FMLModContainer instance for atistructures.AtiStructuresMod
[02Aug2025 00:49:25.624] [main/DEBUG] [net.minecraftforge.fml.javafmlmod.FMLJavaModLanguageProvider/LOADING]: Loading FMLModContainer from classloader cpw.mods.modlauncher.TransformingClassLoader@343fddd9 - got cpw.mods.cl.ModuleClassLoader@73ba6fe6
[02Aug2025 00:49:25.624] [main/DEBUG] [net.minecraftforge.fml.javafmlmod.FMLModContainer/LOADING]: Creating FMLModContainer instance for net.jadenxgamer.netherexp.NetherExp
[02Aug2025 00:49:25.625] [main/DEBUG] [net.minecraftforge.fml.lowcodemod.LowCodeModLanguageProvider.LowCodeModTarget/LOADING]: Loading LowCodeModContainer from classloader cpw.mods.modlauncher.TransformingClassLoader@343fddd9 - got cpw.mods.cl.ModuleClassLoader@73ba6fe6
[02Aug2025 00:49:25.626] [main/DEBUG] [net.minecraftforge.fml.lowcodemod.LowCodeModContainer/LOADING]: Creating LowCodeModContainer for formationsnether
[02Aug2025 00:49:25.626] [main/DEBUG] [net.minecraftforge.fml.javafmlmod.FMLJavaModLanguageProvider/LOADING]: Loading FMLModContainer from classloader cpw.mods.modlauncher.TransformingClassLoader@343fddd9 - got cpw.mods.cl.ModuleClassLoader@73ba6fe6
[02Aug2025 00:49:25.626] [main/DEBUG] [net.minecraftforge.fml.javafmlmod.FMLModContainer/LOADING]: Creating FMLModContainer instance for net.jadenxgamer.elysium_api.Elysium
[02Aug2025 00:49:25.627] [main/DEBUG] [net.minecraftforge.fml.javafmlmod.FMLJavaModLanguageProvider/LOADING]: Loading FMLModContainer from classloader cpw.mods.modlauncher.TransformingClassLoader@343fddd9 - got cpw.mods.cl.ModuleClassLoader@73ba6fe6
[02Aug2025 00:49:25.627] [main/DEBUG] [net.minecraftforge.fml.javafmlmod.FMLModContainer/LOADING]: Creating FMLModContainer instance for com.flashfyre.blazegear.BlazeGear
[02Aug2025 00:49:25.627] [main/DEBUG] [net.minecraftforge.fml.javafmlmod.FMLJavaModLanguageProvider/LOADING]: Loading FMLModContainer from classloader cpw.mods.modlauncher.TransformingClassLoader@343fddd9 - got cpw.mods.cl.ModuleClassLoader@73ba6fe6
[02Aug2025 00:49:25.628] [main/DEBUG] [net.minecraftforge.fml.javafmlmod.FMLModContainer/LOADING]: Creating FMLModContainer instance for net.mcreator.nethersexoticism.NethersExoticismMod
[02Aug2025 00:49:25.628] [main/DEBUG] [net.minecraftforge.fml.javafmlmod.FMLJavaModLanguageProvider/LOADING]: Loading FMLModContainer from classloader cpw.mods.modlauncher.TransformingClassLoader@343fddd9 - got cpw.mods.cl.ModuleClassLoader@73ba6fe6
[02Aug2025 00:49:25.628] [main/DEBUG] [net.minecraftforge.fml.javafmlmod.FMLModContainer/LOADING]: Creating FMLModContainer instance for net.mcreator.realmrpgdemons.RealmrpgDemonsMod
[02Aug2025 00:49:25.629] [main/DEBUG] [net.minecraftforge.fml.javafmlmod.FMLJavaModLanguageProvider/LOADING]: Loading FMLModContainer from classloader cpw.mods.modlauncher.TransformingClassLoader@343fddd9 - got cpw.mods.cl.ModuleClassLoader@73ba6fe6
[02Aug2025 00:49:25.629] [main/DEBUG] [net.minecraftforge.fml.javafmlmod.FMLModContainer/LOADING]: Creating FMLModContainer instance for mezz.jei.forge.JustEnoughItems
[02Aug2025 00:49:25.629] [main/DEBUG] [net.minecraftforge.fml.javafmlmod.FMLJavaModLanguageProvider/LOADING]: Loading FMLModContainer from classloader cpw.mods.modlauncher.TransformingClassLoader@343fddd9 - got cpw.mods.cl.ModuleClassLoader@73ba6fe6
[02Aug2025 00:49:25.629] [main/DEBUG] [net.minecraftforge.fml.javafmlmod.FMLModContainer/LOADING]: Creating FMLModContainer instance for virtuoel.pehkui.Pehkui
[02Aug2025 00:49:25.630] [main/DEBUG] [net.minecraftforge.fml.javafmlmod.FMLJavaModLanguageProvider/LOADING]: Loading FMLModContainer from classloader cpw.mods.modlauncher.TransformingClassLoader@343fddd9 - got cpw.mods.cl.ModuleClassLoader@73ba6fe6
[02Aug2025 00:49:25.630] [main/DEBUG] [net.minecraftforge.fml.javafmlmod.FMLModContainer/LOADING]: Creating FMLModContainer instance for net.mcreator.stalwartdungeons.StalwartDungeonsMod
[02Aug2025 00:49:25.630] [main/DEBUG] [net.minecraftforge.fml.javafmlmod.FMLJavaModLanguageProvider/LOADING]: Loading FMLModContainer from classloader cpw.mods.modlauncher.TransformingClassLoader@343fddd9 - got cpw.mods.cl.ModuleClassLoader@73ba6fe6
[02Aug2025 00:49:25.630] [main/DEBUG] [net.minecraftforge.fml.javafmlmod.FMLModContainer/LOADING]: Creating FMLModContainer instance for com.obscuria.obscureapi.ObscureAPI
[02Aug2025 00:49:25.631] [main/DEBUG] [net.minecraftforge.fml.lowcodemod.LowCodeModLanguageProvider.LowCodeModTarget/LOADING]: Loading LowCodeModContainer from classloader cpw.mods.modlauncher.TransformingClassLoader@343fddd9 - got cpw.mods.cl.ModuleClassLoader@73ba6fe6
[02Aug2025 00:49:25.631] [main/DEBUG] [net.minecraftforge.fml.lowcodemod.LowCodeModContainer/LOADING]: Creating LowCodeModContainer for incendium
[02Aug2025 00:49:25.631] [main/DEBUG] [net.minecraftforge.fml.javafmlmod.FMLJavaModLanguageProvider/LOADING]: Loading FMLModContainer from classloader cpw.mods.modlauncher.TransformingClassLoader@343fddd9 - got cpw.mods.cl.ModuleClassLoader@73ba6fe6
[02Aug2025 00:49:25.631] [main/DEBUG] [net.minecraftforge.fml.javafmlmod.FMLModContainer/LOADING]: Creating FMLModContainer instance for net.p3pp3rf1y.sophisticatedcore.SophisticatedCore
[02Aug2025 00:49:25.632] [main/DEBUG] [net.minecraftforge.fml.javafmlmod.FMLJavaModLanguageProvider/LOADING]: Loading FMLModContainer from classloader cpw.mods.modlauncher.TransformingClassLoader@343fddd9 - got cpw.mods.cl.ModuleClassLoader@73ba6fe6
[02Aug2025 00:49:25.632] [main/DEBUG] [net.minecraftforge.fml.javafmlmod.FMLModContainer/LOADING]: Creating FMLModContainer instance for net.mcreator.netheroverhaul.NetheroverhaulMod
[02Aug2025 00:49:25.632] [main/DEBUG] [net.minecraftforge.fml.javafmlmod.FMLJavaModLanguageProvider/LOADING]: Loading FMLModContainer from classloader cpw.mods.modlauncher.TransformingClassLoader@343fddd9 - got cpw.mods.cl.ModuleClassLoader@73ba6fe6
[02Aug2025 00:49:25.633] [main/DEBUG] [net.minecraftforge.fml.javafmlmod.FMLModContainer/LOADING]: Creating FMLModContainer instance for net.blay09.mods.kleeslabs.ForgeKleeSlabs
[02Aug2025 00:49:25.633] [main/DEBUG] [net.minecraftforge.fml.javafmlmod.FMLJavaModLanguageProvider/LOADING]: Loading FMLModContainer from classloader cpw.mods.modlauncher.TransformingClassLoader@343fddd9 - got cpw.mods.cl.ModuleClassLoader@73ba6fe6
[02Aug2025 00:49:25.633] [main/DEBUG] [net.minecraftforge.fml.javafmlmod.FMLModContainer/LOADING]: Creating FMLModContainer instance for net.mcreator.enlightened_end.EnlightenedEndMod
[02Aug2025 00:49:25.633] [main/DEBUG] [net.minecraftforge.fml.javafmlmod.FMLJavaModLanguageProvider/LOADING]: Loading FMLModContainer from classloader cpw.mods.modlauncher.TransformingClassLoader@343fddd9 - got cpw.mods.cl.ModuleClassLoader@73ba6fe6
[02Aug2025 00:49:25.634] [main/DEBUG] [net.minecraftforge.fml.javafmlmod.FMLModContainer/LOADING]: Creating FMLModContainer instance for net.blay09.mods.waystones.ForgeWaystones
[02Aug2025 00:49:25.634] [main/DEBUG] [net.minecraftforge.fml.javafmlmod.FMLJavaModLanguageProvider/LOADING]: Loading FMLModContainer from classloader cpw.mods.modlauncher.TransformingClassLoader@343fddd9 - got cpw.mods.cl.ModuleClassLoader@73ba6fe6
[02Aug2025 00:49:25.634] [main/DEBUG] [net.minecraftforge.fml.javafmlmod.FMLModContainer/LOADING]: Creating FMLModContainer instance for tallestred.piglinproliferation.PiglinProliferation
[02Aug2025 00:49:25.635] [main/DEBUG] [net.minecraftforge.fml.javafmlmod.FMLJavaModLanguageProvider/LOADING]: Loading FMLModContainer from classloader cpw.mods.modlauncher.TransformingClassLoader@343fddd9 - got cpw.mods.cl.ModuleClassLoader@73ba6fe6
[02Aug2025 00:49:25.635] [main/DEBUG] [net.minecraftforge.fml.javafmlmod.FMLModContainer/LOADING]: Creating FMLModContainer instance for journeymap.common.Journeymap
[02Aug2025 00:49:25.636] [main/DEBUG] [net.minecraftforge.fml.javafmlmod.FMLJavaModLanguageProvider/LOADING]: Loading FMLModContainer from classloader cpw.mods.modlauncher.TransformingClassLoader@343fddd9 - got cpw.mods.cl.ModuleClassLoader@73ba6fe6
[02Aug2025 00:49:25.636] [main/DEBUG] [net.minecraftforge.fml.javafmlmod.FMLModContainer/LOADING]: Creating FMLModContainer instance for dev.hexnowloading.dungeonnowloading.DNLForge
[02Aug2025 00:49:25.636] [main/DEBUG] [net.minecraftforge.fml.javafmlmod.FMLJavaModLanguageProvider/LOADING]: Loading FMLModContainer from classloader cpw.mods.modlauncher.TransformingClassLoader@343fddd9 - got cpw.mods.cl.ModuleClassLoader@73ba6fe6
[02Aug2025 00:49:25.637] [main/DEBUG] [net.minecraftforge.fml.javafmlmod.FMLModContainer/LOADING]: Creating FMLModContainer instance for net.architects.betterendcities.BetterEndCitiesMod
[02Aug2025 00:49:25.637] [main/DEBUG] [net.minecraftforge.fml.javafmlmod.FMLJavaModLanguageProvider/LOADING]: Loading FMLModContainer from classloader cpw.mods.modlauncher.TransformingClassLoader@343fddd9 - got cpw.mods.cl.ModuleClassLoader@73ba6fe6
[02Aug2025 00:49:25.637] [main/DEBUG] [net.minecraftforge.fml.javafmlmod.FMLModContainer/LOADING]: Creating FMLModContainer instance for com.github.alexthe666.citadel.Citadel
[02Aug2025 00:49:25.638] [main/DEBUG] [net.minecraftforge.fml.javafmlmod.FMLJavaModLanguageProvider/LOADING]: Loading FMLModContainer from classloader cpw.mods.modlauncher.TransformingClassLoader@343fddd9 - got cpw.mods.cl.ModuleClassLoader@73ba6fe6
[02Aug2025 00:49:25.638] [main/DEBUG] [net.minecraftforge.fml.javafmlmod.FMLModContainer/LOADING]: Creating FMLModContainer instance for com.github.alexthe666.alexsmobs.AlexsMobs
[02Aug2025 00:49:25.639] [main/DEBUG] [net.minecraftforge.fml.javafmlmod.FMLJavaModLanguageProvider/LOADING]: Loading FMLModContainer from classloader cpw.mods.modlauncher.TransformingClassLoader@343fddd9 - got cpw.mods.cl.ModuleClassLoader@73ba6fe6
[02Aug2025 00:49:25.639] [main/DEBUG] [net.minecraftforge.fml.javafmlmod.FMLModContainer/LOADING]: Creating FMLModContainer instance for com.yungnickyoung.minecraft.yungsapi.YungsApiForge
[02Aug2025 00:49:25.639] [main/DEBUG] [net.minecraftforge.fml.javafmlmod.FMLJavaModLanguageProvider/LOADING]: Loading FMLModContainer from classloader cpw.mods.modlauncher.TransformingClassLoader@343fddd9 - got cpw.mods.cl.ModuleClassLoader@73ba6fe6
[02Aug2025 00:49:25.640] [main/DEBUG] [net.minecraftforge.fml.javafmlmod.FMLModContainer/LOADING]: Creating FMLModContainer instance for blueduck.outer_end.TheOuterEnd
[02Aug2025 00:49:25.640] [main/DEBUG] [net.minecraftforge.fml.javafmlmod.FMLJavaModLanguageProvider/LOADING]: Loading FMLModContainer from classloader cpw.mods.modlauncher.TransformingClassLoader@343fddd9 - got cpw.mods.cl.ModuleClassLoader@73ba6fe6
[02Aug2025 00:49:25.640] [main/DEBUG] [net.minecraftforge.fml.javafmlmod.FMLModContainer/LOADING]: Creating FMLModContainer instance for com.llamalad7.mixinextras.platform.forge.MixinExtrasMod
[02Aug2025 00:49:25.641] [main/DEBUG] [net.minecraftforge.fml.javafmlmod.FMLJavaModLanguageProvider/LOADING]: Loading FMLModContainer from classloader cpw.mods.modlauncher.TransformingClassLoader@343fddd9 - got cpw.mods.cl.ModuleClassLoader@73ba6fe6
[02Aug2025 00:49:25.641] [main/DEBUG] [net.minecraftforge.fml.javafmlmod.FMLModContainer/LOADING]: Creating FMLModContainer instance for xiroc.dungeoncrawl.DungeonCrawl
[02Aug2025 00:49:25.641] [main/DEBUG] [net.minecraftforge.fml.javafmlmod.FMLJavaModLanguageProvider/LOADING]: Loading FMLModContainer from classloader cpw.mods.modlauncher.TransformingClassLoader@343fddd9 - got cpw.mods.cl.ModuleClassLoader@73ba6fe6
[02Aug2025 00:49:25.641] [main/DEBUG] [net.minecraftforge.fml.javafmlmod.FMLModContainer/LOADING]: Creating FMLModContainer instance for net.mcreator.callofyucutan.CallOfYucutanMod
[02Aug2025 00:49:25.642] [main/DEBUG] [net.minecraftforge.fml.javafmlmod.FMLJavaModLanguageProvider/LOADING]: Loading FMLModContainer from classloader cpw.mods.modlauncher.TransformingClassLoader@343fddd9 - got cpw.mods.cl.ModuleClassLoader@73ba6fe6
[02Aug2025 00:49:25.642] [main/DEBUG] [net.minecraftforge.fml.javafmlmod.FMLModContainer/LOADING]: Creating FMLModContainer instance for net.p3pp3rf1y.sophisticatedbackpacks.SophisticatedBackpacks
[02Aug2025 00:49:25.643] [main/DEBUG] [net.minecraftforge.fml.javafmlmod.FMLJavaModLanguageProvider/LOADING]: Loading FMLModContainer from classloader cpw.mods.modlauncher.TransformingClassLoader@343fddd9 - got cpw.mods.cl.ModuleClassLoader@73ba6fe6
[02Aug2025 00:49:25.643] [main/DEBUG] [net.minecraftforge.fml.javafmlmod.FMLModContainer/LOADING]: Creating FMLModContainer instance for com.izofar.takesapillage.TakesAPillageMod
[02Aug2025 00:49:25.643] [main/DEBUG] [net.minecraftforge.fml.javafmlmod.FMLJavaModLanguageProvider/LOADING]: Loading FMLModContainer from classloader cpw.mods.modlauncher.TransformingClassLoader@343fddd9 - got cpw.mods.cl.ModuleClassLoader@73ba6fe6
[02Aug2025 00:49:25.643] [main/DEBUG] [net.minecraftforge.fml.javafmlmod.FMLModContainer/LOADING]: Creating FMLModContainer instance for net.blay09.mods.balm.forge.ForgeBalm
[02Aug2025 00:49:25.644] [main/DEBUG] [net.minecraftforge.fml.javafmlmod.FMLJavaModLanguageProvider/LOADING]: Loading FMLModContainer from classloader cpw.mods.modlauncher.TransformingClassLoader@343fddd9 - got cpw.mods.cl.ModuleClassLoader@73ba6fe6
[02Aug2025 00:49:25.644] [main/DEBUG] [net.minecraftforge.fml.javafmlmod.FMLModContainer/LOADING]: Creating FMLModContainer instance for com.cerbon.bosses_of_mass_destruction.BossesOfMassDestruction
[02Aug2025 00:49:25.645] [main/DEBUG] [net.minecraftforge.fml.javafmlmod.FMLJavaModLanguageProvider/LOADING]: Loading FMLModContainer from classloader cpw.mods.modlauncher.TransformingClassLoader@343fddd9 - got cpw.mods.cl.ModuleClassLoader@73ba6fe6
[02Aug2025 00:49:25.645] [main/DEBUG] [net.minecraftforge.fml.javafmlmod.FMLModContainer/LOADING]: Creating FMLModContainer instance for com.teamabnormals.blueprint.core.Blueprint
[02Aug2025 00:49:25.647] [main/DEBUG] [net.minecraftforge.fml.javafmlmod.FMLJavaModLanguageProvider/LOADING]: Loading FMLModContainer from classloader cpw.mods.modlauncher.TransformingClassLoader@343fddd9 - got cpw.mods.cl.ModuleClassLoader@73ba6fe6
[02Aug2025 00:49:25.647] [main/DEBUG] [net.minecraftforge.fml.javafmlmod.FMLModContainer/LOADING]: Creating FMLModContainer instance for jeresources.JEResources
[02Aug2025 00:49:25.648] [main/DEBUG] [net.minecraftforge.fml.javafmlmod.FMLJavaModLanguageProvider/LOADING]: Loading FMLModContainer from classloader cpw.mods.modlauncher.TransformingClassLoader@343fddd9 - got cpw.mods.cl.ModuleClassLoader@73ba6fe6
[02Aug2025 00:49:25.648] [main/DEBUG] [net.minecraftforge.fml.javafmlmod.FMLModContainer/LOADING]: Creating FMLModContainer instance for net.fadedconquest2.FadedConquest2Mod
[02Aug2025 00:49:25.648] [main/DEBUG] [net.minecraftforge.fml.javafmlmod.FMLJavaModLanguageProvider/LOADING]: Loading FMLModContainer from classloader cpw.mods.modlauncher.TransformingClassLoader@343fddd9 - got cpw.mods.cl.ModuleClassLoader@73ba6fe6
[02Aug2025 00:49:25.649] [main/DEBUG] [net.minecraftforge.fml.javafmlmod.FMLModContainer/LOADING]: Creating FMLModContainer instance for com.supermartijn642.formations.Formations
[02Aug2025 00:49:25.649] [main/DEBUG] [net.minecraftforge.fml.javafmlmod.FMLJavaModLanguageProvider/LOADING]: Loading FMLModContainer from classloader cpw.mods.modlauncher.TransformingClassLoader@343fddd9 - got cpw.mods.cl.ModuleClassLoader@73ba6fe6
[02Aug2025 00:49:25.649] [main/DEBUG] [net.minecraftforge.fml.javafmlmod.FMLModContainer/LOADING]: Creating FMLModContainer instance for com.yungnickyoung.minecraft.betterfortresses.BetterFortressesForge
[02Aug2025 00:49:25.650] [main/DEBUG] [net.minecraftforge.fml.javafmlmod.FMLJavaModLanguageProvider/LOADING]: Loading FMLModContainer from classloader cpw.mods.modlauncher.TransformingClassLoader@343fddd9 - got cpw.mods.cl.ModuleClassLoader@73ba6fe6
[02Aug2025 00:49:25.650] [main/DEBUG] [net.minecraftforge.fml.javafmlmod.FMLModContainer/LOADING]: Creating FMLModContainer instance for net.aurelj.dungeons_arise_seven_seas.DungeonsAriseSevenSeasMain
[02Aug2025 00:49:25.650] [main/DEBUG] [net.minecraftforge.fml.javafmlmod.FMLJavaModLanguageProvider/LOADING]: Loading FMLModContainer from classloader cpw.mods.modlauncher.TransformingClassLoader@343fddd9 - got cpw.mods.cl.ModuleClassLoader@73ba6fe6
[02Aug2025 00:49:25.650] [main/DEBUG] [net.minecraftforge.fml.javafmlmod.FMLModContainer/LOADING]: Creating FMLModContainer instance for me.shedaniel.clothconfig.ClothConfigForge
[02Aug2025 00:49:25.651] [main/DEBUG] [net.minecraftforge.fml.javafmlmod.FMLJavaModLanguageProvider/LOADING]: Loading FMLModContainer from classloader cpw.mods.modlauncher.TransformingClassLoader@343fddd9 - got cpw.mods.cl.ModuleClassLoader@73ba6fe6
[02Aug2025 00:49:25.651] [main/DEBUG] [net.minecraftforge.fml.javafmlmod.FMLModContainer/LOADING]: Creating FMLModContainer instance for net.minecraftforge.common.ForgeMod
[02Aug2025 00:49:25.653] [main/DEBUG] [net.minecraftforge.fml.javafmlmod.FMLJavaModLanguageProvider/LOADING]: Loading FMLModContainer from classloader cpw.mods.modlauncher.TransformingClassLoader@343fddd9 - got cpw.mods.cl.ModuleClassLoader@73ba6fe6
[02Aug2025 00:49:25.654] [main/DEBUG] [net.minecraftforge.fml.javafmlmod.FMLModContainer/LOADING]: Creating FMLModContainer instance for de.keksuccino.konkrete.Konkrete
[02Aug2025 00:49:25.654] [main/DEBUG] [net.minecraftforge.fml.javafmlmod.FMLJavaModLanguageProvider/LOADING]: Loading FMLModContainer from classloader cpw.mods.modlauncher.TransformingClassLoader@343fddd9 - got cpw.mods.cl.ModuleClassLoader@73ba6fe6
[02Aug2025 00:49:25.654] [main/DEBUG] [net.minecraftforge.fml.javafmlmod.FMLModContainer/LOADING]: Creating FMLModContainer instance for net.mcreator.justinnether.JustInNetherMod
[02Aug2025 00:49:25.655] [main/DEBUG] [net.minecraftforge.fml.javafmlmod.FMLJavaModLanguageProvider/LOADING]: Loading FMLModContainer from classloader cpw.mods.modlauncher.TransformingClassLoader@343fddd9 - got cpw.mods.cl.ModuleClassLoader@73ba6fe6
[02Aug2025 00:49:25.655] [main/DEBUG] [net.minecraftforge.fml.javafmlmod.FMLModContainer/LOADING]: Creating FMLModContainer instance for com.legacy.structure_gel.core.StructureGelMod
[02Aug2025 00:49:25.656] [main/DEBUG] [net.minecraftforge.fml.javafmlmod.FMLJavaModLanguageProvider/LOADING]: Loading FMLModContainer from classloader cpw.mods.modlauncher.TransformingClassLoader@343fddd9 - got cpw.mods.cl.ModuleClassLoader@73ba6fe6
[02Aug2025 00:49:25.656] [main/DEBUG] [net.minecraftforge.fml.javafmlmod.FMLModContainer/LOADING]: Creating FMLModContainer instance for net.aurelj.dungeons_arise.DungeonsAriseMain
[02Aug2025 00:49:25.656] [main/DEBUG] [net.minecraftforge.fml.lowcodemod.LowCodeModLanguageProvider.LowCodeModTarget/LOADING]: Loading LowCodeModContainer from classloader cpw.mods.modlauncher.TransformingClassLoader@343fddd9 - got cpw.mods.cl.ModuleClassLoader@73ba6fe6
[02Aug2025 00:49:25.656] [main/DEBUG] [net.minecraftforge.fml.lowcodemod.LowCodeModContainer/LOADING]: Creating LowCodeModContainer for hearths
[02Aug2025 00:49:25.657] [main/DEBUG] [net.minecraftforge.fml.javafmlmod.FMLJavaModLanguageProvider/LOADING]: Loading FMLModContainer from classloader cpw.mods.modlauncher.TransformingClassLoader@343fddd9 - got cpw.mods.cl.ModuleClassLoader@73ba6fe6
[02Aug2025 00:49:25.657] [main/DEBUG] [net.minecraftforge.fml.javafmlmod.FMLModContainer/LOADING]: Creating FMLModContainer instance for net.mcreator.dwds.CallOfDrownerMod
[02Aug2025 00:49:25.658] [main/DEBUG] [net.minecraftforge.fml.javafmlmod.FMLJavaModLanguageProvider/LOADING]: Loading FMLModContainer from classloader cpw.mods.modlauncher.TransformingClassLoader@343fddd9 - got cpw.mods.cl.ModuleClassLoader@73ba6fe6
[02Aug2025 00:49:25.658] [main/DEBUG] [net.minecraftforge.fml.javafmlmod.FMLModContainer/LOADING]: Creating FMLModContainer instance for com.teamabnormals.endergetic.core.EndergeticExpansion
[02Aug2025 00:49:25.659] [main/DEBUG] [net.minecraftforge.fml.javafmlmod.FMLJavaModLanguageProvider/LOADING]: Loading FMLModContainer from classloader cpw.mods.modlauncher.TransformingClassLoader@343fddd9 - got cpw.mods.cl.ModuleClassLoader@73ba6fe6
[02Aug2025 00:49:25.659] [main/DEBUG] [net.minecraftforge.fml.javafmlmod.FMLModContainer/LOADING]: Creating FMLModContainer instance for echoesoftheendstructures.EchoesOfTheEndStructuresMod
[02Aug2025 00:49:25.660] [main/DEBUG] [net.minecraftforge.fml.javafmlmod.FMLJavaModLanguageProvider/LOADING]: Loading FMLModContainer from classloader cpw.mods.modlauncher.TransformingClassLoader@343fddd9 - got cpw.mods.cl.ModuleClassLoader@73ba6fe6
[02Aug2025 00:49:25.660] [main/DEBUG] [net.minecraftforge.fml.javafmlmod.FMLModContainer/LOADING]: Creating FMLModContainer instance for net.mcreator.nordicstructures.NordicStructuresMod
[02Aug2025 00:49:25.661] [main/DEBUG] [net.minecraftforge.fml.javafmlmod.FMLJavaModLanguageProvider/LOADING]: Loading FMLModContainer from classloader cpw.mods.modlauncher.TransformingClassLoader@343fddd9 - got cpw.mods.cl.ModuleClassLoader@73ba6fe6
[02Aug2025 00:49:25.661] [main/DEBUG] [net.minecraftforge.fml.javafmlmod.FMLModContainer/LOADING]: Creating FMLModContainer instance for net.mcreator.sonsofsins.SonsOfSinsMod
[02Aug2025 00:49:25.661] [main/DEBUG] [net.minecraftforge.fml.javafmlmod.FMLJavaModLanguageProvider/LOADING]: Loading FMLModContainer from classloader cpw.mods.modlauncher.TransformingClassLoader@343fddd9 - got cpw.mods.cl.ModuleClassLoader@73ba6fe6
[02Aug2025 00:49:25.662] [main/DEBUG] [net.minecraftforge.fml.javafmlmod.FMLModContainer/LOADING]: Creating FMLModContainer instance for com.teamdurt.netherdungeons.NetherDungeons
[02Aug2025 00:49:25.662] [main/DEBUG] [net.minecraftforge.fml.javafmlmod.FMLJavaModLanguageProvider/LOADING]: Loading FMLModContainer from classloader cpw.mods.modlauncher.TransformingClassLoader@343fddd9 - got cpw.mods.cl.ModuleClassLoader@73ba6fe6
[02Aug2025 00:49:25.663] [main/DEBUG] [net.minecraftforge.fml.javafmlmod.FMLModContainer/LOADING]: Creating FMLModContainer instance for tax.taknax.taxcp.CastlePilllagerMod
[02Aug2025 00:49:25.663] [main/DEBUG] [net.minecraftforge.fml.javafmlmod.FMLJavaModLanguageProvider/LOADING]: Loading FMLModContainer from classloader cpw.mods.modlauncher.TransformingClassLoader@343fddd9 - got cpw.mods.cl.ModuleClassLoader@73ba6fe6
[02Aug2025 00:49:25.663] [main/DEBUG] [net.minecraftforge.fml.javafmlmod.FMLModContainer/LOADING]: Creating FMLModContainer instance for snownee.jade.util.CommonProxy
[02Aug2025 00:49:25.665] [main/DEBUG] [net.minecraftforge.fml.javafmlmod.FMLJavaModLanguageProvider/LOADING]: Loading FMLModContainer from classloader cpw.mods.modlauncher.TransformingClassLoader@343fddd9 - got cpw.mods.cl.ModuleClassLoader@73ba6fe6
[02Aug2025 00:49:25.665] [main/DEBUG] [net.minecraftforge.fml.javafmlmod.FMLModContainer/LOADING]: Creating FMLModContainer instance for com.teamremastered.endrem.EndRemastered
[02Aug2025 00:49:25.666] [main/DEBUG] [net.minecraftforge.fml.javafmlmod.FMLJavaModLanguageProvider/LOADING]: Loading FMLModContainer from classloader cpw.mods.modlauncher.TransformingClassLoader@343fddd9 - got cpw.mods.cl.ModuleClassLoader@73ba6fe6
[02Aug2025 00:49:25.666] [main/DEBUG] [net.minecraftforge.fml.javafmlmod.FMLModContainer/LOADING]: Creating FMLModContainer instance for net.mcreator.mofusbetterend.MofusBetterEndMod
[02Aug2025 00:49:25.666] [main/DEBUG] [net.minecraftforge.fml.javafmlmod.FMLJavaModLanguageProvider/LOADING]: Loading FMLModContainer from classloader cpw.mods.modlauncher.TransformingClassLoader@343fddd9 - got cpw.mods.cl.ModuleClassLoader@73ba6fe6
[02Aug2025 00:49:25.667] [main/DEBUG] [net.minecraftforge.fml.javafmlmod.FMLModContainer/LOADING]: Creating FMLModContainer instance for io.github.ohponopono.hoporp.HopoRPMod
[02Aug2025 00:49:25.667] [main/DEBUG] [net.minecraftforge.fml.javafmlmod.FMLJavaModLanguageProvider/LOADING]: Loading FMLModContainer from classloader cpw.mods.modlauncher.TransformingClassLoader@343fddd9 - got cpw.mods.cl.ModuleClassLoader@73ba6fe6
[02Aug2025 00:49:25.667] [main/DEBUG] [net.minecraftforge.fml.javafmlmod.FMLModContainer/LOADING]: Creating FMLModContainer instance for net.mcreator.dungeonsplus.DungeonsPlusMod
[02Aug2025 00:49:25.668] [main/DEBUG] [net.minecraftforge.fml.javafmlmod.FMLJavaModLanguageProvider/LOADING]: Loading FMLModContainer from classloader cpw.mods.modlauncher.TransformingClassLoader@343fddd9 - got cpw.mods.cl.ModuleClassLoader@73ba6fe6
[02Aug2025 00:49:25.668] [main/DEBUG] [net.minecraftforge.fml.javafmlmod.FMLModContainer/LOADING]: Creating FMLModContainer instance for vice.BFEndCities.BFEndCities
[02Aug2025 00:49:25.668] [main/DEBUG] [net.minecraftforge.fml.javafmlmod.FMLJavaModLanguageProvider/LOADING]: Loading FMLModContainer from classloader cpw.mods.modlauncher.TransformingClassLoader@343fddd9 - got cpw.mods.cl.ModuleClassLoader@73ba6fe6
[02Aug2025 00:49:25.669] [main/DEBUG] [net.minecraftforge.fml.javafmlmod.FMLModContainer/LOADING]: Creating FMLModContainer instance for com.ldtteam.cleanswing.CleanSwing
[02Aug2025 00:49:25.669] [main/DEBUG] [net.minecraftforge.fml.javafmlmod.FMLJavaModLanguageProvider/LOADING]: Loading FMLModContainer from classloader cpw.mods.modlauncher.TransformingClassLoader@343fddd9 - got cpw.mods.cl.ModuleClassLoader@73ba6fe6
[02Aug2025 00:49:25.669] [main/DEBUG] [net.minecraftforge.fml.javafmlmod.FMLModContainer/LOADING]: Creating FMLModContainer instance for com.github.L_Ender.lionfishapi.LionfishAPI
[02Aug2025 00:49:25.670] [main/DEBUG] [net.minecraftforge.fml.javafmlmod.FMLJavaModLanguageProvider/LOADING]: Loading FMLModContainer from classloader cpw.mods.modlauncher.TransformingClassLoader@343fddd9 - got cpw.mods.cl.ModuleClassLoader@73ba6fe6
[02Aug2025 00:49:25.670] [main/DEBUG] [net.minecraftforge.fml.javafmlmod.FMLModContainer/LOADING]: Creating FMLModContainer instance for com.barion.dungeons_enhanced.DungeonsEnhanced
[02Aug2025 00:49:25.671] [main/DEBUG] [net.minecraftforge.fml.javafmlmod.FMLJavaModLanguageProvider/LOADING]: Loading FMLModContainer from classloader cpw.mods.modlauncher.TransformingClassLoader@343fddd9 - got cpw.mods.cl.ModuleClassLoader@73ba6fe6
[02Aug2025 00:49:25.671] [main/DEBUG] [net.minecraftforge.fml.javafmlmod.FMLModContainer/LOADING]: Creating FMLModContainer instance for com.cgessinger.creaturesandbeasts.CreaturesAndBeasts
[02Aug2025 00:49:25.672] [main/DEBUG] [net.minecraftforge.fml.javafmlmod.FMLJavaModLanguageProvider/LOADING]: Loading FMLModContainer from classloader cpw.mods.modlauncher.TransformingClassLoader@343fddd9 - got cpw.mods.cl.ModuleClassLoader@73ba6fe6
[02Aug2025 00:49:25.672] [main/DEBUG] [net.minecraftforge.fml.javafmlmod.FMLModContainer/LOADING]: Creating FMLModContainer instance for software.bernie.example.GeckoLibMod
[02Aug2025 00:49:25.672] [main/DEBUG] [net.minecraftforge.fml.javafmlmod.FMLJavaModLanguageProvider/LOADING]: Loading FMLModContainer from classloader cpw.mods.modlauncher.TransformingClassLoader@343fddd9 - got cpw.mods.cl.ModuleClassLoader@73ba6fe6
[02Aug2025 00:49:25.672] [main/DEBUG] [net.minecraftforge.fml.javafmlmod.FMLModContainer/LOADING]: Creating FMLModContainer instance for com.github.L_Ender.cataclysm.Cataclysm
[02Aug2025 00:49:25.673] [main/DEBUG] [net.minecraftforge.fml.javafmlmod.FMLJavaModLanguageProvider/LOADING]: Loading FMLModContainer from classloader cpw.mods.modlauncher.TransformingClassLoader@343fddd9 - got cpw.mods.cl.ModuleClassLoader@73ba6fe6
[02Aug2025 00:49:25.673] [main/DEBUG] [net.minecraftforge.fml.javafmlmod.FMLModContainer/LOADING]: Creating FMLModContainer instance for top.theillusivec4.curios.Curios
[02Aug2025 00:49:25.674] [main/DEBUG] [net.minecraftforge.fml.javafmlmod.FMLJavaModLanguageProvider/LOADING]: Loading FMLModContainer from classloader cpw.mods.modlauncher.TransformingClassLoader@343fddd9 - got cpw.mods.cl.ModuleClassLoader@73ba6fe6
[02Aug2025 00:49:25.674] [main/DEBUG] [net.minecraftforge.fml.javafmlmod.FMLModContainer/LOADING]: Creating FMLModContainer instance for com.finndog.mes.forge.MESForge
[02Aug2025 00:49:25.675] [main/DEBUG] [net.minecraftforge.fml.javafmlmod.FMLJavaModLanguageProvider/LOADING]: Loading FMLModContainer from classloader cpw.mods.modlauncher.TransformingClassLoader@343fddd9 - got cpw.mods.cl.ModuleClassLoader@73ba6fe6
[02Aug2025 00:49:25.675] [main/DEBUG] [net.minecraftforge.fml.javafmlmod.FMLModContainer/LOADING]: Creating FMLModContainer instance for com.natamus.collective.CollectiveForge
[02Aug2025 00:49:25.675] [main/DEBUG] [net.minecraftforge.fml.javafmlmod.FMLJavaModLanguageProvider/LOADING]: Loading FMLModContainer from classloader cpw.mods.modlauncher.TransformingClassLoader@343fddd9 - got cpw.mods.cl.ModuleClassLoader@73ba6fe6
[02Aug2025 00:49:25.675] [main/DEBUG] [net.minecraftforge.fml.javafmlmod.FMLModContainer/LOADING]: Creating FMLModContainer instance for wallywhip.tcrm.TheCropReapingMod
[02Aug2025 00:49:25.676] [main/DEBUG] [net.minecraftforge.fml.javafmlmod.FMLJavaModLanguageProvider/LOADING]: Loading FMLModContainer from classloader cpw.mods.modlauncher.TransformingClassLoader@343fddd9 - got cpw.mods.cl.ModuleClassLoader@73ba6fe6
[02Aug2025 00:49:25.676] [main/DEBUG] [net.minecraftforge.fml.javafmlmod.FMLModContainer/LOADING]: Creating FMLModContainer instance for com.cerbon.cerbons_api.CerbonsApi
[02Aug2025 00:49:25.676] [main/DEBUG] [net.minecraftforge.fml.javafmlmod.FMLJavaModLanguageProvider/LOADING]: Loading FMLModContainer from classloader cpw.mods.modlauncher.TransformingClassLoader@343fddd9 - got cpw.mods.cl.ModuleClassLoader@73ba6fe6
[02Aug2025 00:49:25.677] [main/DEBUG] [net.minecraftforge.fml.javafmlmod.FMLModContainer/LOADING]: Creating FMLModContainer instance for net.miauczel.legendary_monsters.LegendaryMonsters
[02Aug2025 00:49:25.677] [main/DEBUG] [net.minecraftforge.fml.lowcodemod.LowCodeModLanguageProvider.LowCodeModTarget/LOADING]: Loading LowCodeModContainer from classloader cpw.mods.modlauncher.TransformingClassLoader@343fddd9 - got cpw.mods.cl.ModuleClassLoader@73ba6fe6
[02Aug2025 00:49:25.677] [main/DEBUG] [net.minecraftforge.fml.lowcodemod.LowCodeModContainer/LOADING]: Creating LowCodeModContainer for mr_dungeons_andtaverns
[02Aug2025 00:49:25.677] [main/DEBUG] [net.minecraftforge.fml.javafmlmod.FMLJavaModLanguageProvider/LOADING]: Loading FMLModContainer from classloader cpw.mods.modlauncher.TransformingClassLoader@343fddd9 - got cpw.mods.cl.ModuleClassLoader@73ba6fe6
[02Aug2025 00:49:25.678] [main/DEBUG] [net.minecraftforge.fml.javafmlmod.FMLModContainer/LOADING]: Creating FMLModContainer instance for dlovin.inventoryhud.InventoryHUD
[02Aug2025 00:49:25.678] [main/DEBUG] [net.minecraftforge.fml.javafmlmod.FMLJavaModLanguageProvider/LOADING]: Loading FMLModContainer from classloader cpw.mods.modlauncher.TransformingClassLoader@343fddd9 - got cpw.mods.cl.ModuleClassLoader@73ba6fe6
[02Aug2025 00:49:25.678] [main/DEBUG] [net.minecraftforge.fml.javafmlmod.FMLModContainer/LOADING]: Creating FMLModContainer instance for ovh.corail.tombstone.ModTombstone
[02Aug2025 00:49:25.679] [main/DEBUG] [net.minecraftforge.fml.lowcodemod.LowCodeModLanguageProvider.LowCodeModTarget/LOADING]: Loading LowCodeModContainer from classloader cpw.mods.modlauncher.TransformingClassLoader@343fddd9 - got cpw.mods.cl.ModuleClassLoader@73ba6fe6
[02Aug2025 00:49:25.679] [main/DEBUG] [net.minecraftforge.fml.lowcodemod.LowCodeModContainer/LOADING]: Creating LowCodeModContainer for mr_qraftys_endvillages
[02Aug2025 00:49:25.679] [main/DEBUG] [net.minecraftforge.fml.javafmlmod.FMLJavaModLanguageProvider/LOADING]: Loading FMLModContainer from classloader cpw.mods.modlauncher.TransformingClassLoader@343fddd9 - got cpw.mods.cl.ModuleClassLoader@73ba6fe6
[02Aug2025 00:49:25.679] [main/DEBUG] [net.minecraftforge.fml.javafmlmod.FMLModContainer/LOADING]: Creating FMLModContainer instance for com.teamremastered.tlc.TheLostCastle
[02Aug2025 00:49:25.679] [main/DEBUG] [net.minecraftforge.fml.lowcodemod.LowCodeModLanguageProvider.LowCodeModTarget/LOADING]: Loading LowCodeModContainer from classloader cpw.mods.modlauncher.TransformingClassLoader@343fddd9 - got cpw.mods.cl.ModuleClassLoader@73ba6fe6
[02Aug2025 00:49:25.679] [main/DEBUG] [net.minecraftforge.fml.lowcodemod.LowCodeModContainer/LOADING]: Creating LowCodeModContainer for mr_limesplatus_ending
[02Aug2025 00:49:25.679] [main/DEBUG] [net.minecraftforge.fml.javafmlmod.FMLJavaModLanguageProvider/LOADING]: Loading FMLModContainer from classloader cpw.mods.modlauncher.TransformingClassLoader@343fddd9 - got cpw.mods.cl.ModuleClassLoader@73ba6fe6
[02Aug2025 00:49:25.679] [main/DEBUG] [net.minecraftforge.fml.javafmlmod.FMLModContainer/LOADING]: Creating FMLModContainer instance for bl4ckscor3.mod.globalxp.GlobalXP
[02Aug2025 00:49:25.680] [main/DEBUG] [net.minecraftforge.fml.javafmlmod.FMLJavaModLanguageProvider/LOADING]: Loading FMLModContainer from classloader cpw.mods.modlauncher.TransformingClassLoader@343fddd9 - got cpw.mods.cl.ModuleClassLoader@73ba6fe6
[02Aug2025 00:49:25.680] [main/DEBUG] [net.minecraftforge.fml.javafmlmod.FMLModContainer/LOADING]: Creating FMLModContainer instance for net.mcreator.animatedmobsmod.AnimatedmobsmodMod
[02Aug2025 00:49:25.681] [main/DEBUG] [net.minecraftforge.fml.javafmlmod.FMLJavaModLanguageProvider/LOADING]: Loading FMLModContainer from classloader cpw.mods.modlauncher.TransformingClassLoader@343fddd9 - got cpw.mods.cl.ModuleClassLoader@73ba6fe6
[02Aug2025 00:49:25.681] [main/DEBUG] [net.minecraftforge.fml.javafmlmod.FMLModContainer/LOADING]: Creating FMLModContainer instance for com.yungnickyoung.minecraft.betterendisland.BetterEndIslandForge
[02Aug2025 00:49:25.681] [main/DEBUG] [net.minecraftforge.fml.javafmlmod.FMLJavaModLanguageProvider/LOADING]: Loading FMLModContainer from classloader cpw.mods.modlauncher.TransformingClassLoader@343fddd9 - got cpw.mods.cl.ModuleClassLoader@73ba6fe6
[02Aug2025 00:49:25.681] [main/DEBUG] [net.minecraftforge.fml.javafmlmod.FMLModContainer/LOADING]: Creating FMLModContainer instance for de.keksuccino.justzoom.JustZoom
[02Aug2025 00:49:25.682] [main/DEBUG] [net.minecraftforge.fml.javafmlmod.FMLJavaModLanguageProvider/LOADING]: Loading FMLModContainer from classloader cpw.mods.modlauncher.TransformingClassLoader@343fddd9 - got cpw.mods.cl.ModuleClassLoader@73ba6fe6
[02Aug2025 00:49:25.682] [main/DEBUG] [net.minecraftforge.fml.javafmlmod.FMLModContainer/LOADING]: Creating FMLModContainer instance for extradungeons.ExtraDungeonsMod
[02Aug2025 00:49:25.682] [main/DEBUG] [net.minecraftforge.fml.javafmlmod.FMLJavaModLanguageProvider/LOADING]: Loading FMLModContainer from classloader cpw.mods.modlauncher.TransformingClassLoader@343fddd9 - got cpw.mods.cl.ModuleClassLoader@73ba6fe6
[02Aug2025 00:49:25.682] [main/DEBUG] [net.minecraftforge.fml.javafmlmod.FMLModContainer/LOADING]: Creating FMLModContainer instance for com.finndog.mns.forge.MNSForge
[02Aug2025 00:49:25.683] [main/DEBUG] [net.minecraftforge.fml.javafmlmod.FMLJavaModLanguageProvider/LOADING]: Loading FMLModContainer from classloader cpw.mods.modlauncher.TransformingClassLoader@343fddd9 - got cpw.mods.cl.ModuleClassLoader@73ba6fe6
[02Aug2025 00:49:25.683] [main/DEBUG] [net.minecraftforge.fml.javafmlmod.FMLModContainer/LOADING]: Creating FMLModContainer instance for net.mcreator.luminousnether.LuminousNetherMod
[02Aug2025 00:49:25.683] [main/DEBUG] [net.minecraftforge.fml.javafmlmod.FMLJavaModLanguageProvider/LOADING]: Loading FMLModContainer from classloader cpw.mods.modlauncher.TransformingClassLoader@343fddd9 - got cpw.mods.cl.ModuleClassLoader@73ba6fe6
[02Aug2025 00:49:25.684] [main/DEBUG] [net.minecraftforge.fml.javafmlmod.FMLModContainer/LOADING]: Creating FMLModContainer instance for com.natamus.scaffoldingdropsnearby.ModForge
[02Aug2025 00:49:25.684] [main/DEBUG] [net.minecraftforge.fml.javafmlmod.FMLJavaModLanguageProvider/LOADING]: Loading FMLModContainer from classloader cpw.mods.modlauncher.TransformingClassLoader@343fddd9 - got cpw.mods.cl.ModuleClassLoader@73ba6fe6
[02Aug2025 00:49:25.684] [main/DEBUG] [net.minecraftforge.fml.javafmlmod.FMLModContainer/LOADING]: Creating FMLModContainer instance for net.mcreator.hsbosses.HsBossesMod
[02Aug2025 00:49:25.700] [modloading-worker-0/DEBUG] [betterdungeons/]: Loaded com.yungnickyoung.minecraft.betterdungeons.services.ForgePlatformHelper@7107f231 for service interface com.yungnickyoung.minecraft.betterdungeons.services.IPlatformHelper
[02Aug2025 00:49:25.704] [modloading-worker-0/DEBUG] [betterdungeons/]: Loaded com.yungnickyoung.minecraft.betterdungeons.services.ForgeModulesLoader@744a1096 for service interface com.yungnickyoung.minecraft.betterdungeons.services.IModulesLoader
[02Aug2025 00:49:25.733] [modloading-worker-0/DEBUG] [net.minecraftforge.fml.javafmlmod.AutomaticEventSubscriber/LOADING]: Attempting to inject @EventBusSubscriber classes into the eventbus for ati_structures
[02Aug2025 00:49:25.734] [modloading-worker-0/DEBUG] [net.minecraftforge.fml.config.ConfigTracker/CONFIG]: Config file betterdungeons-forge-1_20.toml for betterdungeons tracking
[02Aug2025 00:49:25.752] [modloading-worker-0/DEBUG] [net.minecraftforge.fml.config.ConfigTracker/CONFIG]: Config file netherexp-common.toml for netherexp tracking
[02Aug2025 00:49:25.754] [modloading-worker-0/DEBUG] [net.minecraftforge.fml.javafmlmod.AutomaticEventSubscriber/LOADING]: Attempting to inject @EventBusSubscriber classes into the eventbus for elysium_api
[02Aug2025 00:49:25.756] [modloading-worker-0/DEBUG] [net.minecraftforge.fml.javafmlmod.AutomaticEventSubscriber/LOADING]: Attempting to inject @EventBusSubscriber classes into the eventbus for betterdungeons
[02Aug2025 00:49:25.760] [modloading-worker-0/DEBUG] [mixin/]: Mixing accessor.CriteriaTriggersAccessor from yungsapi.mixins.json into net.minecraft.advancements.CriteriaTriggers
[02Aug2025 00:49:25.760] [modloading-worker-0/DEBUG] [mixin/]: Renaming @Accessor method getValues()Ljava/util/Map; to getValues_$md$530ed7$0 in yungsapi.mixins.json:accessor.CriteriaTriggersAccessor
[02Aug2025 00:49:25.760] [modloading-worker-0/DEBUG] [mixin/]: Mixing accessor.CriteriaTriggersAccessor from cataclysm.mixins.json into net.minecraft.advancements.CriteriaTriggers
[02Aug2025 00:49:25.761] [modloading-worker-0/DEBUG] [mixin/]: Renaming @Accessor method getValues()Ljava/util/Map; to getValues_$md$530ed7$1 in cataclysm.mixins.json:accessor.CriteriaTriggersAccessor
[02Aug2025 00:49:25.788] [modloading-worker-0/DEBUG] [net.minecraftforge.fml.javafmlmod.AutomaticEventSubscriber/LOADING]: Attempting to inject @EventBusSubscriber classes into the eventbus for blazegear
[02Aug2025 00:49:25.789] [modloading-worker-0/DEBUG] [net.minecraftforge.fml.javafmlmod.AutomaticEventSubscriber/LOADING]: Auto-subscribing com.flashfyre.blazegear.EventHandler to FORGE
[02Aug2025 00:49:25.810] [modloading-worker-0/DEBUG] [net.minecraftforge.fml.javafmlmod.AutomaticEventSubscriber/LOADING]: Auto-subscribing com.flashfyre.blazegear.BlazeGear to MOD
[02Aug2025 00:49:25.820] [modloading-worker-0/DEBUG] [net.minecraftforge.fml.config.ConfigTracker/CONFIG]: Config file jei-server.toml for jei tracking
[02Aug2025 00:49:25.827] [modloading-worker-0/DEBUG] [net.minecraftforge.fml.javafmlmod.AutomaticEventSubscriber/LOADING]: Attempting to inject @EventBusSubscriber classes into the eventbus for jei
[02Aug2025 00:49:25.831] [modloading-worker-0/DEBUG] [mixin/]: Mixing pehkui.compat.ScaleTypeMixin from pehkui.mixins.json into virtuoel.pehkui.api.ScaleType
[02Aug2025 00:49:25.854] [modloading-worker-0/DEBUG] [net.minecraftforge.fml.javafmlmod.AutomaticEventSubscriber/LOADING]: Attempting to inject @EventBusSubscriber classes into the eventbus for realmrpg_demons
[02Aug2025 00:49:25.856] [modloading-worker-0/DEBUG] [net.minecraftforge.fml.javafmlmod.AutomaticEventSubscriber/LOADING]: Auto-subscribing net.mcreator.realmrpgdemons.procedures.SummonMinionsProcedure to FORGE
[02Aug2025 00:49:25.865] [modloading-worker-0/DEBUG] [net.minecraftforge.fml.javafmlmod.AutomaticEventSubscriber/LOADING]: Auto-subscribing net.mcreator.realmrpgdemons.init.RealmrpgDemonsModTabs to MOD
[02Aug2025 00:49:25.865] [modloading-worker-0/DEBUG] [net.minecraftforge.fml.javafmlmod.AutomaticEventSubscriber/LOADING]: Auto-subscribing net.mcreator.realmrpgdemons.init.RealmrpgDemonsModEntities to MOD
[02Aug2025 00:49:25.867] [modloading-worker-0/DEBUG] [net.minecraftforge.fml.javafmlmod.AutomaticEventSubscriber/LOADING]: Auto-subscribing net.mcreator.realmrpgdemons.init.EntityAnimationFactory to FORGE
[02Aug2025 00:49:25.890] [modloading-worker-0/DEBUG] [net.minecraftforge.fml.config.ConfigTracker/CONFIG]: Config file pehkui-client.toml for pehkui tracking
[02Aug2025 00:49:25.890] [modloading-worker-0/DEBUG] [net.minecraftforge.fml.config.ConfigTracker/CONFIG]: Config file pehkui-server.toml for pehkui tracking
[02Aug2025 00:49:25.890] [modloading-worker-0/DEBUG] [net.minecraftforge.fml.config.ConfigTracker/CONFIG]: Config file pehkui-common.toml for pehkui tracking
[02Aug2025 00:49:25.936] [modloading-worker-0/DEBUG] [net.minecraftforge.fml.javafmlmod.AutomaticEventSubscriber/LOADING]: Attempting to inject @EventBusSubscriber classes into the eventbus for pehkui
[02Aug2025 00:49:25.957] [modloading-worker-0/ERROR] [net.minecraftforge.eventbus.EventSubclassTransformer/EVENTBUS]: Could not find parent net/minecraft/client/renderer/entity/layers/RenderLayer for class com/obscuria/obscureapi/client/renderer/PatreonLayer in classloader cpw.mods.modlauncher.TransformingClassLoader@343fddd9 on thread Thread[modloading-worker-0,5,main]
[02Aug2025 00:49:25.960] [modloading-worker-0/ERROR] [net.minecraftforge.eventbus.EventSubclassTransformer/EVENTBUS]: An error occurred building event handler
java.lang.ClassNotFoundException: net.minecraft.client.renderer.entity.layers.RenderLayer
	at cpw.mods.cl.ModuleClassLoader.loadClass(ModuleClassLoader.java:141) ~[securejarhandler-2.1.10.jar:?]
	at java.lang.ClassLoader.loadClass(ClassLoader.java:525) ~[?:?]
	at net.minecraftforge.eventbus.EventSubclassTransformer.buildEvents(EventSubclassTransformer.java:97) ~[eventbus-6.0.5.jar%2352!/:?]
	at net.minecraftforge.eventbus.EventSubclassTransformer.transform(EventSubclassTransformer.java:48) ~[eventbus-6.0.5.jar%2352!/:?]
	at net.minecraftforge.eventbus.EventBusEngine.processClass(EventBusEngine.java:26) ~[eventbus-6.0.5.jar%2352!/:?]
	at net.minecraftforge.eventbus.service.ModLauncherService.processClassWithFlags(ModLauncherService.java:32) ~[eventbus-6.0.5.jar%2352!/:6.0.5+6.0.5+master.eb8e549b]
	at cpw.mods.modlauncher.LaunchPluginHandler.offerClassNodeToPlugins(LaunchPluginHandler.java:88) ~[modlauncher-10.0.9.jar%2355!/:?]
	at cpw.mods.modlauncher.ClassTransformer.transform(ClassTransformer.java:120) ~[modlauncher-10.0.9.jar%2355!/:?]
	at cpw.mods.modlauncher.TransformingClassLoader.maybeTransformClassBytes(TransformingClassLoader.java:50) ~[modlauncher-10.0.9.jar%2355!/:?]
	at cpw.mods.cl.ModuleClassLoader.readerToClass(ModuleClassLoader.java:113) ~[securejarhandler-2.1.10.jar:?]
	at cpw.mods.cl.ModuleClassLoader.lambda$findClass$15(ModuleClassLoader.java:219) ~[securejarhandler-2.1.10.jar:?]
	at cpw.mods.cl.ModuleClassLoader.loadFromModule(ModuleClassLoader.java:229) ~[securejarhandler-2.1.10.jar:?]
	at cpw.mods.cl.ModuleClassLoader.findClass(ModuleClassLoader.java:219) ~[securejarhandler-2.1.10.jar:?]
	at cpw.mods.cl.ModuleClassLoader.loadClass(ModuleClassLoader.java:135) ~[securejarhandler-2.1.10.jar:?]
	at java.lang.ClassLoader.loadClass(ClassLoader.java:525) ~[?:?]
	at java.lang.ClassLoader.defineClass0(Native Method) ~[?:?]
	at java.lang.System$2.defineClass(System.java:2324) ~[?:?]
	at java.lang.invoke.MethodHandles$Lookup$ClassDefiner.defineClass(MethodHandles.java:2439) ~[?:?]
	at java.lang.invoke.MethodHandles$Lookup$ClassDefiner.defineClassAsLookup(MethodHandles.java:2420) ~[?:?]
	at java.lang.invoke.MethodHandles$Lookup.defineHiddenClass(MethodHandles.java:2127) ~[?:?]
	at java.lang.invoke.InnerClassLambdaMetafactory.generateInnerClass(InnerClassLambdaMetafactory.java:407) ~[?:?]
	at java.lang.invoke.InnerClassLambdaMetafactory.spinInnerClass(InnerClassLambdaMetafactory.java:315) ~[?:?]
	at java.lang.invoke.InnerClassLambdaMetafactory.buildCallSite(InnerClassLambdaMetafactory.java:228) ~[?:?]
	at java.lang.invoke.LambdaMetafactory.metafactory(LambdaMetafactory.java:341) ~[?:?]
	at java.lang.invoke.BootstrapMethodInvoker.invoke(BootstrapMethodInvoker.java:134) ~[?:?]
	at java.lang.invoke.CallSite.makeSite(CallSite.java:315) ~[?:?]
	at java.lang.invoke.MethodHandleNatives.linkCallSiteImpl(MethodHandleNatives.java:281) ~[?:?]
	at java.lang.invoke.MethodHandleNatives.linkCallSite(MethodHandleNatives.java:271) ~[?:?]
	at com.obscuria.obscureapi.client.renderer.PatreonLayer$Mode.<clinit>(PatreonLayer.java:55) ~[obscure_api-15.jar%23247!/:com.obscuria]
	at com.obscuria.obscureapi.ObscureAPIConfig$Client.<clinit>(ObscureAPIConfig.java:28) ~[obscure_api-15.jar%23247!/:com.obscuria]
	at com.obscuria.obscureapi.ObscureAPIConfig.register(ObscureAPIConfig.java:46) ~[obscure_api-15.jar%23247!/:com.obscuria]
	at com.obscuria.obscureapi.ObscureAPI.<init>(ObscureAPI.java:69) ~[obscure_api-15.jar%23247!/:com.obscuria]
	at jdk.internal.reflect.NativeConstructorAccessorImpl.newInstance0(Native Method) ~[?:?]
	at jdk.internal.reflect.NativeConstructorAccessorImpl.newInstance(NativeConstructorAccessorImpl.java:77) ~[?:?]
	at jdk.internal.reflect.DelegatingConstructorAccessorImpl.newInstance(DelegatingConstructorAccessorImpl.java:45) ~[?:?]
	at java.lang.reflect.Constructor.newInstanceWithCaller(Constructor.java:500) ~[?:?]
	at java.lang.reflect.Constructor.newInstance(Constructor.java:481) ~[?:?]
	at net.minecraftforge.fml.javafmlmod.FMLModContainer.constructMod(FMLModContainer.java:70) ~[javafmllanguage-1.20.1-47.3.7.jar%23273!/:?]
	at net.minecraftforge.fml.ModContainer.lambda$buildTransitionHandler$4(ModContainer.java:124) ~[fmlcore-1.20.1-47.3.7.jar%23272!/:?]
	at java.util.concurrent.CompletableFuture$AsyncRun.run(CompletableFuture.java:1804) ~[?:?]
	at java.util.concurrent.CompletableFuture$AsyncRun.exec(CompletableFuture.java:1796) ~[?:?]
	at java.util.concurrent.ForkJoinTask.doExec(ForkJoinTask.java:373) ~[?:?]
	at java.util.concurrent.ForkJoinPool$WorkQueue.topLevelExec(ForkJoinPool.java:1182) ~[?:?]
	at java.util.concurrent.ForkJoinPool.scan(ForkJoinPool.java:1655) ~[?:?]
	at java.util.concurrent.ForkJoinPool.runWorker(ForkJoinPool.java:1622) ~[?:?]
	at java.util.concurrent.ForkJoinWorkerThread.run(ForkJoinWorkerThread.java:165) ~[?:?]
[02Aug2025 00:49:25.966] [modloading-worker-0/ERROR] [net.minecraftforge.fml.loading.RuntimeDistCleaner/DISTXFORM]: Attempted to load class com/obscuria/obscureapi/client/renderer/PatreonLayer for invalid dist DEDICATED_SERVER
[02Aug2025 00:49:25.967] [modloading-worker-0/DEBUG] [net.minecraftforge.fml.config.ConfigTracker/CONFIG]: Config file Obscuria/obscure-api-client.toml for obscure_api tracking
[02Aug2025 00:49:26.012] [modloading-worker-0/DEBUG] [net.minecraftforge.fml.javafmlmod.AutomaticEventSubscriber/LOADING]: Attempting to inject @EventBusSubscriber classes into the eventbus for obscure_api
[02Aug2025 00:49:26.014] [modloading-worker-0/DEBUG] [net.minecraftforge.fml.javafmlmod.AutomaticEventSubscriber/LOADING]: Auto-subscribing com.obscuria.obscureapi.registry.ObscureAPICommands to FORGE
[02Aug2025 00:49:26.017] [modloading-worker-0/DEBUG] [net.minecraftforge.fml.javafmlmod.AutomaticEventSubscriber/LOADING]: Auto-subscribing com.obscuria.obscureapi.network.ReloadMessage to MOD
[02Aug2025 00:49:26.017] [modloading-worker-0/DEBUG] [net.minecraftforge.fml.javafmlmod.AutomaticEventSubscriber/LOADING]: Auto-subscribing com.obscuria.obscureapi.network.PlayerDataCapability to MOD
[02Aug2025 00:49:26.018] [modloading-worker-0/DEBUG] [net.minecraftforge.fml.javafmlmod.AutomaticEventSubscriber/LOADING]: Attempting to inject @EventBusSubscriber classes into the eventbus for nethers_exoticism
[02Aug2025 00:49:26.023] [modloading-worker-0/DEBUG] [net.minecraftforge.fml.javafmlmod.AutomaticEventSubscriber/LOADING]: Auto-subscribing net.mcreator.nethersexoticism.recipes.brewing.JaboticabaJuiceWitherCureRecipeBrewingRecipe to MOD
[02Aug2025 00:49:26.025] [modloading-worker-0/DEBUG] [net.minecraftforge.fml.javafmlmod.AutomaticEventSubscriber/LOADING]: Auto-subscribing net.mcreator.nethersexoticism.recipes.brewing.JaboticabaJuiceSaturationRecipeBrewingRecipe to MOD
[02Aug2025 00:49:26.028] [modloading-worker-0/DEBUG] [net.minecraftforge.fml.javafmlmod.AutomaticEventSubscriber/LOADING]: Auto-subscribing com.obscuria.obscureapi.network.PlayerDataCapability$PlayerDataProvider to FORGE
[02Aug2025 00:49:26.028] [modloading-worker-0/DEBUG] [net.minecraftforge.fml.javafmlmod.AutomaticEventSubscriber/LOADING]: Auto-subscribing net.mcreator.nethersexoticism.recipes.brewing.JaboticabaJuiceNightVisionRecipeBrewingRecipe to MOD
[02Aug2025 00:49:26.030] [modloading-worker-0/DEBUG] [net.minecraftforge.fml.javafmlmod.AutomaticEventSubscriber/LOADING]: Auto-subscribing net.mcreator.nethersexoticism.recipes.brewing.JaboticabaJuiceFireResistanceRecipeBrewingRecipe to MOD
[02Aug2025 00:49:26.031] [modloading-worker-0/DEBUG] [net.minecraftforge.fml.javafmlmod.AutomaticEventSubscriber/LOADING]: Auto-subscribing net.mcreator.nethersexoticism.procedures.StrippedNethersExWoodProcedure to FORGE
[02Aug2025 00:49:26.036] [modloading-worker-0/DEBUG] [net.minecraftforge.fml.javafmlmod.AutomaticEventSubscriber/LOADING]: Auto-subscribing net.mcreator.nethersexoticism.procedures.ShieldPrProcedure to FORGE
[02Aug2025 00:49:26.037] [modloading-worker-0/DEBUG] [net.minecraftforge.fml.javafmlmod.AutomaticEventSubscriber/LOADING]: Auto-subscribing net.mcreator.nethersexoticism.procedures.NethersExoticismTriggerProcedure to FORGE
[02Aug2025 00:49:26.038] [modloading-worker-0/DEBUG] [net.minecraftforge.fml.javafmlmod.AutomaticEventSubscriber/LOADING]: Auto-subscribing net.mcreator.nethersexoticism.init.NethersExoticismModTrades to FORGE
[02Aug2025 00:49:26.034] [modloading-worker-0/DEBUG] [net.minecraftforge.fml.javafmlmod.AutomaticEventSubscriber/LOADING]: Auto-subscribing com.obscuria.obscureapi.network.PlayerDataCapability$EventBusHandlers to FORGE
[02Aug2025 00:49:26.043] [modloading-worker-0/DEBUG] [net.minecraftforge.fml.javafmlmod.AutomaticEventSubscriber/LOADING]: Auto-subscribing com.obscuria.obscureapi.network.AnimationStopMessage to MOD
[02Aug2025 00:49:26.044] [modloading-worker-0/DEBUG] [net.minecraftforge.fml.javafmlmod.AutomaticEventSubscriber/LOADING]: Auto-subscribing net.mcreator.nethersexoticism.init.NethersExoticismModTabs to MOD
[02Aug2025 00:49:26.046] [modloading-worker-0/DEBUG] [net.minecraftforge.fml.javafmlmod.AutomaticEventSubscriber/LOADING]: Auto-subscribing net.mcreator.nethersexoticism.init.NethersExoticismModEntities to MOD
[02Aug2025 00:49:26.050] [modloading-worker-0/DEBUG] [net.minecraftforge.fml.javafmlmod.AutomaticEventSubscriber/LOADING]: Auto-subscribing com.obscuria.obscureapi.network.AnimationPlayMessage to MOD
[02Aug2025 00:49:26.052] [modloading-worker-0/DEBUG] [net.minecraftforge.fml.config.ConfigTracker/CONFIG]: Config file sophisticatedcore-common.toml for sophisticatedcore tracking
[02Aug2025 00:49:26.058] [modloading-worker-0/DEBUG] [net.minecraftforge.fml.config.ConfigTracker/CONFIG]: Config file sophisticatedcore-client.toml for sophisticatedcore tracking
[02Aug2025 00:49:26.067] [modloading-worker-0/DEBUG] [mixin/]: Mixing ReloadableServerResourcesMixin from balm.mixins.json into net.minecraft.server.ReloadableServerResources
[02Aug2025 00:49:26.068] [modloading-worker-0/DEBUG] [mixin/]: Renaming synthetic method lambda$loadResources$0(Lnet/minecraft/server/ReloadableServerResources;)V to md530ed7$lambda$loadResources$0$0 in balm.mixins.json:ReloadableServerResourcesMixin
[02Aug2025 00:49:26.070] [modloading-worker-0/DEBUG] [mixin/]: Mixing ReloadableServerResourcesMixin from blueprint.mixins.json into net.minecraft.server.ReloadableServerResources
[02Aug2025 00:49:26.080] [modloading-worker-0/DEBUG] [mixin/]: Mixing compat1201minus.PlayerManagerMixin from pehkui.mixins.json into net.minecraft.server.players.PlayerList
[02Aug2025 00:49:26.081] [modloading-worker-0/DEBUG] [mixin/]: Mixing PlayerListMixin from balm.mixins.json into net.minecraft.server.players.PlayerList
[02Aug2025 00:49:26.081] [modloading-worker-0/DEBUG] [mixin/]: Mixing PlayerListMixin from endergetic.mixins.json into net.minecraft.server.players.PlayerList
[02Aug2025 00:49:26.081] [modloading-worker-0/DEBUG] [mixin/]: Renaming synthetic method lambda$spawnBalloons$1(Lnet/minecraft/world/entity/Entity;)Lnet/minecraft/world/entity/Entity; to md530ed7$lambda$spawnBalloons$1$0 in endergetic.mixins.json:PlayerListMixin
[02Aug2025 00:49:26.081] [modloading-worker-0/DEBUG] [mixin/]: Renaming synthetic method lambda$spawnBalloons$0(Lnet/minecraft/server/level/ServerLevel;Lnet/minecraft/world/entity/Entity;)Lnet/minecraft/world/entity/Entity; to md530ed7$lambda$spawnBalloons$0$1 in endergetic.mixins.json:PlayerListMixin
[02Aug2025 00:49:26.094] [modloading-worker-0/DEBUG] [mixin/]: Mixing SimpleJsonResourceReloadListenerMixin from blueprint.mixins.json into net.minecraft.server.packs.resources.SimpleJsonResourceReloadListener
[02Aug2025 00:49:26.105] [modloading-worker-0/DEBUG] [net.minecraftforge.fml.javafmlmod.AutomaticEventSubscriber/LOADING]: Attempting to inject @EventBusSubscriber classes into the eventbus for sophisticatedcore
[02Aug2025 00:49:26.169] [modloading-worker-0/DEBUG] [net.minecraftforge.fml.javafmlmod.AutomaticEventSubscriber/LOADING]: Attempting to inject @EventBusSubscriber classes into the eventbus for stalwart_dungeons
[02Aug2025 00:49:26.169] [modloading-worker-0/DEBUG] [net.minecraftforge.fml.javafmlmod.AutomaticEventSubscriber/LOADING]: Auto-subscribing net.mcreator.stalwartdungeons.procedures.ShulkerCannonShootProcedure to FORGE
[02Aug2025 00:49:26.170] [modloading-worker-0/DEBUG] [net.minecraftforge.fml.javafmlmod.AutomaticEventSubscriber/LOADING]: Attempting to inject @EventBusSubscriber classes into the eventbus for netheroverhaul
[02Aug2025 00:49:26.171] [modloading-worker-0/DEBUG] [net.minecraftforge.fml.javafmlmod.AutomaticEventSubscriber/LOADING]: Auto-subscribing net.mcreator.netheroverhaul.world.features.StructureFeature to FORGE
[02Aug2025 00:49:26.171] [modloading-worker-0/DEBUG] [net.minecraftforge.fml.javafmlmod.AutomaticEventSubscriber/LOADING]: Auto-subscribing net.mcreator.netheroverhaul.recipes.brewing.CraftpotionresistanfireBrewingRecipe to MOD
[02Aug2025 00:49:26.174] [modloading-worker-0/DEBUG] [net.minecraftforge.fml.javafmlmod.AutomaticEventSubscriber/LOADING]: Auto-subscribing net.mcreator.netheroverhaul.procedures.WarpedShroomlingRightClickedOnEntityProcedure to FORGE
[02Aug2025 00:49:26.174] [modloading-worker-0/DEBUG] [net.minecraftforge.fml.javafmlmod.AutomaticEventSubscriber/LOADING]: Auto-subscribing net.mcreator.stalwartdungeons.procedures.SdShieldPrProcedure to FORGE
[02Aug2025 00:49:26.174] [modloading-worker-0/DEBUG] [net.minecraftforge.fml.javafmlmod.AutomaticEventSubscriber/LOADING]: Auto-subscribing net.mcreator.stalwartdungeons.init.StalwartDungeonsModTabs to MOD
[02Aug2025 00:49:26.176] [modloading-worker-0/DEBUG] [net.minecraftforge.fml.javafmlmod.AutomaticEventSubscriber/LOADING]: Auto-subscribing net.mcreator.stalwartdungeons.init.StalwartDungeonsModFeatures to FORGE
[02Aug2025 00:49:26.176] [modloading-worker-0/DEBUG] [net.minecraftforge.fml.javafmlmod.AutomaticEventSubscriber/LOADING]: Auto-subscribing net.mcreator.stalwartdungeons.init.StalwartDungeonsModEntities to MOD
[02Aug2025 00:49:26.178] [modloading-worker-0/DEBUG] [net.minecraftforge.fml.javafmlmod.AutomaticEventSubscriber/LOADING]: Auto-subscribing net.mcreator.netheroverhaul.procedures.SoultrackerblindnessProcedure to FORGE
[02Aug2025 00:49:26.179] [modloading-worker-0/DEBUG] [net.minecraftforge.fml.javafmlmod.AutomaticEventSubscriber/LOADING]: Auto-subscribing net.mcreator.netheroverhaul.procedures.ShroomlingdropshroomhatProcedure to FORGE
[02Aug2025 00:49:26.182] [modloading-worker-0/DEBUG] [net.minecraftforge.fml.javafmlmod.AutomaticEventSubscriber/LOADING]: Auto-subscribing net.mcreator.netheroverhaul.procedures.PlayerattackedbrugerProcedure to FORGE
[02Aug2025 00:49:26.183] [modloading-worker-0/DEBUG] [net.minecraftforge.fml.javafmlmod.AutomaticEventSubscriber/LOADING]: Auto-subscribing net.mcreator.netheroverhaul.procedures.DeuxiemeprocProcedure to FORGE
[02Aug2025 00:49:26.186] [modloading-worker-0/DEBUG] [net.minecraftforge.fml.javafmlmod.AutomaticEventSubscriber/LOADING]: Auto-subscribing net.mcreator.netheroverhaul.procedures.CrimsonShroomlingRightClickedOnEntityProcedure to FORGE
[02Aug2025 00:49:26.189] [modloading-worker-0/DEBUG] [net.minecraftforge.fml.javafmlmod.AutomaticEventSubscriber/LOADING]: Auto-subscribing net.mcreator.netheroverhaul.network.TeleportMessage to MOD
[02Aug2025 00:49:26.190] [modloading-worker-0/DEBUG] [net.minecraftforge.fml.javafmlmod.AutomaticEventSubscriber/LOADING]: Auto-subscribing net.mcreator.netheroverhaul.network.NetheroverhaulModVariables to MOD
[02Aug2025 00:49:26.192] [modloading-worker-0/DEBUG] [net.minecraftforge.fml.javafmlmod.AutomaticEventSubscriber/LOADING]: Auto-subscribing net.mcreator.netheroverhaul.network.NetheroverhaulModVariables$PlayerVariablesProvider to FORGE
[02Aug2025 00:49:26.195] [modloading-worker-0/DEBUG] [net.minecraftforge.fml.javafmlmod.AutomaticEventSubscriber/LOADING]: Auto-subscribing net.mcreator.netheroverhaul.network.NetheroverhaulModVariables$EventBusVariableHandlers to FORGE
[02Aug2025 00:49:26.201] [modloading-worker-0/DEBUG] [net.minecraftforge.fml.javafmlmod.AutomaticEventSubscriber/LOADING]: Auto-subscribing net.mcreator.netheroverhaul.init.NetheroverhaulModTabs to MOD
[02Aug2025 00:49:26.204] [modloading-worker-0/DEBUG] [net.minecraftforge.fml.javafmlmod.AutomaticEventSubscriber/LOADING]: Auto-subscribing net.mcreator.netheroverhaul.init.NetheroverhaulModEntities to MOD
[02Aug2025 00:49:26.236] [modloading-worker-0/DEBUG] [net.minecraftforge.fml.config.ConfigTracker/CONFIG]: Config file kleeslabs-common.toml for kleeslabs tracking
[02Aug2025 00:49:26.248] [modloading-worker-0/DEBUG] [net.minecraftforge.fml.config.ConfigTracker/CONFIG]: Config file waystones-common.toml for waystones tracking
[02Aug2025 00:49:26.267] [modloading-worker-0/DEBUG] [net.minecraftforge.fml.javafmlmod.AutomaticEventSubscriber/LOADING]: Attempting to inject @EventBusSubscriber classes into the eventbus for kleeslabs
[02Aug2025 00:49:26.296] [modloading-worker-0/DEBUG] [net.minecraftforge.fml.javafmlmod.AutomaticEventSubscriber/LOADING]: Attempting to inject @EventBusSubscriber classes into the eventbus for netherexp
[02Aug2025 00:49:26.296] [modloading-worker-0/DEBUG] [net.minecraftforge.fml.javafmlmod.AutomaticEventSubscriber/LOADING]: Auto-subscribing net.jadenxgamer.netherexp.event.JNEEvents to FORGE
[02Aug2025 00:49:26.301] [modloading-worker-0/DEBUG] [net.minecraftforge.fml.javafmlmod.AutomaticEventSubscriber/LOADING]: Auto-subscribing net.jadenxgamer.netherexp.event.JNEEvents$ModBusEvents to MOD
[02Aug2025 00:49:26.438] [modloading-worker-0/DEBUG] [net.minecraftforge.fml.config.ConfigTracker/CONFIG]: Config file journeymap-server.toml for journeymap tracking
[02Aug2025 00:49:26.442] [modloading-worker-0/DEBUG] [net.minecraftforge.fml.javafmlmod.AutomaticEventSubscriber/LOADING]: Attempting to inject @EventBusSubscriber classes into the eventbus for journeymap
[02Aug2025 00:49:26.445] [modloading-worker-0/DEBUG] [net.minecraftforge.fml.javafmlmod.AutomaticEventSubscriber/LOADING]: Auto-subscribing journeymap.common.config.forge.ForgeConfig to MOD
[02Aug2025 00:49:26.446] [modloading-worker-0/DEBUG] [net.minecraftforge.fml.javafmlmod.AutomaticEventSubscriber/LOADING]: Auto-subscribing journeymap.common.Journeymap to FORGE
[02Aug2025 00:49:26.455] [modloading-worker-0/DEBUG] [net.minecraftforge.fml.config.ConfigTracker/CONFIG]: Config file piglinproliferation-common.toml for piglinproliferation tracking
[02Aug2025 00:49:26.458] [modloading-worker-0/DEBUG] [net.minecraftforge.fml.config.ConfigTracker/CONFIG]: Config file piglinproliferation-client.toml for piglinproliferation tracking
[02Aug2025 00:49:26.464] [modloading-worker-0/DEBUG] [net.minecraftforge.fml.javafmlmod.AutomaticEventSubscriber/LOADING]: Attempting to inject @EventBusSubscriber classes into the eventbus for piglinproliferation
[02Aug2025 00:49:26.466] [modloading-worker-0/DEBUG] [net.minecraftforge.fml.javafmlmod.AutomaticEventSubscriber/LOADING]: Auto-subscribing tallestred.piglinproliferation.common.loot.PPLoot to MOD
[02Aug2025 00:49:26.469] [modloading-worker-0/DEBUG] [net.minecraftforge.fml.javafmlmod.AutomaticEventSubscriber/LOADING]: Auto-subscribing tallestred.piglinproliferation.common.items.PPItems to MOD
[02Aug2025 00:49:26.469] [modloading-worker-0/DEBUG] [net.minecraftforge.fml.javafmlmod.AutomaticEventSubscriber/LOADING]: Auto-subscribing tallestred.piglinproliferation.common.entities.PPEntityTypes to MOD
[02Aug2025 00:49:26.470] [modloading-worker-0/DEBUG] [net.minecraftforge.fml.javafmlmod.AutomaticEventSubscriber/LOADING]: Auto-subscribing tallestred.piglinproliferation.common.enchantments.PPEnchantments to MOD
[02Aug2025 00:49:26.470] [modloading-worker-0/DEBUG] [net.minecraftforge.fml.javafmlmod.AutomaticEventSubscriber/LOADING]: Auto-subscribing tallestred.piglinproliferation.common.blocks.PPBlocks to MOD
[02Aug2025 00:49:26.470] [modloading-worker-0/DEBUG] [net.minecraftforge.fml.javafmlmod.AutomaticEventSubscriber/LOADING]: Auto-subscribing tallestred.piglinproliferation.client.PPSounds to MOD
[02Aug2025 00:49:26.470] [modloading-worker-0/DEBUG] [net.minecraftforge.fml.javafmlmod.AutomaticEventSubscriber/LOADING]: Auto-subscribing tallestred.piglinproliferation.capablities.TransformationSourceProvider to FORGE
[02Aug2025 00:49:26.471] [modloading-worker-0/DEBUG] [net.minecraftforge.fml.javafmlmod.AutomaticEventSubscriber/LOADING]: Auto-subscribing tallestred.piglinproliferation.capablities.PPCapablities to MOD
[02Aug2025 00:49:26.478] [modloading-worker-0/DEBUG] [net.minecraftforge.fml.javafmlmod.AutomaticEventSubscriber/LOADING]: Attempting to inject @EventBusSubscriber classes into the eventbus for waystones
[02Aug2025 00:49:26.483] [modloading-worker-0/DEBUG] [net.minecraftforge.fml.javafmlmod.AutomaticEventSubscriber/LOADING]: Attempting to inject @EventBusSubscriber classes into the eventbus for betterendcities
[02Aug2025 00:49:26.494] [modloading-worker-0/DEBUG] [net.minecraftforge.fml.javafmlmod.AutomaticEventSubscriber/LOADING]: Auto-subscribing tallestred.piglinproliferation.capablities.GuranteedCritProvider to FORGE
[02Aug2025 00:49:26.495] [modloading-worker-0/DEBUG] [net.minecraftforge.fml.javafmlmod.AutomaticEventSubscriber/LOADING]: Auto-subscribing tallestred.piglinproliferation.PPMemoryModules to MOD
[02Aug2025 00:49:26.495] [modloading-worker-0/DEBUG] [net.minecraftforge.fml.javafmlmod.AutomaticEventSubscriber/LOADING]: Auto-subscribing tallestred.piglinproliferation.PPEvents to FORGE
[02Aug2025 00:49:26.524] [modloading-worker-0/DEBUG] [net.minecraftforge.fml.config.ConfigTracker/CONFIG]: Config file citadel-common.toml for citadel tracking
[02Aug2025 00:49:26.526] [modloading-worker-0/DEBUG] [net.minecraftforge.fml.javafmlmod.AutomaticEventSubscriber/LOADING]: Attempting to inject @EventBusSubscriber classes into the eventbus for citadel
[02Aug2025 00:49:26.526] [modloading-worker-0/DEBUG] [net.minecraftforge.fml.javafmlmod.AutomaticEventSubscriber/LOADING]: Auto-subscribing com.github.alexthe666.citadel.ServerProxy to MOD
[02Aug2025 00:49:26.529] [modloading-worker-0/DEBUG] [net.minecraftforge.fml.javafmlmod.AutomaticEventSubscriber/LOADING]: Auto-subscribing tallestred.piglinproliferation.PPActivities to MOD
[02Aug2025 00:49:26.588] [modloading-worker-0/DEBUG] [Multi Loader Template/]: Loaded dev.hexnowloading.dungeonnowloading.platform.ForgePlatformHelper@6d036b5b for service interface dev.hexnowloading.dungeonnowloading.platform.services.PlatformHelper
[02Aug2025 00:49:26.589] [modloading-worker-0/DEBUG] [Multi Loader Template/]: Loaded dev.hexnowloading.dungeonnowloading.platform.ForgeConfigHelper@34c7245a for service interface dev.hexnowloading.dungeonnowloading.platform.services.ConfigHelper
[02Aug2025 00:49:26.590] [modloading-worker-0/DEBUG] [Multi Loader Template/]: Loaded dev.hexnowloading.dungeonnowloading.platform.ForgeItemHelper@afd2754 for service interface dev.hexnowloading.dungeonnowloading.platform.services.ItemHelper
[02Aug2025 00:49:26.627] [modloading-worker-0/DEBUG] [betterfortresses/]: Loaded com.yungnickyoung.minecraft.betterfortresses.services.ForgePlatformHelper@715f99 for service interface com.yungnickyoung.minecraft.betterfortresses.services.IPlatformHelper
[02Aug2025 00:49:26.628] [modloading-worker-0/DEBUG] [betterfortresses/]: Loaded com.yungnickyoung.minecraft.betterfortresses.services.ForgeModulesLoader@234e0e59 for service interface com.yungnickyoung.minecraft.betterfortresses.services.IModulesLoader
[02Aug2025 00:49:26.629] [modloading-worker-0/DEBUG] [betterfortresses/]: Loaded com.yungnickyoung.minecraft.betterfortresses.services.ForgeProcessorProvider@524daa82 for service interface com.yungnickyoung.minecraft.betterfortresses.services.IProcessorProvider
[02Aug2025 00:49:26.658] [modloading-worker-0/DEBUG] [net.minecraftforge.fml.config.ConfigTracker/CONFIG]: Config file dungeonnowloading-server.toml for dungeonnowloading tracking
[02Aug2025 00:49:26.662] [modloading-worker-0/DEBUG] [net.minecraftforge.fml.ModLoadingContext/]: Attempted to register an empty config for type CLIENT on mod dungeonnowloading
[02Aug2025 00:49:26.664] [modloading-worker-0/INFO] [Dungeon Now Loading/]: Hello Forge world!
[02Aug2025 00:49:26.665] [modloading-worker-0/DEBUG] [net.minecraftforge.fml.javafmlmod.AutomaticEventSubscriber/LOADING]: Attempting to inject @EventBusSubscriber classes into the eventbus for dungeonnowloading
[02Aug2025 00:49:26.712] [modloading-worker-0/DEBUG] [net.minecraftforge.fml.javafmlmod.AutomaticEventSubscriber/LOADING]: Attempting to inject @EventBusSubscriber classes into the eventbus for yungsapi
[02Aug2025 00:49:26.713] [modloading-worker-0/DEBUG] [net.minecraftforge.fml.javafmlmod.AutomaticEventSubscriber/LOADING]: Attempting to inject @EventBusSubscriber classes into the eventbus for mixinextras
[02Aug2025 00:49:26.715] [modloading-worker-0/INFO] [Dungeon Crawl/]: Here we go! Launching Dungeon Crawl 2.3.15...
[02Aug2025 00:49:26.719] [modloading-worker-0/DEBUG] [net.minecraftforge.fml.javafmlmod.AutomaticEventSubscriber/LOADING]: Attempting to inject @EventBusSubscriber classes into the eventbus for dungeoncrawl
[02Aug2025 00:49:26.816] [modloading-worker-0/DEBUG] [net.minecraftforge.fml.javafmlmod.AutomaticEventSubscriber/LOADING]: Attempting to inject @EventBusSubscriber classes into the eventbus for outer_end
[02Aug2025 00:49:26.816] [modloading-worker-0/DEBUG] [net.minecraftforge.fml.javafmlmod.AutomaticEventSubscriber/LOADING]: Auto-subscribing blueduck.outer_end.events.ModEvents to MOD
[02Aug2025 00:49:26.824] [modloading-worker-0/DEBUG] [net.minecraftforge.fml.javafmlmod.AutomaticEventSubscriber/LOADING]: Auto-subscribing blueduck.outer_end.events.ForgeEvents to FORGE
[02Aug2025 00:49:26.880] [modloading-worker-0/DEBUG] [net.minecraftforge.fml.config.ConfigTracker/CONFIG]: Config file alexsmobs.toml for alexsmobs tracking
[02Aug2025 00:49:26.904] [modloading-worker-0/DEBUG] [net.minecraftforge.fml.config.ConfigTracker/CONFIG]: Config file sophisticatedbackpacks-server.toml for sophisticatedbackpacks tracking
[02Aug2025 00:49:26.904] [modloading-worker-0/DEBUG] [net.minecraftforge.fml.config.ConfigTracker/CONFIG]: Config file sophisticatedbackpacks-common.toml for sophisticatedbackpacks tracking
[02Aug2025 00:49:26.920] [modloading-worker-0/DEBUG] [net.minecraftforge.fml.javafmlmod.AutomaticEventSubscriber/LOADING]: Attempting to inject @EventBusSubscriber classes into the eventbus for alexsmobs
[02Aug2025 00:49:26.921] [modloading-worker-0/DEBUG] [net.minecraftforge.fml.javafmlmod.AutomaticEventSubscriber/LOADING]: Auto-subscribing com.github.alexthe666.alexsmobs.world.AMWorldRegistry to MOD
[02Aug2025 00:49:26.928] [modloading-worker-0/DEBUG] [net.minecraftforge.fml.javafmlmod.AutomaticEventSubscriber/LOADING]: Auto-subscribing com.github.alexthe666.alexsmobs.tileentity.AMTileEntityRegistry to MOD
[02Aug2025 00:49:26.928] [modloading-worker-0/DEBUG] [net.minecraftforge.fml.javafmlmod.AutomaticEventSubscriber/LOADING]: Auto-subscribing com.github.alexthe666.alexsmobs.event.ServerEvents to FORGE
[02Aug2025 00:49:26.936] [modloading-worker-0/DEBUG] [net.minecraftforge.fml.javafmlmod.AutomaticEventSubscriber/LOADING]: Auto-subscribing com.github.alexthe666.alexsmobs.entity.AMEntityRegistry to MOD
[02Aug2025 00:49:26.939] [modloading-worker-0/DEBUG] [net.minecraftforge.fml.javafmlmod.AutomaticEventSubscriber/LOADING]: Auto-subscribing com.github.alexthe666.alexsmobs.CommonProxy to MOD
[02Aug2025 00:49:26.939] [modloading-worker-0/DEBUG] [net.minecraftforge.fml.javafmlmod.AutomaticEventSubscriber/LOADING]: Auto-subscribing com.github.alexthe666.alexsmobs.AlexsMobs to FORGE
[02Aug2025 00:49:26.957] [modloading-worker-0/DEBUG] [net.minecraftforge.fml.javafmlmod.AutomaticEventSubscriber/LOADING]: Attempting to inject @EventBusSubscriber classes into the eventbus for call_of_yucutan
[02Aug2025 00:49:26.957] [modloading-worker-0/DEBUG] [net.minecraftforge.fml.javafmlmod.AutomaticEventSubscriber/LOADING]: Auto-subscribing net.mcreator.callofyucutan.procedures.SentientVineItemInHandTickProcedure to FORGE
[02Aug2025 00:49:26.959] [modloading-worker-0/DEBUG] [net.minecraftforge.fml.config.ConfigTracker/CONFIG]: Config file takesapillage-common.toml for takesapillage tracking
[02Aug2025 00:49:26.959] [modloading-worker-0/DEBUG] [net.minecraftforge.fml.javafmlmod.AutomaticEventSubscriber/LOADING]: Attempting to inject @EventBusSubscriber classes into the eventbus for takesapillage
[02Aug2025 00:49:26.960] [modloading-worker-0/DEBUG] [net.minecraftforge.fml.javafmlmod.AutomaticEventSubscriber/LOADING]: Auto-subscribing com.izofar.takesapillage.RegistryEvents to MOD
[02Aug2025 00:49:26.960] [modloading-worker-0/DEBUG] [net.minecraftforge.fml.javafmlmod.AutomaticEventSubscriber/LOADING]: Auto-subscribing net.mcreator.callofyucutan.procedures.ObsidianArrowHurtEntityProcedure to FORGE
[02Aug2025 00:49:26.963] [modloading-worker-0/DEBUG] [net.minecraftforge.fml.javafmlmod.AutomaticEventSubscriber/LOADING]: Auto-subscribing net.mcreator.callofyucutan.procedures.KillVillagerProcProcedure to FORGE
[02Aug2025 00:49:26.967] [modloading-worker-0/DEBUG] [net.minecraftforge.fml.javafmlmod.AutomaticEventSubscriber/LOADING]: Auto-subscribing net.mcreator.callofyucutan.procedures.IsUsingWandProcedure to FORGE
[02Aug2025 00:49:26.968] [modloading-worker-0/DEBUG] [net.minecraftforge.fml.javafmlmod.AutomaticEventSubscriber/LOADING]: Auto-subscribing net.mcreator.callofyucutan.procedures.GoldenGuardSummonProcedure to FORGE
[02Aug2025 00:49:26.972] [modloading-worker-0/DEBUG] [net.minecraftforge.fml.javafmlmod.AutomaticEventSubscriber/LOADING]: Auto-subscribing net.mcreator.callofyucutan.procedures.GameruleVariableProcedure to FORGE
[02Aug2025 00:49:26.974] [modloading-worker-0/DEBUG] [net.minecraftforge.fml.javafmlmod.AutomaticEventSubscriber/LOADING]: Auto-subscribing net.mcreator.callofyucutan.procedures.EntityIsHurtProcedure to FORGE
[02Aug2025 00:49:26.978] [modloading-worker-0/DEBUG] [net.minecraftforge.fml.javafmlmod.AutomaticEventSubscriber/LOADING]: Auto-subscribing net.mcreator.callofyucutan.procedures.ChaacSummonProcedure to FORGE
[02Aug2025 00:49:26.983] [modloading-worker-0/DEBUG] [net.minecraftforge.fml.config.ConfigTracker/CONFIG]: Config file balm-common.toml for balm tracking
[02Aug2025 00:49:26.988] [modloading-worker-0/DEBUG] [net.minecraftforge.fml.javafmlmod.AutomaticEventSubscriber/LOADING]: Auto-subscribing net.mcreator.callofyucutan.procedures.AttributeModifiers to FORGE
[02Aug2025 00:49:26.989] [modloading-worker-0/DEBUG] [net.minecraftforge.fml.javafmlmod.AutomaticEventSubscriber/LOADING]: Auto-subscribing net.mcreator.callofyucutan.network.ChaacSprintMessage to MOD
[02Aug2025 00:49:26.990] [modloading-worker-0/DEBUG] [net.minecraftforge.fml.javafmlmod.AutomaticEventSubscriber/LOADING]: Attempting to inject @EventBusSubscriber classes into the eventbus for balm
[02Aug2025 00:49:26.996] [modloading-worker-0/DEBUG] [net.minecraftforge.fml.javafmlmod.AutomaticEventSubscriber/LOADING]: Auto-subscribing net.mcreator.callofyucutan.network.CallOfYucutanModVariables to MOD
[02Aug2025 00:49:26.997] [modloading-worker-0/DEBUG] [net.minecraftforge.fml.javafmlmod.AutomaticEventSubscriber/LOADING]: Auto-subscribing net.mcreator.callofyucutan.network.CallOfYucutanModVariables$PlayerVariablesProvider to FORGE
[02Aug2025 00:49:27.001] [modloading-worker-0/DEBUG] [net.minecraftforge.fml.javafmlmod.AutomaticEventSubscriber/LOADING]: Auto-subscribing net.mcreator.callofyucutan.network.CallOfYucutanModVariables$EventBusVariableHandlers to FORGE
[02Aug2025 00:49:27.006] [modloading-worker-0/DEBUG] [net.minecraftforge.fml.javafmlmod.AutomaticEventSubscriber/LOADING]: Auto-subscribing net.mcreator.callofyucutan.init.CallOfYucutanModRecipeTypes to MOD
[02Aug2025 00:49:27.010] [modloading-worker-0/DEBUG] [net.minecraftforge.fml.javafmlmod.AutomaticEventSubscriber/LOADING]: Auto-subscribing net.mcreator.callofyucutan.init.CallOfYucutanModLootModifier to MOD
[02Aug2025 00:49:27.014] [modloading-worker-0/DEBUG] [net.minecraftforge.fml.javafmlmod.AutomaticEventSubscriber/LOADING]: Auto-subscribing net.mcreator.callofyucutan.init.CallOfYucutanModEntities to MOD
[02Aug2025 00:49:27.017] [modloading-worker-0/DEBUG] [net.minecraftforge.fml.javafmlmod.AutomaticEventSubscriber/LOADING]: Auto-subscribing net.mcreator.callofyucutan.Macuathuil to MOD
[02Aug2025 00:49:27.020] [modloading-worker-0/DEBUG] [net.minecraftforge.fml.javafmlmod.AutomaticEventSubscriber/LOADING]: Auto-subscribing net.mcreator.callofyucutan.Macuathuil$ForgeBusEvents to FORGE
[02Aug2025 00:49:27.028] [modloading-worker-0/DEBUG] [net.minecraftforge.fml.javafmlmod.AutomaticEventSubscriber/LOADING]: Attempting to inject @EventBusSubscriber classes into the eventbus for enlightened_end
[02Aug2025 00:49:27.028] [modloading-worker-0/DEBUG] [net.minecraftforge.fml.javafmlmod.AutomaticEventSubscriber/LOADING]: Auto-subscribing net.mcreator.enlightened_end.recipes.brewing.BrewVitalityPotionBrewingRecipe to MOD
[02Aug2025 00:49:27.029] [modloading-worker-0/DEBUG] [net.minecraftforge.fml.javafmlmod.AutomaticEventSubscriber/LOADING]: Auto-subscribing net.mcreator.enlightened_end.recipes.brewing.BrewSuffocationPotionBrewingRecipe to MOD
[02Aug2025 00:49:27.030] [modloading-worker-0/DEBUG] [net.minecraftforge.fml.javafmlmod.AutomaticEventSubscriber/LOADING]: Auto-subscribing net.mcreator.enlightened_end.recipes.brewing.BrewRootedPotionBrewingRecipe to MOD
[02Aug2025 00:49:27.034] [modloading-worker-0/DEBUG] [net.minecraftforge.fml.javafmlmod.AutomaticEventSubscriber/LOADING]: Auto-subscribing net.mcreator.enlightened_end.recipes.brewing.BrewFrigidPotionBrewingRecipe to MOD
[02Aug2025 00:49:27.034] [modloading-worker-0/DEBUG] [net.minecraftforge.fml.javafmlmod.AutomaticEventSubscriber/LOADING]: Auto-subscribing net.mcreator.enlightened_end.recipes.brewing.BrewBurdenedPotionBrewingRecipe to MOD
[02Aug2025 00:49:27.035] [modloading-worker-0/DEBUG] [net.minecraftforge.fml.javafmlmod.AutomaticEventSubscriber/LOADING]: Auto-subscribing net.mcreator.enlightened_end.procedures.WaxBismuthProcedure to FORGE
[02Aug2025 00:49:27.036] [modloading-worker-0/DEBUG] [net.minecraftforge.fml.javafmlmod.AutomaticEventSubscriber/LOADING]: Auto-subscribing net.mcreator.enlightened_end.procedures.TakedIndigoSproutsPotProcedure to FORGE
[02Aug2025 00:49:27.037] [modloading-worker-0/DEBUG] [net.minecraftforge.fml.javafmlmod.AutomaticEventSubscriber/LOADING]: Auto-subscribing net.mcreator.enlightened_end.procedures.TakeOddRootsPotProcedure to FORGE
[02Aug2025 00:49:27.040] [modloading-worker-0/DEBUG] [net.minecraftforge.fml.javafmlmod.AutomaticEventSubscriber/LOADING]: Auto-subscribing net.mcreator.enlightened_end.procedures.TakeIndigoRootsPotProcedure to FORGE
[02Aug2025 00:49:27.042] [modloading-worker-0/DEBUG] [net.minecraftforge.fml.javafmlmod.AutomaticEventSubscriber/LOADING]: Auto-subscribing net.mcreator.enlightened_end.procedures.TakeClosedOddRootsPotProcedure to FORGE
[02Aug2025 00:49:27.049] [modloading-worker-0/DEBUG] [net.minecraftforge.fml.javafmlmod.AutomaticEventSubscriber/LOADING]: Auto-subscribing net.mcreator.enlightened_end.procedures.StripSeldgeStemProcedure to FORGE
[02Aug2025 00:49:27.050] [modloading-worker-0/DEBUG] [net.minecraftforge.fml.javafmlmod.AutomaticEventSubscriber/LOADING]: Auto-subscribing net.mcreator.enlightened_end.procedures.StripSeldgeHyphaeProcedure to FORGE
[02Aug2025 00:49:27.051] [modloading-worker-0/DEBUG] [net.minecraftforge.fml.javafmlmod.AutomaticEventSubscriber/LOADING]: Auto-subscribing net.mcreator.enlightened_end.procedures.StripCeruleanStalkBlockProcedure to FORGE
[02Aug2025 00:49:27.052] [modloading-worker-0/DEBUG] [net.minecraftforge.fml.javafmlmod.AutomaticEventSubscriber/LOADING]: Auto-subscribing net.mcreator.enlightened_end.procedures.StalkerAttackProcedure to FORGE
[02Aug2025 00:49:27.059] [modloading-worker-0/DEBUG] [net.minecraftforge.fml.javafmlmod.AutomaticEventSubscriber/LOADING]: Auto-subscribing net.mcreator.enlightened_end.procedures.SpecialattributeProcedure to FORGE
[02Aug2025 00:49:27.060] [modloading-worker-0/DEBUG] [net.minecraftforge.fml.javafmlmod.AutomaticEventSubscriber/LOADING]: Auto-subscribing net.mcreator.enlightened_end.procedures.SetBiomeSeedProcedure to FORGE
[02Aug2025 00:49:27.061] [modloading-worker-0/DEBUG] [net.minecraftforge.fml.javafmlmod.AutomaticEventSubscriber/LOADING]: Auto-subscribing net.mcreator.enlightened_end.procedures.ScrapeBismuthProcedure to FORGE
[02Aug2025 00:49:27.062] [modloading-worker-0/DEBUG] [net.minecraftforge.fml.javafmlmod.AutomaticEventSubscriber/LOADING]: Auto-subscribing net.mcreator.enlightened_end.procedures.SacrificalStatueOnBlockRightClickedProcedure to FORGE
[02Aug2025 00:49:27.070] [modloading-worker-0/DEBUG] [net.minecraftforge.fml.javafmlmod.AutomaticEventSubscriber/LOADING]: Auto-subscribing net.mcreator.enlightened_end.procedures.RinglingEatBouncelingProcedure to FORGE
[02Aug2025 00:49:27.071] [modloading-worker-0/DEBUG] [net.minecraftforge.fml.javafmlmod.AutomaticEventSubscriber/LOADING]: Auto-subscribing net.mcreator.enlightened_end.procedures.RinglingAttackProcedure to FORGE
[02Aug2025 00:49:27.073] [modloading-worker-0/DEBUG] [net.minecraftforge.fml.javafmlmod.AutomaticEventSubscriber/LOADING]: Auto-subscribing net.mcreator.enlightened_end.procedures.ResetMusicPlayerDeathProcedure to FORGE
[02Aug2025 00:49:27.074] [modloading-worker-0/DEBUG] [net.minecraftforge.fml.javafmlmod.AutomaticEventSubscriber/LOADING]: Auto-subscribing net.mcreator.enlightened_end.procedures.RadioactiveItemsProcedure to FORGE
[02Aug2025 00:49:27.077] [modloading-worker-0/DEBUG] [mixin/]: Mixing LootDataManagerMixin from blueprint.mixins.json into net.minecraft.world.level.storage.loot.LootDataManager
[02Aug2025 00:49:27.077] [modloading-worker-0/DEBUG] [mixin/]: Renaming synthetic method lambda$modifyLootTables$0(Lcom/teamabnormals/blueprint/common/loot/modification/LootModificationManager;Lnet/minecraft/resources/ResourceLocation;Lnet/minecraft/world/level/storage/loot/LootTable;)V to md530ed7$lambda$modifyLootTables$0$0 in blueprint.mixins.json:LootDataManagerMixin
[02Aug2025 00:49:27.085] [modloading-worker-0/DEBUG] [net.minecraftforge.fml.javafmlmod.AutomaticEventSubscriber/LOADING]: Auto-subscribing net.mcreator.enlightened_end.procedures.RadiationTickProcedure to FORGE
[02Aug2025 00:49:27.086] [modloading-worker-0/DEBUG] [net.minecraftforge.fml.javafmlmod.AutomaticEventSubscriber/LOADING]: Auto-subscribing net.mcreator.enlightened_end.procedures.PotOpenOddRootsProcedure to FORGE
[02Aug2025 00:49:27.087] [modloading-worker-0/DEBUG] [net.minecraftforge.fml.javafmlmod.AutomaticEventSubscriber/LOADING]: Auto-subscribing net.mcreator.enlightened_end.procedures.PotIndigoSproustProcedure to FORGE
[02Aug2025 00:49:27.091] [modloading-worker-0/DEBUG] [net.minecraftforge.fml.javafmlmod.AutomaticEventSubscriber/LOADING]: Auto-subscribing net.mcreator.enlightened_end.procedures.PotIndigoRootsProcedure to FORGE
[02Aug2025 00:49:27.092] [modloading-worker-0/DEBUG] [net.minecraftforge.fml.javafmlmod.AutomaticEventSubscriber/LOADING]: Auto-subscribing net.mcreator.enlightened_end.procedures.PotClosedOddRootsProcedure to FORGE
[02Aug2025 00:49:27.093] [modloading-worker-0/DEBUG] [net.minecraftforge.fml.javafmlmod.AutomaticEventSubscriber/LOADING]: Auto-subscribing net.mcreator.enlightened_end.procedures.PlayerRadiationProcedure to FORGE
[02Aug2025 00:49:27.094] [modloading-worker-0/DEBUG] [net.minecraftforge.fml.javafmlmod.AutomaticEventSubscriber/LOADING]: Auto-subscribing net.mcreator.enlightened_end.procedures.PlayerMixLaserProcedure to FORGE
[02Aug2025 00:49:27.098] [modloading-worker-0/DEBUG] [net.minecraftforge.fml.javafmlmod.AutomaticEventSubscriber/LOADING]: Auto-subscribing net.mcreator.enlightened_end.procedures.PlayerEnterEndProcedure to FORGE
[02Aug2025 00:49:27.099] [modloading-worker-0/DEBUG] [net.minecraftforge.fml.javafmlmod.AutomaticEventSubscriber/LOADING]: Auto-subscribing net.mcreator.enlightened_end.procedures.PlantCeruleanStalkProcedure to FORGE
[02Aug2025 00:49:27.100] [modloading-worker-0/DEBUG] [net.minecraftforge.fml.javafmlmod.AutomaticEventSubscriber/LOADING]: Auto-subscribing net.mcreator.enlightened_end.procedures.PlantAzureBerriesProcedure to FORGE
[02Aug2025 00:49:27.101] [modloading-worker-0/DEBUG] [net.minecraftforge.fml.javafmlmod.AutomaticEventSubscriber/LOADING]: Auto-subscribing net.mcreator.enlightened_end.procedures.PlaceXenonGasProcedure to FORGE
[02Aug2025 00:49:27.105] [modloading-worker-0/DEBUG] [net.minecraftforge.fml.javafmlmod.AutomaticEventSubscriber/LOADING]: Auto-subscribing net.mcreator.enlightened_end.procedures.PlaceMalachiteMirrorProcedure to FORGE
[02Aug2025 00:49:27.106] [modloading-worker-0/DEBUG] [net.minecraftforge.fml.javafmlmod.AutomaticEventSubscriber/LOADING]: Auto-subscribing net.mcreator.enlightened_end.procedures.PlaceHeliumGasProcedure to FORGE
[02Aug2025 00:49:27.107] [modloading-worker-0/DEBUG] [net.minecraftforge.fml.javafmlmod.AutomaticEventSubscriber/LOADING]: Auto-subscribing net.mcreator.enlightened_end.procedures.PlaceEnnegelProcedure to FORGE
[02Aug2025 00:49:27.111] [modloading-worker-0/DEBUG] [net.minecraftforge.fml.javafmlmod.AutomaticEventSubscriber/LOADING]: Auto-subscribing net.mcreator.enlightened_end.procedures.PlaceEleviboomSeedsProcedure to FORGE
[02Aug2025 00:49:27.112] [modloading-worker-0/DEBUG] [net.minecraftforge.fml.javafmlmod.AutomaticEventSubscriber/LOADING]: Auto-subscribing net.mcreator.enlightened_end.procedures.PlaceDoubleCeruleanGrassProcedure to FORGE
[02Aug2025 00:49:27.113] [modloading-worker-0/DEBUG] [net.minecraftforge.fml.javafmlmod.AutomaticEventSubscriber/LOADING]: Auto-subscribing net.mcreator.enlightened_end.procedures.PickAzureBerriesProcedure to FORGE
[02Aug2025 00:49:27.117] [modloading-worker-0/DEBUG] [net.minecraftforge.fml.javafmlmod.AutomaticEventSubscriber/LOADING]: Auto-subscribing net.mcreator.enlightened_end.procedures.PermafrostCursePlayerProcedure to FORGE
[02Aug2025 00:49:27.117] [modloading-worker-0/DEBUG] [net.minecraftforge.fml.javafmlmod.AutomaticEventSubscriber/LOADING]: Auto-subscribing net.mcreator.enlightened_end.procedures.OozeSeepsParticlesProcedure to FORGE
[02Aug2025 00:49:27.118] [modloading-worker-0/DEBUG] [net.minecraftforge.fml.javafmlmod.AutomaticEventSubscriber/LOADING]: Auto-subscribing net.mcreator.enlightened_end.procedures.OozeRainParticlesProcedure to FORGE
[02Aug2025 00:49:27.121] [modloading-worker-0/DEBUG] [net.minecraftforge.fml.javafmlmod.AutomaticEventSubscriber/LOADING]: Auto-subscribing net.mcreator.enlightened_end.procedures.OozeRainChanceProcedure to FORGE
[02Aug2025 00:49:27.123] [modloading-worker-0/DEBUG] [net.minecraftforge.fml.javafmlmod.AutomaticEventSubscriber/LOADING]: Auto-subscribing net.mcreator.enlightened_end.procedures.MalachiteCapsuleOnBlockRightClickedProcedure to FORGE
[02Aug2025 00:49:27.124] [modloading-worker-0/DEBUG] [net.minecraftforge.fml.javafmlmod.AutomaticEventSubscriber/LOADING]: Attempting to inject @EventBusSubscriber classes into the eventbus for sophisticatedbackpacks
[02Aug2025 00:49:27.126] [modloading-worker-0/DEBUG] [net.minecraftforge.fml.config.ConfigTracker/CONFIG]: Config file blueprint-client.toml for blueprint tracking
[02Aug2025 00:49:27.126] [modloading-worker-0/DEBUG] [net.minecraftforge.fml.javafmlmod.AutomaticEventSubscriber/LOADING]: Auto-subscribing net.mcreator.enlightened_end.procedures.LightNuclearBombProcedure to FORGE
[02Aug2025 00:49:27.127] [modloading-worker-0/DEBUG] [net.minecraftforge.fml.javafmlmod.AutomaticEventSubscriber/LOADING]: Auto-subscribing net.mcreator.enlightened_end.procedures.FuschiaParticlesProcedure to FORGE
[02Aug2025 00:49:27.128] [modloading-worker-0/DEBUG] [net.minecraftforge.fml.javafmlmod.AutomaticEventSubscriber/LOADING]: Auto-subscribing net.mcreator.enlightened_end.procedures.FreezingParticlesProcedure to FORGE
[02Aug2025 00:49:27.128] [modloading-worker-0/DEBUG] [net.minecraftforge.fml.config.ConfigTracker/CONFIG]: Config file jeresources-common.toml for jeresources tracking
[02Aug2025 00:49:27.126] [modloading-worker-0/DEBUG] [net.minecraftforge.fml.config.ConfigTracker/CONFIG]: Config file blueprint-common.toml for blueprint tracking
[02Aug2025 00:49:27.131] [modloading-worker-0/DEBUG] [net.minecraftforge.fml.javafmlmod.AutomaticEventSubscriber/LOADING]: Attempting to inject @EventBusSubscriber classes into the eventbus for blueprint
[02Aug2025 00:49:27.132] [modloading-worker-0/DEBUG] [net.minecraftforge.fml.javafmlmod.AutomaticEventSubscriber/LOADING]: Auto-subscribing com.teamabnormals.blueprint.core.util.DataUtil to FORGE
[02Aug2025 00:49:27.132] [modloading-worker-0/DEBUG] [net.minecraftforge.fml.javafmlmod.AutomaticEventSubscriber/LOADING]: Auto-subscribing net.mcreator.enlightened_end.procedures.FillCauldronOozeProcedure to FORGE
[02Aug2025 00:49:27.133] [modloading-worker-0/DEBUG] [net.minecraftforge.fml.javafmlmod.AutomaticEventSubscriber/LOADING]: Auto-subscribing net.mcreator.enlightened_end.procedures.FeedRinglingProcedure to FORGE
[02Aug2025 00:49:27.133] [modloading-worker-0/DEBUG] [net.minecraftforge.fml.javafmlmod.AutomaticEventSubscriber/LOADING]: Auto-subscribing com.teamabnormals.blueprint.core.registry.BlueprintEntityTypes to MOD
[02Aug2025 00:49:27.134] [modloading-worker-0/DEBUG] [net.minecraftforge.fml.javafmlmod.AutomaticEventSubscriber/LOADING]: Auto-subscribing net.mcreator.enlightened_end.procedures.ExoGasParticlesProcedure to FORGE
[02Aug2025 00:49:27.137] [modloading-worker-0/DEBUG] [net.minecraftforge.fml.javafmlmod.AutomaticEventSubscriber/LOADING]: Auto-subscribing net.mcreator.enlightened_end.procedures.EntityRadiationProcedure to FORGE
[02Aug2025 00:49:27.138] [modloading-worker-0/DEBUG] [net.minecraftforge.fml.javafmlmod.AutomaticEventSubscriber/LOADING]: Auto-subscribing net.mcreator.enlightened_end.procedures.EndMusicProcedure to FORGE
[02Aug2025 00:49:27.136] [modloading-worker-0/DEBUG] [jeresources/]: Loaded jeresources.forge.ForgePlatformHelper@1df0488 for service interface jeresources.platform.IPlatformHelper
[02Aug2025 00:49:27.139] [modloading-worker-0/DEBUG] [jeresources/]: Loading config file /workspaces/cosecha/servidor_minecraft/config/jeresources.toml
[02Aug2025 00:49:27.142] [modloading-worker-0/DEBUG] [net.minecraftforge.fml.javafmlmod.AutomaticEventSubscriber/LOADING]: Auto-subscribing net.mcreator.enlightened_end.procedures.EndBarrenAmbienceProcedure to FORGE
[02Aug2025 00:49:27.142] [modloading-worker-0/DEBUG] [jeresources/]: Built TOML config for /workspaces/cosecha/servidor_minecraft/config/jeresources.toml
[02Aug2025 00:49:27.143] [modloading-worker-0/DEBUG] [net.minecraftforge.fml.javafmlmod.AutomaticEventSubscriber/LOADING]: Auto-subscribing net.mcreator.enlightened_end.procedures.EmptyCauldronOozeProcedure to FORGE
[02Aug2025 00:49:27.143] [modloading-worker-0/DEBUG] [jeresources/]: Loaded TOML config file /workspaces/cosecha/servidor_minecraft/config/jeresources.toml
[02Aug2025 00:49:27.144] [modloading-worker-0/DEBUG] [net.minecraftforge.fml.javafmlmod.AutomaticEventSubscriber/LOADING]: Auto-subscribing net.mcreator.enlightened_end.procedures.DontLookDownTickProcedure to FORGE
[02Aug2025 00:49:27.144] [modloading-worker-0/DEBUG] [net.minecraftforge.fml.javafmlmod.AutomaticEventSubscriber/LOADING]: Auto-subscribing net.mcreator.enlightened_end.procedures.DefaultBiomeSeedProcedure to FORGE
[02Aug2025 00:49:27.146] [modloading-worker-0/DEBUG] [net.minecraftforge.fml.javafmlmod.AutomaticEventSubscriber/LOADING]: Auto-subscribing com.teamabnormals.blueprint.core.registry.BlueprintBlockEntityTypes to MOD
[02Aug2025 00:49:27.148] [modloading-worker-0/DEBUG] [net.minecraftforge.fml.javafmlmod.AutomaticEventSubscriber/LOADING]: Auto-subscribing net.mcreator.enlightened_end.procedures.CongealedFernToPotProcedure to FORGE
[02Aug2025 00:49:27.149] [modloading-worker-0/DEBUG] [net.minecraftforge.fml.javafmlmod.AutomaticEventSubscriber/LOADING]: Auto-subscribing net.mcreator.enlightened_end.procedures.CongealedFernPotTakeProcedure to FORGE
[02Aug2025 00:49:27.150] [modloading-worker-0/DEBUG] [net.minecraftforge.fml.javafmlmod.AutomaticEventSubscriber/LOADING]: Auto-subscribing net.mcreator.enlightened_end.procedures.CollectSettledGasProcedure to FORGE
[02Aug2025 00:49:27.150] [modloading-worker-0/DEBUG] [net.minecraftforge.fml.javafmlmod.AutomaticEventSubscriber/LOADING]: Auto-subscribing net.mcreator.enlightened_end.procedures.CollectDistrubedHeliumGasProcedure to FORGE
[02Aug2025 00:49:27.151] [modloading-worker-0/DEBUG] [net.minecraftforge.fml.javafmlmod.AutomaticEventSubscriber/LOADING]: Attempting to inject @EventBusSubscriber classes into the eventbus for bosses_of_mass_destruction
[02Aug2025 00:49:27.154] [modloading-worker-0/DEBUG] [net.minecraftforge.fml.javafmlmod.AutomaticEventSubscriber/LOADING]: Auto-subscribing com.cerbon.bosses_of_mass_destruction.event.ForgeEvents to FORGE
[02Aug2025 00:49:27.154] [modloading-worker-0/DEBUG] [net.minecraftforge.fml.javafmlmod.AutomaticEventSubscriber/LOADING]: Auto-subscribing net.mcreator.enlightened_end.procedures.ChorusParticlesProcedure to FORGE
[02Aug2025 00:49:27.155] [modloading-worker-0/DEBUG] [net.minecraftforge.fml.javafmlmod.AutomaticEventSubscriber/LOADING]: Auto-subscribing net.mcreator.enlightened_end.procedures.CeruleanParticlesProcedure to FORGE
[02Aug2025 00:49:27.155] [modloading-worker-0/DEBUG] [net.minecraftforge.fml.javafmlmod.AutomaticEventSubscriber/LOADING]: Auto-subscribing net.mcreator.enlightened_end.procedures.BubblingAttackProcedure to FORGE
[02Aug2025 00:49:27.156] [modloading-worker-0/DEBUG] [net.minecraftforge.fml.javafmlmod.AutomaticEventSubscriber/LOADING]: Auto-subscribing net.mcreator.enlightened_end.procedures.BrainfeederAttackProcedure to FORGE
[02Aug2025 00:49:27.159] [modloading-worker-0/DEBUG] [net.minecraftforge.fml.javafmlmod.AutomaticEventSubscriber/LOADING]: Auto-subscribing com.cerbon.bosses_of_mass_destruction.event.BMDEvents$CommonEvents to MOD
[02Aug2025 00:49:27.159] [modloading-worker-0/DEBUG] [net.minecraftforge.fml.javafmlmod.AutomaticEventSubscriber/LOADING]: Auto-subscribing net.mcreator.enlightened_end.procedures.BottleOozeProcedure to FORGE
[02Aug2025 00:49:27.158] [modloading-worker-0/DEBUG] [net.minecraftforge.fml.javafmlmod.AutomaticEventSubscriber/LOADING]: Auto-subscribing com.teamabnormals.blueprint.core.other.BlueprintEvents to FORGE
[02Aug2025 00:49:27.160] [modloading-worker-0/DEBUG] [net.minecraftforge.fml.javafmlmod.AutomaticEventSubscriber/LOADING]: Auto-subscribing net.mcreator.enlightened_end.procedures.BottleEnsnareProcedure to FORGE
[02Aug2025 00:49:27.163] [modloading-worker-0/DEBUG] [net.minecraftforge.fml.javafmlmod.AutomaticEventSubscriber/LOADING]: Auto-subscribing net.mcreator.enlightened_end.network.EnlightenedEndModVariables to MOD
[02Aug2025 00:49:27.160] [modloading-worker-0/DEBUG] [net.minecraftforge.fml.javafmlmod.AutomaticEventSubscriber/LOADING]: Auto-subscribing com.teamabnormals.blueprint.core.Blueprint to MOD
[02Aug2025 00:49:27.163] [modloading-worker-0/DEBUG] [net.minecraftforge.fml.javafmlmod.AutomaticEventSubscriber/LOADING]: Auto-subscribing com.teamabnormals.blueprint.common.world.modification.structure.StructureRepalleterManager to FORGE
[02Aug2025 00:49:27.164] [modloading-worker-0/DEBUG] [net.minecraftforge.fml.javafmlmod.AutomaticEventSubscriber/LOADING]: Auto-subscribing net.mcreator.enlightened_end.network.EnlightenedEndModVariables$PlayerVariablesProvider to FORGE
[02Aug2025 00:49:27.165] [modloading-worker-0/DEBUG] [net.minecraftforge.fml.javafmlmod.AutomaticEventSubscriber/LOADING]: Auto-subscribing net.mcreator.enlightened_end.network.EnlightenedEndModVariables$EventBusVariableHandlers to FORGE
[02Aug2025 00:49:27.171] [modloading-worker-0/DEBUG] [net.minecraftforge.fml.javafmlmod.AutomaticEventSubscriber/LOADING]: Auto-subscribing net.mcreator.enlightened_end.network.DashingLeggingsAbilityMessage to MOD
[02Aug2025 00:49:27.173] [modloading-worker-0/DEBUG] [net.minecraftforge.fml.javafmlmod.AutomaticEventSubscriber/LOADING]: Auto-subscribing net.mcreator.enlightened_end.init.EnlightenedEndModFuels to FORGE
[02Aug2025 00:49:27.173] [modloading-worker-0/DEBUG] [net.minecraftforge.fml.javafmlmod.AutomaticEventSubscriber/LOADING]: Attempting to inject @EventBusSubscriber classes into the eventbus for jeresources
[02Aug2025 00:49:27.175] [modloading-worker-0/DEBUG] [net.minecraftforge.fml.javafmlmod.AutomaticEventSubscriber/LOADING]: Auto-subscribing com.teamabnormals.blueprint.common.world.modification.chunk.ChunkGeneratorModificationManager to FORGE
[02Aug2025 00:49:27.178] [modloading-worker-0/DEBUG] [net.minecraftforge.fml.javafmlmod.AutomaticEventSubscriber/LOADING]: Attempting to inject @EventBusSubscriber classes into the eventbus for formations
[02Aug2025 00:49:27.181] [modloading-worker-0/DEBUG] [net.minecraftforge.fml.javafmlmod.AutomaticEventSubscriber/LOADING]: Auto-subscribing com.teamabnormals.blueprint.common.loot.modification.LootModificationManager to FORGE
[02Aug2025 00:49:27.175] [modloading-worker-0/DEBUG] [net.minecraftforge.fml.javafmlmod.AutomaticEventSubscriber/LOADING]: Auto-subscribing net.mcreator.enlightened_end.init.EnlightenedEndModFeatures to FORGE
[02Aug2025 00:49:27.182] [modloading-worker-0/DEBUG] [net.minecraftforge.fml.javafmlmod.AutomaticEventSubscriber/LOADING]: Auto-subscribing net.mcreator.enlightened_end.init.EnlightenedEndModEntities to MOD
[02Aug2025 00:49:27.183] [modloading-worker-0/DEBUG] [net.minecraftforge.fml.javafmlmod.AutomaticEventSubscriber/LOADING]: Auto-subscribing net.mcreator.enlightened_end.init.EnlightenedEndModCompostableItems to MOD
[02Aug2025 00:49:27.184] [modloading-worker-0/DEBUG] [net.minecraftforge.fml.javafmlmod.AutomaticEventSubscriber/LOADING]: Auto-subscribing net.mcreator.enlightened_end.command.RadiationCommandCommand to FORGE
[02Aug2025 00:49:27.184] [modloading-worker-0/DEBUG] [net.minecraftforge.fml.javafmlmod.AutomaticEventSubscriber/LOADING]: Auto-subscribing net.mcreator.enlightened_end.command.OozeRainCommandCommand to FORGE
[02Aug2025 00:49:27.185] [modloading-worker-0/DEBUG] [net.minecraftforge.fml.javafmlmod.AutomaticEventSubscriber/LOADING]: Auto-subscribing net.mcreator.enlightened_end.command.EEDebugCommand to FORGE
[02Aug2025 00:49:27.188] [modloading-worker-0/DEBUG] [net.minecraftforge.fml.javafmlmod.AutomaticEventSubscriber/LOADING]: Attempting to inject @EventBusSubscriber classes into the eventbus for dungeons_arise_seven_seas
[02Aug2025 00:49:27.189] [modloading-worker-0/DEBUG] [net.minecraftforge.fml.javafmlmod.AutomaticEventSubscriber/LOADING]: Attempting to inject @EventBusSubscriber classes into the eventbus for cloth_config
[02Aug2025 00:49:27.201] [modloading-worker-0/DEBUG] [net.minecraftforge.fml.config.ConfigTracker/CONFIG]: Config file betterfortresses-forge-1_20.toml for betterfortresses tracking
[02Aug2025 00:49:27.202] [modloading-worker-0/DEBUG] [net.minecraftforge.fml.javafmlmod.AutomaticEventSubscriber/LOADING]: Attempting to inject @EventBusSubscriber classes into the eventbus for betterfortresses
[02Aug2025 00:49:27.203] [modloading-worker-0/INFO] [de.keksuccino.konkrete.Konkrete/]: [KONKRETE] Successfully initialized!
[02Aug2025 00:49:27.203] [modloading-worker-0/INFO] [de.keksuccino.konkrete.Konkrete/]: [KONKRETE] Server-side libs ready to use!
[02Aug2025 00:49:27.203] [modloading-worker-0/DEBUG] [net.minecraftforge.fml.javafmlmod.AutomaticEventSubscriber/LOADING]: Attempting to inject @EventBusSubscriber classes into the eventbus for konkrete
[02Aug2025 00:49:27.205] [modloading-worker-0/DEBUG] [net.minecraftforge.versions.forge.ForgeVersion/CORE]: Forge Version package package net.minecraftforge.versions.forge, Forge, version 47.3 from cpw.mods.modlauncher.TransformingClassLoader@343fddd9
[02Aug2025 00:49:27.207] [modloading-worker-0/DEBUG] [net.minecraftforge.fml.javafmlmod.AutomaticEventSubscriber/LOADING]: Auto-subscribing com.teamabnormals.blueprint.common.advancement.modification.AdvancementModificationManager to FORGE
[02Aug2025 00:49:27.207] [modloading-worker-0/DEBUG] [net.minecraftforge.versions.forge.ForgeVersion/CORE]: Found Forge version 47.3.7
[02Aug2025 00:49:27.207] [modloading-worker-0/DEBUG] [net.minecraftforge.versions.forge.ForgeVersion/CORE]: Found Forge spec 47.3
[02Aug2025 00:49:27.207] [modloading-worker-0/DEBUG] [net.minecraftforge.versions.forge.ForgeVersion/CORE]: Found Forge group net.minecraftforge
[02Aug2025 00:49:27.207] [modloading-worker-0/INFO] [net.minecraftforge.common.ForgeMod/FORGEMOD]: Forge mod loading, version 47.3.7, for MC 1.20.1 with MCP 20230612.114412
[02Aug2025 00:49:27.208] [modloading-worker-0/INFO] [net.minecraftforge.common.MinecraftForge/FORGE]: MinecraftForge v47.3.7 Initialized
[02Aug2025 00:49:27.217] [modloading-worker-0/DEBUG] [net.minecraftforge.fml.config.ConfigTracker/CONFIG]: Config file structure_gel-common.toml for structure_gel tracking
[02Aug2025 00:49:27.257] [modloading-worker-0/DEBUG] [net.minecraftforge.fml.javafmlmod.AutomaticEventSubscriber/LOADING]: Attempting to inject @EventBusSubscriber classes into the eventbus for just_in_nether
[02Aug2025 00:49:27.257] [modloading-worker-0/DEBUG] [net.minecraftforge.fml.javafmlmod.AutomaticEventSubscriber/LOADING]: Auto-subscribing net.mcreator.justinnether.procedures.VitalVeinAttributeProcedure to FORGE
[02Aug2025 00:49:27.258] [modloading-worker-0/DEBUG] [net.minecraftforge.fml.javafmlmod.AutomaticEventSubscriber/LOADING]: Auto-subscribing net.mcreator.justinnether.procedures.PiglinAttackProcedure to FORGE
[02Aug2025 00:49:27.262] [modloading-worker-0/DEBUG] [net.minecraftforge.fml.javafmlmod.AutomaticEventSubscriber/LOADING]: Auto-subscribing net.mcreator.justinnether.procedures.PigarInHandProcedure to FORGE
[02Aug2025 00:49:27.266] [modloading-worker-0/DEBUG] [net.minecraftforge.fml.javafmlmod.AutomaticEventSubscriber/LOADING]: Auto-subscribing net.mcreator.justinnether.init.JustInNetherModEntities to MOD
[02Aug2025 00:49:27.267] [modloading-worker-0/DEBUG] [net.minecraftforge.fml.javafmlmod.AutomaticEventSubscriber/LOADING]: Auto-subscribing net.mcreator.justinnether.init.EntityAnimationFactory to FORGE
[02Aug2025 00:49:27.269] [modloading-worker-0/DEBUG] [io.netty.util.internal.PlatformDependent0/]: -Dio.netty.noUnsafe: false
[02Aug2025 00:49:27.271] [modloading-worker-0/DEBUG] [net.minecraftforge.fml.javafmlmod.AutomaticEventSubscriber/LOADING]: Attempting to inject @EventBusSubscriber classes into the eventbus for dungeons_arise
[02Aug2025 00:49:27.272] [modloading-worker-0/DEBUG] [io.netty.util.internal.PlatformDependent0/]: Java version: 17
[02Aug2025 00:49:27.272] [modloading-worker-0/DEBUG] [io.netty.util.internal.PlatformDependent0/]: sun.misc.Unsafe.theUnsafe: available
[02Aug2025 00:49:27.273] [modloading-worker-0/DEBUG] [io.netty.util.internal.PlatformDependent0/]: sun.misc.Unsafe.copyMemory: available
[02Aug2025 00:49:27.273] [modloading-worker-0/DEBUG] [io.netty.util.internal.PlatformDependent0/]: sun.misc.Unsafe.storeFence: available
[02Aug2025 00:49:27.273] [modloading-worker-0/DEBUG] [io.netty.util.internal.PlatformDependent0/]: java.nio.Buffer.address: available
[02Aug2025 00:49:27.274] [modloading-worker-0/DEBUG] [io.netty.util.internal.PlatformDependent0/]: direct buffer constructor: unavailable
java.lang.UnsupportedOperationException: Reflective setAccessible(true) disabled
	at io.netty.util.internal.ReflectionUtil.trySetAccessible(ReflectionUtil.java:31) ~[netty-common-4.1.82.Final.jar%2382!/:4.1.82.Final]
	at io.netty.util.internal.PlatformDependent0$5.run(PlatformDependent0.java:288) ~[netty-common-4.1.82.Final.jar%2382!/:4.1.82.Final]
	at java.security.AccessController.doPrivileged(AccessController.java:318) ~[?:?]
	at io.netty.util.internal.PlatformDependent0.<clinit>(PlatformDependent0.java:282) ~[netty-common-4.1.82.Final.jar%2382!/:4.1.82.Final]
	at io.netty.util.internal.PlatformDependent.isAndroid(PlatformDependent.java:333) ~[netty-common-4.1.82.Final.jar%2382!/:4.1.82.Final]
	at io.netty.util.internal.PlatformDependent.<clinit>(PlatformDependent.java:88) ~[netty-common-4.1.82.Final.jar%2382!/:4.1.82.Final]
	at io.netty.util.ConstantPool.<init>(ConstantPool.java:34) ~[netty-common-4.1.82.Final.jar%2382!/:4.1.82.Final]
	at io.netty.util.AttributeKey$1.<init>(AttributeKey.java:27) ~[netty-common-4.1.82.Final.jar%2382!/:4.1.82.Final]
	at io.netty.util.AttributeKey.<clinit>(AttributeKey.java:27) ~[netty-common-4.1.82.Final.jar%2382!/:4.1.82.Final]
	at net.minecraftforge.network.NetworkConstants.<clinit>(NetworkConstants.java:34) ~[forge-1.20.1-47.3.7-universal.jar%23276!/:?]
	at net.minecraftforge.common.ForgeMod.<init>(ForgeMod.java:429) ~[forge-1.20.1-47.3.7-universal.jar%23276!/:?]
	at jdk.internal.reflect.NativeConstructorAccessorImpl.newInstance0(Native Method) ~[?:?]
	at jdk.internal.reflect.NativeConstructorAccessorImpl.newInstance(NativeConstructorAccessorImpl.java:77) ~[?:?]
	at jdk.internal.reflect.DelegatingConstructorAccessorImpl.newInstance(DelegatingConstructorAccessorImpl.java:45) ~[?:?]
	at java.lang.reflect.Constructor.newInstanceWithCaller(Constructor.java:500) ~[?:?]
	at java.lang.reflect.Constructor.newInstance(Constructor.java:481) ~[?:?]
	at net.minecraftforge.fml.javafmlmod.FMLModContainer.constructMod(FMLModContainer.java:70) ~[javafmllanguage-1.20.1-47.3.7.jar%23273!/:?]
	at net.minecraftforge.fml.ModContainer.lambda$buildTransitionHandler$4(ModContainer.java:124) ~[fmlcore-1.20.1-47.3.7.jar%23272!/:?]
	at java.util.concurrent.CompletableFuture$AsyncRun.run(CompletableFuture.java:1804) ~[?:?]
	at java.util.concurrent.CompletableFuture$AsyncRun.exec(CompletableFuture.java:1796) ~[?:?]
	at java.util.concurrent.ForkJoinTask.doExec(ForkJoinTask.java:373) ~[?:?]
	at java.util.concurrent.ForkJoinPool$WorkQueue.topLevelExec(ForkJoinPool.java:1182) ~[?:?]
	at java.util.concurrent.ForkJoinPool.scan(ForkJoinPool.java:1655) ~[?:?]
	at java.util.concurrent.ForkJoinPool.runWorker(ForkJoinPool.java:1622) ~[?:?]
	at java.util.concurrent.ForkJoinWorkerThread.run(ForkJoinWorkerThread.java:165) ~[?:?]
[02Aug2025 00:49:27.281] [modloading-worker-0/DEBUG] [io.netty.util.internal.PlatformDependent0/]: java.nio.Bits.unaligned: available, true
[02Aug2025 00:49:27.281] [modloading-worker-0/DEBUG] [io.netty.util.internal.PlatformDependent0/]: jdk.internal.misc.Unsafe.allocateUninitializedArray(int): unavailable
java.lang.IllegalAccessException: class io.netty.util.internal.PlatformDependent0$7 (in module io.netty.common) cannot access class jdk.internal.misc.Unsafe (in module java.base) because module java.base does not export jdk.internal.misc to module io.netty.common
	at jdk.internal.reflect.Reflection.newIllegalAccessException(Reflection.java:392) ~[?:?]
	at java.lang.reflect.AccessibleObject.checkAccess(AccessibleObject.java:674) ~[?:?]
	at java.lang.reflect.Method.invoke(Method.java:561) ~[?:?]
	at io.netty.util.internal.PlatformDependent0$7.run(PlatformDependent0.java:410) ~[netty-common-4.1.82.Final.jar%2382!/:4.1.82.Final]
	at java.security.AccessController.doPrivileged(AccessController.java:318) ~[?:?]
	at io.netty.util.internal.PlatformDependent0.<clinit>(PlatformDependent0.java:401) ~[netty-common-4.1.82.Final.jar%2382!/:4.1.82.Final]
	at io.netty.util.internal.PlatformDependent.isAndroid(PlatformDependent.java:333) ~[netty-common-4.1.82.Final.jar%2382!/:4.1.82.Final]
	at io.netty.util.internal.PlatformDependent.<clinit>(PlatformDependent.java:88) ~[netty-common-4.1.82.Final.jar%2382!/:4.1.82.Final]
	at io.netty.util.ConstantPool.<init>(ConstantPool.java:34) ~[netty-common-4.1.82.Final.jar%2382!/:4.1.82.Final]
	at io.netty.util.AttributeKey$1.<init>(AttributeKey.java:27) ~[netty-common-4.1.82.Final.jar%2382!/:4.1.82.Final]
	at io.netty.util.AttributeKey.<clinit>(AttributeKey.java:27) ~[netty-common-4.1.82.Final.jar%2382!/:4.1.82.Final]
	at net.minecraftforge.network.NetworkConstants.<clinit>(NetworkConstants.java:34) ~[forge-1.20.1-47.3.7-universal.jar%23276!/:?]
	at net.minecraftforge.common.ForgeMod.<init>(ForgeMod.java:429) ~[forge-1.20.1-47.3.7-universal.jar%23276!/:?]
	at jdk.internal.reflect.NativeConstructorAccessorImpl.newInstance0(Native Method) ~[?:?]
	at jdk.internal.reflect.NativeConstructorAccessorImpl.newInstance(NativeConstructorAccessorImpl.java:77) ~[?:?]
	at jdk.internal.reflect.DelegatingConstructorAccessorImpl.newInstance(DelegatingConstructorAccessorImpl.java:45) ~[?:?]
	at java.lang.reflect.Constructor.newInstanceWithCaller(Constructor.java:500) ~[?:?]
	at java.lang.reflect.Constructor.newInstance(Constructor.java:481) ~[?:?]
	at net.minecraftforge.fml.javafmlmod.FMLModContainer.constructMod(FMLModContainer.java:70) ~[javafmllanguage-1.20.1-47.3.7.jar%23273!/:?]
	at net.minecraftforge.fml.ModContainer.lambda$buildTransitionHandler$4(ModContainer.java:124) ~[fmlcore-1.20.1-47.3.7.jar%23272!/:?]
	at java.util.concurrent.CompletableFuture$AsyncRun.run(CompletableFuture.java:1804) ~[?:?]
	at java.util.concurrent.CompletableFuture$AsyncRun.exec(CompletableFuture.java:1796) ~[?:?]
	at java.util.concurrent.ForkJoinTask.doExec(ForkJoinTask.java:373) ~[?:?]
	at java.util.concurrent.ForkJoinPool$WorkQueue.topLevelExec(ForkJoinPool.java:1182) ~[?:?]
	at java.util.concurrent.ForkJoinPool.scan(ForkJoinPool.java:1655) ~[?:?]
	at java.util.concurrent.ForkJoinPool.runWorker(ForkJoinPool.java:1622) ~[?:?]
	at java.util.concurrent.ForkJoinWorkerThread.run(ForkJoinWorkerThread.java:165) ~[?:?]
[02Aug2025 00:49:27.282] [modloading-worker-0/DEBUG] [mixin/]: Mixing compat1202minus.compat116plus.ExplosionMixin from pehkui.mixins.json into net.minecraft.world.level.Explosion
[02Aug2025 00:49:27.285] [modloading-worker-0/DEBUG] [io.netty.util.internal.PlatformDependent0/]: java.nio.DirectByteBuffer.<init>(long, int): unavailable
[02Aug2025 00:49:27.285] [modloading-worker-0/DEBUG] [io.netty.util.internal.PlatformDependent/]: sun.misc.Unsafe: available
[02Aug2025 00:49:27.285] [modloading-worker-0/DEBUG] [io.netty.util.internal.PlatformDependent/]: maxDirectMemory: 10737418240 bytes (maybe)
[02Aug2025 00:49:27.285] [modloading-worker-0/DEBUG] [io.netty.util.internal.PlatformDependent/]: -Dio.netty.tmpdir: /tmp (java.io.tmpdir)
[02Aug2025 00:49:27.286] [modloading-worker-0/DEBUG] [io.netty.util.internal.PlatformDependent/]: -Dio.netty.bitMode: 64 (sun.arch.data.model)
[02Aug2025 00:49:27.286] [modloading-worker-0/DEBUG] [io.netty.util.internal.PlatformDependent/]: -Dio.netty.maxDirectMemory: -1 bytes
[02Aug2025 00:49:27.286] [modloading-worker-0/DEBUG] [io.netty.util.internal.PlatformDependent/]: -Dio.netty.uninitializedArrayAllocationThreshold: -1
[02Aug2025 00:49:27.287] [modloading-worker-0/DEBUG] [io.netty.util.internal.CleanerJava9/]: java.nio.ByteBuffer.cleaner(): available
[02Aug2025 00:49:27.290] [modloading-worker-0/DEBUG] [io.netty.util.internal.PlatformDependent/]: -Dio.netty.noPreferDirect: false
[02Aug2025 00:49:27.325] [modloading-worker-0/DEBUG] [mixin/]: Mixing CustomDeathMessageMixin from takesapillage.mixins.json into net.minecraft.world.damagesource.DamageSources
[02Aug2025 00:49:27.337] [modloading-worker-0/DEBUG] [mixin/]: Mixing accessor.BoundingBoxAccessor from betterdungeons.mixins.json into net.minecraft.world.level.levelgen.structure.BoundingBox
[02Aug2025 00:49:27.337] [modloading-worker-0/DEBUG] [mixin/]: Mixing accessor.BoundingBoxAccessor from yungsapi.mixins.json into net.minecraft.world.level.levelgen.structure.BoundingBox
[02Aug2025 00:49:27.338] [modloading-worker-0/DEBUG] [mixin/]: Mixing accessor.BoundingBoxAccessor from cataclysm.mixins.json into net.minecraft.world.level.levelgen.structure.BoundingBox
[02Aug2025 00:49:27.340] [modloading-worker-0/DEBUG] [mixin/]: Unexpected: Registered method setMaxY(I)V in net.minecraft.world.level.levelgen.structure.BoundingBox was not merged
[02Aug2025 00:49:27.340] [modloading-worker-0/DEBUG] [mixin/]: Unexpected: Registered method setMaxZ(I)V in net.minecraft.world.level.levelgen.structure.BoundingBox was not merged
[02Aug2025 00:49:27.340] [modloading-worker-0/DEBUG] [mixin/]: Unexpected: Registered method setMaxZ(I)V in net.minecraft.world.level.levelgen.structure.BoundingBox was not merged
[02Aug2025 00:49:27.340] [modloading-worker-0/DEBUG] [mixin/]: Unexpected: Registered method setMinZ(I)V in net.minecraft.world.level.levelgen.structure.BoundingBox was not merged
[02Aug2025 00:49:27.340] [modloading-worker-0/DEBUG] [mixin/]: Unexpected: Registered method setMinZ(I)V in net.minecraft.world.level.levelgen.structure.BoundingBox was not merged
[02Aug2025 00:49:27.340] [modloading-worker-0/DEBUG] [mixin/]: Unexpected: Registered method setMaxX(I)V in net.minecraft.world.level.levelgen.structure.BoundingBox was not merged
[02Aug2025 00:49:27.341] [modloading-worker-0/DEBUG] [mixin/]: Unexpected: Registered method setMinY(I)V in net.minecraft.world.level.levelgen.structure.BoundingBox was not merged
[02Aug2025 00:49:27.341] [modloading-worker-0/DEBUG] [mixin/]: Unexpected: Registered method setMaxY(I)V in net.minecraft.world.level.levelgen.structure.BoundingBox was not merged
[02Aug2025 00:49:27.341] [modloading-worker-0/DEBUG] [mixin/]: Unexpected: Registered method setMaxX(I)V in net.minecraft.world.level.levelgen.structure.BoundingBox was not merged
[02Aug2025 00:49:27.341] [modloading-worker-0/DEBUG] [mixin/]: Unexpected: Registered method setMinY(I)V in net.minecraft.world.level.levelgen.structure.BoundingBox was not merged
[02Aug2025 00:49:27.341] [modloading-worker-0/DEBUG] [mixin/]: Unexpected: Registered method setMinX(I)V in net.minecraft.world.level.levelgen.structure.BoundingBox was not merged
[02Aug2025 00:49:27.341] [modloading-worker-0/DEBUG] [mixin/]: Unexpected: Registered method setMinX(I)V in net.minecraft.world.level.levelgen.structure.BoundingBox was not merged
[02Aug2025 00:49:27.343] [modloading-worker-0/DEBUG] [mixin/]: Mixing accessor.StructureManagerAccessor from betterfortresses.mixins.json into net.minecraft.world.level.StructureManager
[02Aug2025 00:49:27.343] [modloading-worker-0/DEBUG] [mixin/]: Mixing StructureManagerAccessor from cataclysm.mixins.json into net.minecraft.world.level.StructureManager
[02Aug2025 00:49:27.343] [modloading-worker-0/DEBUG] [mixin/]: Unexpected: Registered method getLevel()Lnet/minecraft/world/level/LevelAccessor; in net.minecraft.world.level.StructureManager was not merged
[02Aug2025 00:49:27.350] [modloading-worker-0/DEBUG] [mixin/]: Mixing NoiseConfigMixin from mixins.mofus_better_end_.json into net.minecraft.world.level.levelgen.RandomState
[02Aug2025 00:49:27.354] [modloading-worker-0/DEBUG] [net.minecraftforge.fml.javafmlmod.AutomaticEventSubscriber/LOADING]: Attempting to inject @EventBusSubscriber classes into the eventbus for structure_gel
[02Aug2025 00:49:27.356] [modloading-worker-0/DEBUG] [net.minecraftforge.fml.javafmlmod.AutomaticEventSubscriber/LOADING]: Auto-subscribing com.legacy.structure_gel.core.events.SGCommonEvents$ModBus to MOD
[02Aug2025 00:49:27.359] [modloading-worker-0/DEBUG] [net.minecraftforge.fml.javafmlmod.AutomaticEventSubscriber/LOADING]: Auto-subscribing com.legacy.structure_gel.core.events.SGCommonEvents$ForgeBus to FORGE
[02Aug2025 00:49:27.365] [modloading-worker-0/DEBUG] [net.minecraftforge.fml.javafmlmod.AutomaticEventSubscriber/LOADING]: Attempting to inject @EventBusSubscriber classes into the eventbus for call_of_drowner
[02Aug2025 00:49:27.365] [modloading-worker-0/DEBUG] [net.minecraftforge.fml.javafmlmod.AutomaticEventSubscriber/LOADING]: Auto-subscribing net.mcreator.dwds.procedures.GoalProcedure to FORGE
[02Aug2025 00:49:27.366] [modloading-worker-0/DEBUG] [net.minecraftforge.fml.javafmlmod.AutomaticEventSubscriber/LOADING]: Auto-subscribing net.mcreator.dwds.init.EntityAnimationFactory to FORGE
[02Aug2025 00:49:27.366] [modloading-worker-0/DEBUG] [net.minecraftforge.fml.javafmlmod.AutomaticEventSubscriber/LOADING]: Auto-subscribing net.mcreator.dwds.init.CallOfDrownerModTabs to MOD
[02Aug2025 00:49:27.367] [modloading-worker-0/DEBUG] [net.minecraftforge.fml.javafmlmod.AutomaticEventSubscriber/LOADING]: Auto-subscribing net.mcreator.dwds.init.CallOfDrownerModEntities to MOD
[02Aug2025 00:49:27.360] [modloading-worker-0/DEBUG] [net.minecraftforge.common.ForgeMod/FORGEMOD]: Loading Network data for FML net version: FML3
[02Aug2025 00:49:27.376] [modloading-worker-0/DEBUG] [net.minecraftforge.fml.javafmlmod.AutomaticEventSubscriber/LOADING]: Attempting to inject @EventBusSubscriber classes into the eventbus for echoes_of_the_end__structures_
[02Aug2025 00:49:27.385] [modloading-worker-0/DEBUG] [net.minecraftforge.fml.javafmlmod.AutomaticEventSubscriber/LOADING]: Attempting to inject @EventBusSubscriber classes into the eventbus for nordic_structures
[02Aug2025 00:49:27.386] [modloading-worker-0/DEBUG] [net.minecraftforge.fml.javafmlmod.AutomaticEventSubscriber/LOADING]: Auto-subscribing net.mcreator.nordicstructures.init.NordicStructuresModTabs to MOD
[02Aug2025 00:49:27.386] [modloading-worker-0/DEBUG] [net.minecraftforge.fml.config.ConfigTracker/CONFIG]: Config file forge-client.toml for forge tracking
[02Aug2025 00:49:27.386] [modloading-worker-0/DEBUG] [net.minecraftforge.fml.config.ConfigTracker/CONFIG]: Config file forge-server.toml for forge tracking
[02Aug2025 00:49:27.387] [modloading-worker-0/DEBUG] [net.minecraftforge.fml.ModLoadingContext/]: Attempted to register an empty config for type COMMON on mod forge
[02Aug2025 00:49:27.415] [modloading-worker-0/DEBUG] [net.minecraftforge.fml.javafmlmod.AutomaticEventSubscriber/LOADING]: Attempting to inject @EventBusSubscriber classes into the eventbus for forge
[02Aug2025 00:49:27.416] [modloading-worker-0/DEBUG] [net.minecraftforge.fml.javafmlmod.AutomaticEventSubscriber/LOADING]: Auto-subscribing net.minecraftforge.common.ForgeSpawnEggItem$CommonHandler to MOD
[02Aug2025 00:49:27.477] [modloading-worker-0/DEBUG] [net.minecraftforge.fml.config.ConfigTracker/CONFIG]: Config file endergetic-common.toml for endergetic tracking
[02Aug2025 00:49:27.477] [modloading-worker-0/DEBUG] [net.minecraftforge.fml.javafmlmod.AutomaticEventSubscriber/LOADING]: Attempting to inject @EventBusSubscriber classes into the eventbus for endergetic
[02Aug2025 00:49:27.477] [modloading-worker-0/DEBUG] [net.minecraftforge.fml.javafmlmod.AutomaticEventSubscriber/LOADING]: Auto-subscribing com.teamabnormals.endergetic.core.registry.EESoundEvents to MOD
[02Aug2025 00:49:27.479] [modloading-worker-0/DEBUG] [net.minecraftforge.fml.javafmlmod.AutomaticEventSubscriber/LOADING]: Auto-subscribing com.teamabnormals.endergetic.core.registry.EEItems to MOD
[02Aug2025 00:49:27.480] [modloading-worker-0/DEBUG] [net.minecraftforge.fml.javafmlmod.AutomaticEventSubscriber/LOADING]: Attempting to inject @EventBusSubscriber classes into the eventbus for faded_conquest_2
[02Aug2025 00:49:27.482] [modloading-worker-0/DEBUG] [net.minecraftforge.fml.javafmlmod.AutomaticEventSubscriber/LOADING]: Auto-subscribing net.fadedconquest2.world.dimension.TheMirrorRealmDimension to FORGE
[02Aug2025 00:49:27.483] [modloading-worker-0/DEBUG] [net.minecraftforge.fml.javafmlmod.AutomaticEventSubscriber/LOADING]: Auto-subscribing net.fadedconquest2.world.dimension.TheMirrorRealmDimension$DimensionSpecialEffectsHandler to MOD
[02Aug2025 00:49:27.483] [modloading-worker-0/DEBUG] [net.minecraftforge.fml.javafmlmod.AutomaticEventSubscriber/LOADING]: Auto-subscribing net.fadedconquest2.world.dimension.TheAbyssDimension to FORGE
[02Aug2025 00:49:27.483] [modloading-worker-0/DEBUG] [net.minecraftforge.fml.javafmlmod.AutomaticEventSubscriber/LOADING]: Auto-subscribing net.fadedconquest2.world.dimension.TheAbyssDimension$DimensionSpecialEffectsHandler to MOD
[02Aug2025 00:49:27.484] [modloading-worker-0/DEBUG] [net.minecraftforge.fml.javafmlmod.AutomaticEventSubscriber/LOADING]: Auto-subscribing net.fadedconquest2.procedures.WhirlwindattackProcedure to FORGE
[02Aug2025 00:49:27.485] [modloading-worker-0/DEBUG] [net.minecraftforge.fml.javafmlmod.AutomaticEventSubscriber/LOADING]: Auto-subscribing net.fadedconquest2.procedures.VFXMaiasmaPlayerCollidesWithThisEntityProcedure to FORGE
[02Aug2025 00:49:27.492] [modloading-worker-0/DEBUG] [net.minecraftforge.fml.javafmlmod.AutomaticEventSubscriber/LOADING]: Auto-subscribing net.fadedconquest2.procedures.TerribletenattackProcedure to FORGE
[02Aug2025 00:49:27.494] [modloading-worker-0/DEBUG] [net.minecraftforge.fml.javafmlmod.AutomaticEventSubscriber/LOADING]: Auto-subscribing net.fadedconquest2.procedures.SpikedmgProcedure to FORGE
[02Aug2025 00:49:27.494] [modloading-worker-0/DEBUG] [net.minecraftforge.fml.javafmlmod.AutomaticEventSubscriber/LOADING]: Auto-subscribing net.fadedconquest2.procedures.RgattackProcedure to FORGE
[02Aug2025 00:49:27.499] [modloading-worker-0/DEBUG] [net.minecraftforge.fml.javafmlmod.AutomaticEventSubscriber/LOADING]: Auto-subscribing net.fadedconquest2.procedures.PbattackProcedure to FORGE
[02Aug2025 00:49:27.500] [modloading-worker-0/DEBUG] [net.minecraftforge.fml.javafmlmod.AutomaticEventSubscriber/LOADING]: Auto-subscribing net.fadedconquest2.procedures.Pb2attackProcedure to FORGE
[02Aug2025 00:49:27.501] [modloading-worker-0/DEBUG] [net.minecraftforge.fml.javafmlmod.AutomaticEventSubscriber/LOADING]: Auto-subscribing net.fadedconquest2.procedures.MirrorealmfallProcedure to FORGE
[02Aug2025 00:49:27.505] [modloading-worker-0/DEBUG] [net.minecraftforge.fml.javafmlmod.AutomaticEventSubscriber/LOADING]: Auto-subscribing net.fadedconquest2.procedures.Lichattk2Procedure to FORGE
[02Aug2025 00:49:27.506] [modloading-worker-0/DEBUG] [net.minecraftforge.fml.javafmlmod.AutomaticEventSubscriber/LOADING]: Auto-subscribing net.fadedconquest2.procedures.LichattackProcedure to FORGE
[02Aug2025 00:49:27.509] [modloading-worker-0/DEBUG] [net.minecraftforge.fml.javafmlmod.AutomaticEventSubscriber/LOADING]: Auto-subscribing net.fadedconquest2.procedures.GodslayerobtainProcedure to FORGE
[02Aug2025 00:49:27.510] [modloading-worker-0/DEBUG] [net.minecraftforge.fml.javafmlmod.AutomaticEventSubscriber/LOADING]: Auto-subscribing net.fadedconquest2.procedures.FcattackProcedure to FORGE
[02Aug2025 00:49:27.514] [modloading-worker-0/DEBUG] [net.minecraftforge.fml.javafmlmod.AutomaticEventSubscriber/LOADING]: Auto-subscribing net.fadedconquest2.procedures.Fc2attackProcedure to FORGE
[02Aug2025 00:49:27.516] [modloading-worker-0/DEBUG] [net.minecraftforge.fml.javafmlmod.AutomaticEventSubscriber/LOADING]: Auto-subscribing net.fadedconquest2.procedures.CalamityvesselattkProcedure to FORGE
[02Aug2025 00:49:27.519] [modloading-worker-0/DEBUG] [net.minecraftforge.fml.javafmlmod.AutomaticEventSubscriber/LOADING]: Auto-subscribing net.fadedconquest2.procedures.AgattackProcedure to FORGE
[02Aug2025 00:49:27.520] [modloading-worker-0/DEBUG] [net.minecraftforge.fml.javafmlmod.AutomaticEventSubscriber/LOADING]: Auto-subscribing net.fadedconquest2.init.FadedConquest2ModTabs to MOD
[02Aug2025 00:49:27.520] [modloading-worker-0/DEBUG] [net.minecraftforge.fml.javafmlmod.AutomaticEventSubscriber/LOADING]: Auto-subscribing net.fadedconquest2.init.FadedConquest2ModEntities to MOD
[02Aug2025 00:49:27.519] [modloading-worker-0/INFO] [com.teamdurt.netherdungeons.NetherDungeons/]: Nether Dungeons mod init finished.
[02Aug2025 00:49:27.521] [modloading-worker-0/DEBUG] [net.minecraftforge.fml.javafmlmod.AutomaticEventSubscriber/LOADING]: Attempting to inject @EventBusSubscriber classes into the eventbus for netherdungeons
[02Aug2025 00:49:27.522] [modloading-worker-0/DEBUG] [net.minecraftforge.fml.javafmlmod.AutomaticEventSubscriber/LOADING]: Auto-subscribing com.teamdurt.netherdungeons.init.NDCreativeModeTab to MOD
[02Aug2025 00:49:27.522] [modloading-worker-0/DEBUG] [net.minecraftforge.fml.javafmlmod.AutomaticEventSubscriber/LOADING]: Auto-subscribing com.teamdurt.netherdungeons.event.NDEventsHandler to FORGE
[02Aug2025 00:49:27.522] [modloading-worker-0/DEBUG] [net.minecraftforge.fml.javafmlmod.AutomaticEventSubscriber/LOADING]: Auto-subscribing net.fadedconquest2.init.EntityAnimationFactory to FORGE
[02Aug2025 00:49:27.523] [modloading-worker-0/DEBUG] [net.minecraftforge.fml.javafmlmod.AutomaticEventSubscriber/LOADING]: Auto-subscribing net.fadedconquest2.block.listener.ClientListener to MOD
[02Aug2025 00:49:27.526] [modloading-worker-0/DEBUG] [net.minecraftforge.fml.javafmlmod.AutomaticEventSubscriber/LOADING]: Auto-subscribing net.fadedconquest2.FadedConquest2Mod$initer to MOD
[02Aug2025 00:49:27.523] [modloading-worker-0/DEBUG] [net.minecraftforge.fml.javafmlmod.AutomaticEventSubscriber/LOADING]: Auto-subscribing com.teamdurt.netherdungeons.event.NDEventBusEvents to MOD
[02Aug2025 00:49:27.527] [modloading-worker-0/DEBUG] [net.minecraftforge.fml.javafmlmod.AutomaticEventSubscriber/LOADING]: Auto-subscribing com.teamdurt.netherdungeons.datagen.DataGenerators to MOD
[02Aug2025 00:49:27.528] [modloading-worker-0/DEBUG] [net.minecraftforge.fml.javafmlmod.AutomaticEventSubscriber/LOADING]: Auto-subscribing com.teamdurt.netherdungeons.NetherDungeons$ClientModeEvents to MOD
[02Aug2025 00:49:27.528] [modloading-worker-0/DEBUG] [net.minecraftforge.fml.javafmlmod.AutomaticEventSubscriber/LOADING]: Attempting to inject @EventBusSubscriber classes into the eventbus for taxcp
[02Aug2025 00:49:27.534] [modloading-worker-0/DEBUG] [net.minecraftforge.fml.config.ConfigTracker/CONFIG]: Config file endrem.toml for endrem tracking
[02Aug2025 00:49:27.541] [modloading-worker-0/DEBUG] [net.minecraftforge.fml.javafmlmod.AutomaticEventSubscriber/LOADING]: Attempting to inject @EventBusSubscriber classes into the eventbus for jade
[02Aug2025 00:49:27.557] [modloading-worker-0/DEBUG] [net.minecraftforge.fml.javafmlmod.AutomaticEventSubscriber/LOADING]: Attempting to inject @EventBusSubscriber classes into the eventbus for endrem
[02Aug2025 00:49:27.559] [modloading-worker-0/DEBUG] [net.minecraftforge.fml.javafmlmod.AutomaticEventSubscriber/LOADING]: Auto-subscribing com.teamremastered.endrem.registers.RegisterHandler to MOD
[02Aug2025 00:49:27.560] [modloading-worker-0/DEBUG] [net.minecraftforge.fml.javafmlmod.AutomaticEventSubscriber/LOADING]: Auto-subscribing com.teamremastered.endrem.events.ModEvents to FORGE
[02Aug2025 00:49:27.561] [modloading-worker-0/DEBUG] [net.minecraftforge.fml.javafmlmod.AutomaticEventSubscriber/LOADING]: Attempting to inject @EventBusSubscriber classes into the eventbus for hoporp
[02Aug2025 00:49:27.572] [modloading-worker-0/DEBUG] [net.minecraftforge.fml.javafmlmod.AutomaticEventSubscriber/LOADING]: Attempting to inject @EventBusSubscriber classes into the eventbus for dungeons_plus
[02Aug2025 00:49:27.574] [modloading-worker-0/DEBUG] [net.minecraftforge.fml.javafmlmod.AutomaticEventSubscriber/LOADING]: Auto-subscribing net.mcreator.dungeonsplus.procedures.StrengthProcedure to FORGE
[02Aug2025 00:49:27.575] [modloading-worker-0/DEBUG] [net.minecraftforge.fml.javafmlmod.AutomaticEventSubscriber/LOADING]: Auto-subscribing net.mcreator.dungeonsplus.procedures.SpeedProcedure to FORGE
[02Aug2025 00:49:27.580] [modloading-worker-0/DEBUG] [net.minecraftforge.fml.javafmlmod.AutomaticEventSubscriber/LOADING]: Auto-subscribing net.mcreator.dungeonsplus.init.DungeonsPlusModTabs to MOD
[02Aug2025 00:49:27.580] [modloading-worker-0/DEBUG] [net.minecraftforge.fml.javafmlmod.AutomaticEventSubscriber/LOADING]: Attempting to inject @EventBusSubscriber classes into the eventbus for bfendcities
[02Aug2025 00:49:27.581] [modloading-worker-0/DEBUG] [net.minecraftforge.fml.javafmlmod.AutomaticEventSubscriber/LOADING]: Attempting to inject @EventBusSubscriber classes into the eventbus for cleanswing
[02Aug2025 00:49:27.583] [modloading-worker-0/DEBUG] [net.minecraftforge.fml.javafmlmod.AutomaticEventSubscriber/LOADING]: Attempting to inject @EventBusSubscriber classes into the eventbus for lionfishapi
[02Aug2025 00:49:27.586] [modloading-worker-0/DEBUG] [net.minecraftforge.fml.javafmlmod.AutomaticEventSubscriber/LOADING]: Auto-subscribing com.github.L_Ender.lionfishapi.server.entity.ModEntities to MOD
[02Aug2025 00:49:27.587] [modloading-worker-0/DEBUG] [net.minecraftforge.fml.javafmlmod.AutomaticEventSubscriber/LOADING]: Auto-subscribing com.github.L_Ender.lionfishapi.LionfishAPI to FORGE
[02Aug2025 00:49:27.587] [modloading-worker-0/DEBUG] [net.minecraftforge.fml.javafmlmod.AutomaticEventSubscriber/LOADING]: Auto-subscribing com.github.L_Ender.lionfishapi.CommonProxy to MOD
[02Aug2025 00:49:27.601] [modloading-worker-0/DEBUG] [net.minecraftforge.fml.javafmlmod.AutomaticEventSubscriber/LOADING]: Attempting to inject @EventBusSubscriber classes into the eventbus for sons_of_sins
[02Aug2025 00:49:27.601] [modloading-worker-0/DEBUG] [net.minecraftforge.fml.javafmlmod.AutomaticEventSubscriber/LOADING]: Auto-subscribing net.mcreator.sonsofsins.procedures.WhenEntityDieProcedure to FORGE
[02Aug2025 00:49:27.602] [modloading-worker-0/DEBUG] [net.minecraftforge.fml.javafmlmod.AutomaticEventSubscriber/LOADING]: Auto-subscribing net.mcreator.sonsofsins.procedures.WhenEntityDie2Procedure to FORGE
[02Aug2025 00:49:27.604] [modloading-worker-0/DEBUG] [net.minecraftforge.fml.javafmlmod.AutomaticEventSubscriber/LOADING]: Auto-subscribing net.mcreator.sonsofsins.procedures.ShapeShiftingToolsBreakProcedure to FORGE
[02Aug2025 00:49:27.605] [modloading-worker-0/DEBUG] [net.minecraftforge.fml.javafmlmod.AutomaticEventSubscriber/LOADING]: Auto-subscribing net.mcreator.sonsofsins.procedures.ShapeShiftingToolChangeProcedure to FORGE
[02Aug2025 00:49:27.610] [modloading-worker-0/DEBUG] [net.minecraftforge.fml.javafmlmod.AutomaticEventSubscriber/LOADING]: Auto-subscribing net.mcreator.sonsofsins.procedures.NReach to FORGE
[02Aug2025 00:49:27.611] [modloading-worker-0/DEBUG] [net.minecraftforge.fml.javafmlmod.AutomaticEventSubscriber/LOADING]: Auto-subscribing net.mcreator.sonsofsins.procedures.InstinctHurtProcedure to FORGE
[02Aug2025 00:49:27.613] [modloading-worker-0/DEBUG] [net.minecraftforge.fml.javafmlmod.AutomaticEventSubscriber/LOADING]: Auto-subscribing net.mcreator.sonsofsins.procedures.DamageCancelPuppetProcedure to FORGE
[02Aug2025 00:49:27.615] [modloading-worker-0/DEBUG] [net.minecraftforge.fml.javafmlmod.AutomaticEventSubscriber/LOADING]: Auto-subscribing net.mcreator.sonsofsins.procedures.CreeperRibsThunderingProcedure to FORGE
[02Aug2025 00:49:27.620] [modloading-worker-0/DEBUG] [net.minecraftforge.fml.javafmlmod.AutomaticEventSubscriber/LOADING]: Auto-subscribing net.mcreator.sonsofsins.procedures.CancelJumpGreedProcedure to FORGE
[02Aug2025 00:49:27.620] [modloading-worker-0/DEBUG] [net.minecraftforge.fml.javafmlmod.AutomaticEventSubscriber/LOADING]: Auto-subscribing net.mcreator.sonsofsins.init.SonsOfSinsModTabs to MOD
[02Aug2025 00:49:27.621] [modloading-worker-0/DEBUG] [net.minecraftforge.fml.javafmlmod.AutomaticEventSubscriber/LOADING]: Auto-subscribing net.mcreator.sonsofsins.init.SonsOfSinsModRecipeTypes to MOD
[02Aug2025 00:49:27.621] [modloading-worker-0/DEBUG] [net.minecraftforge.fml.javafmlmod.AutomaticEventSubscriber/LOADING]: Auto-subscribing net.mcreator.sonsofsins.init.SonsOfSinsModGameRules to MOD
[02Aug2025 00:49:27.637] [modloading-worker-0/DEBUG] [net.minecraftforge.fml.javafmlmod.AutomaticEventSubscriber/LOADING]: Auto-subscribing net.mcreator.sonsofsins.init.SonsOfSinsModFuels to FORGE
[02Aug2025 00:49:27.641] [modloading-worker-0/DEBUG] [net.minecraftforge.fml.javafmlmod.AutomaticEventSubscriber/LOADING]: Auto-subscribing net.mcreator.sonsofsins.init.SonsOfSinsModEntities to MOD
[02Aug2025 00:49:27.675] [modloading-worker-0/DEBUG] [net.minecraftforge.fml.config.ConfigTracker/CONFIG]: Config file dungeons_enhanced-common.toml for dungeons_enhanced tracking
[02Aug2025 00:49:27.690] [modloading-worker-0/DEBUG] [net.minecraftforge.fml.javafmlmod.AutomaticEventSubscriber/LOADING]: Attempting to inject @EventBusSubscriber classes into the eventbus for dungeons_enhanced
[02Aug2025 00:49:27.691] [modloading-worker-0/DEBUG] [net.minecraftforge.fml.javafmlmod.AutomaticEventSubscriber/LOADING]: Auto-subscribing com.barion.dungeons_enhanced.event.DEModEvents to MOD
[02Aug2025 00:49:27.692] [modloading-worker-0/DEBUG] [net.minecraftforge.fml.javafmlmod.AutomaticEventSubscriber/LOADING]: Auto-subscribing com.barion.dungeons_enhanced.event.DEGameEvents to FORGE
[02Aug2025 00:49:27.722] [modloading-worker-0/DEBUG] [net.minecraftforge.fml.javafmlmod.AutomaticEventSubscriber/LOADING]: Auto-subscribing com.teamabnormals.endergetic.core.registry.EEEntityTypes to MOD
[02Aug2025 00:49:27.727] [modloading-worker-0/DEBUG] [net.minecraftforge.fml.javafmlmod.AutomaticEventSubscriber/LOADING]: Auto-subscribing com.teamabnormals.endergetic.core.registry.EEBlocks to MOD
[02Aug2025 00:49:27.727] [modloading-worker-0/DEBUG] [net.minecraftforge.fml.javafmlmod.AutomaticEventSubscriber/LOADING]: Auto-subscribing com.teamabnormals.endergetic.core.registry.EEBlockEntityTypes to MOD
[02Aug2025 00:49:27.727] [modloading-worker-0/DEBUG] [net.minecraftforge.fml.javafmlmod.AutomaticEventSubscriber/LOADING]: Attempting to inject @EventBusSubscriber classes into the eventbus for geckolib
[02Aug2025 00:49:27.728] [modloading-worker-0/DEBUG] [net.minecraftforge.fml.javafmlmod.AutomaticEventSubscriber/LOADING]: Auto-subscribing software.bernie.example.GeckoLibMod to FORGE
[02Aug2025 00:49:27.728] [modloading-worker-0/DEBUG] [net.minecraftforge.fml.javafmlmod.AutomaticEventSubscriber/LOADING]: Auto-subscribing software.bernie.example.CommonListener to MOD
[02Aug2025 00:49:27.742] [modloading-worker-0/DEBUG] [net.minecraftforge.fml.javafmlmod.AutomaticEventSubscriber/LOADING]: Auto-subscribing com.teamabnormals.endergetic.core.registry.builtin.EEBiomes to MOD
[02Aug2025 00:49:27.743] [modloading-worker-0/DEBUG] [net.minecraftforge.fml.javafmlmod.AutomaticEventSubscriber/LOADING]: Auto-subscribing com.teamabnormals.endergetic.core.other.EEPlayableEndimations to MOD
[02Aug2025 00:49:27.746] [modloading-worker-0/DEBUG] [net.minecraftforge.fml.config.ConfigTracker/CONFIG]: Config file cataclysm.toml for cataclysm tracking
[02Aug2025 00:49:27.751] [modloading-worker-0/DEBUG] [net.minecraftforge.fml.javafmlmod.AutomaticEventSubscriber/LOADING]: Auto-subscribing com.teamabnormals.endergetic.core.other.EEEvents to FORGE
[02Aug2025 00:49:27.764] [modloading-worker-0/DEBUG] [net.minecraftforge.fml.javafmlmod.AutomaticEventSubscriber/LOADING]: Auto-subscribing com.teamabnormals.endergetic.common.advancement.EECriteriaTriggers to FORGE
[02Aug2025 00:49:27.772] [modloading-worker-0/DEBUG] [net.minecraftforge.fml.javafmlmod.AutomaticEventSubscriber/LOADING]: Attempting to inject @EventBusSubscriber classes into the eventbus for cnb
[02Aug2025 00:49:27.773] [modloading-worker-0/DEBUG] [net.minecraftforge.fml.javafmlmod.AutomaticEventSubscriber/LOADING]: Auto-subscribing com.cgessinger.creaturesandbeasts.init.CNBParticleTypes to MOD
[02Aug2025 00:49:27.773] [modloading-worker-0/DEBUG] [net.minecraftforge.fml.javafmlmod.AutomaticEventSubscriber/LOADING]: Auto-subscribing com.cgessinger.creaturesandbeasts.events.CNBEvents to MOD
[02Aug2025 00:49:27.788] [modloading-worker-0/DEBUG] [net.minecraftforge.fml.config.ConfigTracker/CONFIG]: Config file curios-client.toml for curios tracking
[02Aug2025 00:49:27.789] [modloading-worker-0/DEBUG] [net.minecraftforge.fml.config.ConfigTracker/CONFIG]: Config file curios-common.toml for curios tracking
[02Aug2025 00:49:27.790] [modloading-worker-0/DEBUG] [net.minecraftforge.fml.config.ConfigTracker/CONFIG]: Config file curios-server.toml for curios tracking
[02Aug2025 00:49:27.790] [modloading-worker-0/DEBUG] [net.minecraftforge.fml.javafmlmod.AutomaticEventSubscriber/LOADING]: Attempting to inject @EventBusSubscriber classes into the eventbus for curios
[02Aug2025 00:49:27.798] [modloading-worker-0/INFO] [Collective/]: Loading Collective version 7.56.
[02Aug2025 00:49:27.806] [modloading-worker-0/DEBUG] [net.minecraftforge.fml.javafmlmod.AutomaticEventSubscriber/LOADING]: Attempting to inject @EventBusSubscriber classes into the eventbus for mes
[02Aug2025 00:49:27.807] [modloading-worker-0/DEBUG] [net.minecraftforge.fml.config.ConfigTracker/CONFIG]: Config file tcrm-client.toml for tcrm tracking
[02Aug2025 00:49:27.807] [modloading-worker-0/DEBUG] [net.minecraftforge.fml.config.ConfigTracker/CONFIG]: Config file tcrm-server.toml for tcrm tracking
[02Aug2025 00:49:27.808] [modloading-worker-0/DEBUG] [net.minecraftforge.fml.javafmlmod.AutomaticEventSubscriber/LOADING]: Attempting to inject @EventBusSubscriber classes into the eventbus for tcrm
[02Aug2025 00:49:27.812] [modloading-worker-0/DEBUG] [net.minecraftforge.fml.javafmlmod.AutomaticEventSubscriber/LOADING]: Attempting to inject @EventBusSubscriber classes into the eventbus for cerbons_api
[02Aug2025 00:49:27.812] [modloading-worker-0/DEBUG] [net.minecraftforge.fml.javafmlmod.AutomaticEventSubscriber/LOADING]: Auto-subscribing com.cerbon.cerbons_api.event.ForgeEvents to FORGE
[02Aug2025 00:49:27.813] [modloading-worker-0/DEBUG] [net.minecraftforge.fml.javafmlmod.AutomaticEventSubscriber/LOADING]: Auto-subscribing com.cerbon.cerbons_api.event.CerbonsApiCommonEvents to MOD
[02Aug2025 00:49:27.875] [modloading-worker-0/DEBUG] [net.minecraftforge.fml.javafmlmod.AutomaticEventSubscriber/LOADING]: Attempting to inject @EventBusSubscriber classes into the eventbus for collective
[02Aug2025 00:49:27.875] [modloading-worker-0/DEBUG] [net.minecraftforge.fml.javafmlmod.AutomaticEventSubscriber/LOADING]: Auto-subscribing com.natamus.collective.forge.events.RegisterCollectiveForgeEvents to FORGE
[02Aug2025 00:49:27.876] [modloading-worker-0/DEBUG] [net.minecraftforge.fml.javafmlmod.AutomaticEventSubscriber/LOADING]: Attempting to inject @EventBusSubscriber classes into the eventbus for inventoryhud
[02Aug2025 00:49:27.931] [modloading-worker-0/DEBUG] [net.minecraftforge.fml.config.ConfigTracker/CONFIG]: Config file legendary_monsters-common.toml for legendary_monsters tracking
[02Aug2025 00:49:27.931] [modloading-worker-0/DEBUG] [net.minecraftforge.fml.javafmlmod.AutomaticEventSubscriber/LOADING]: Attempting to inject @EventBusSubscriber classes into the eventbus for legendary_monsters
[02Aug2025 00:49:27.931] [modloading-worker-0/DEBUG] [net.minecraftforge.fml.javafmlmod.AutomaticEventSubscriber/LOADING]: Auto-subscribing net.miauczel.legendary_monsters.item.custom.WitheredRibcageItem to FORGE
[02Aug2025 00:49:27.935] [modloading-worker-0/DEBUG] [net.minecraftforge.fml.config.ConfigTracker/CONFIG]: Config file tombstone-client.toml for tombstone tracking
[02Aug2025 00:49:27.935] [modloading-worker-0/DEBUG] [net.minecraftforge.fml.config.ConfigTracker/CONFIG]: Config file tombstone-common.toml for tombstone tracking
[02Aug2025 00:49:27.936] [modloading-worker-0/DEBUG] [net.minecraftforge.fml.javafmlmod.AutomaticEventSubscriber/LOADING]: Auto-subscribing net.miauczel.legendary_monsters.item.custom.ShulkerShieldHurtEvent to FORGE
[02Aug2025 00:49:27.939] [modloading-worker-0/DEBUG] [net.minecraftforge.fml.javafmlmod.AutomaticEventSubscriber/LOADING]: Auto-subscribing net.miauczel.legendary_monsters.item.custom.ShulkerHelmetItem to FORGE
[02Aug2025 00:49:27.942] [modloading-worker-0/DEBUG] [net.minecraftforge.fml.javafmlmod.AutomaticEventSubscriber/LOADING]: Auto-subscribing net.miauczel.legendary_monsters.item.custom.MossyChestplateItem to FORGE
[02Aug2025 00:49:27.947] [modloading-worker-0/DEBUG] [net.minecraftforge.fml.config.ConfigTracker/CONFIG]: Config file tombstone-server.toml for tombstone tracking
[02Aug2025 00:49:27.948] [modloading-worker-0/DEBUG] [net.minecraftforge.fml.javafmlmod.AutomaticEventSubscriber/LOADING]: Auto-subscribing net.miauczel.legendary_monsters.item.custom.FrostbittenShieldHurtEvent to FORGE
[02Aug2025 00:49:27.952] [modloading-worker-0/DEBUG] [net.minecraftforge.fml.javafmlmod.AutomaticEventSubscriber/LOADING]: Auto-subscribing net.miauczel.legendary_monsters.item.custom.FieryJawEventHandler to FORGE
[02Aug2025 00:49:27.952] [modloading-worker-0/DEBUG] [net.minecraftforge.fml.javafmlmod.AutomaticEventSubscriber/LOADING]: Attempting to inject @EventBusSubscriber classes into the eventbus for tombstone
[02Aug2025 00:49:27.952] [modloading-worker-0/DEBUG] [net.minecraftforge.fml.javafmlmod.AutomaticEventSubscriber/LOADING]: Auto-subscribing ovh.corail.tombstone.registry.Registration to MOD
[02Aug2025 00:49:27.953] [modloading-worker-0/DEBUG] [net.minecraftforge.fml.javafmlmod.AutomaticEventSubscriber/LOADING]: Auto-subscribing net.miauczel.legendary_monsters.item.custom.DinosaurBoneHelmet to FORGE
[02Aug2025 00:49:27.953] [modloading-worker-0/DEBUG] [net.minecraftforge.fml.javafmlmod.AutomaticEventSubscriber/LOADING]: Auto-subscribing net.miauczel.legendary_monsters.item.custom.CustomItemEvents.WitheredScytheDropGoldEventHandler to FORGE
[02Aug2025 00:49:27.955] [modloading-worker-0/DEBUG] [net.minecraftforge.fml.javafmlmod.AutomaticEventSubscriber/LOADING]: Auto-subscribing ovh.corail.tombstone.perk.PerkRegistry to MOD
[02Aug2025 00:49:27.955] [modloading-worker-0/DEBUG] [net.minecraftforge.fml.javafmlmod.AutomaticEventSubscriber/LOADING]: Auto-subscribing net.miauczel.legendary_monsters.item.custom.CustomItemEvents.WitheredScytheAttackedEvent to FORGE
[02Aug2025 00:49:27.958] [modloading-worker-0/DEBUG] [net.minecraftforge.fml.javafmlmod.AutomaticEventSubscriber/LOADING]: Auto-subscribing net.miauczel.legendary_monsters.item.custom.CustomItemEvents.WitheredRibcageHurt to FORGE
[02Aug2025 00:49:27.958] [modloading-worker-0/DEBUG] [net.minecraftforge.fml.javafmlmod.AutomaticEventSubscriber/LOADING]: Auto-subscribing ovh.corail.tombstone.helper.LootHelper to FORGE
[02Aug2025 00:49:27.963] [modloading-worker-0/DEBUG] [net.minecraftforge.fml.javafmlmod.AutomaticEventSubscriber/LOADING]: Auto-subscribing net.miauczel.legendary_monsters.item.custom.CustomItemEvents.WandOfCloudsRightClickEvent to FORGE
[02Aug2025 00:49:27.964] [modloading-worker-0/DEBUG] [net.minecraftforge.fml.javafmlmod.AutomaticEventSubscriber/LOADING]: Auto-subscribing net.miauczel.legendary_monsters.item.custom.CustomItemEvents.WandOfCloudsRightClickEffect to FORGE
[02Aug2025 00:49:27.967] [modloading-worker-0/DEBUG] [net.minecraftforge.fml.javafmlmod.AutomaticEventSubscriber/LOADING]: Auto-subscribing net.miauczel.legendary_monsters.item.custom.CustomItemEvents.TheGreatFrostAttackedEvent to FORGE
[02Aug2025 00:49:27.968] [modloading-worker-0/DEBUG] [net.minecraftforge.fml.javafmlmod.AutomaticEventSubscriber/LOADING]: Auto-subscribing net.miauczel.legendary_monsters.item.custom.CustomItemEvents.SpikyShieldEvent to FORGE
[02Aug2025 00:49:27.968] [modloading-worker-0/DEBUG] [net.minecraftforge.fml.javafmlmod.AutomaticEventSubscriber/LOADING]: Auto-subscribing net.miauczel.legendary_monsters.item.custom.CustomItemEvents.SoulGreatSwordEventHandler to FORGE
[02Aug2025 00:49:27.969] [modloading-worker-0/DEBUG] [net.minecraftforge.fml.javafmlmod.AutomaticEventSubscriber/LOADING]: Auto-subscribing net.miauczel.legendary_monsters.item.custom.CustomItemEvents.SharpSaiAttackedEvent to FORGE
[02Aug2025 00:49:27.973] [modloading-worker-0/DEBUG] [net.minecraftforge.fml.javafmlmod.AutomaticEventSubscriber/LOADING]: Auto-subscribing net.miauczel.legendary_monsters.item.custom.CustomItemEvents.SharpAxeAttackedEvent to FORGE
[02Aug2025 00:49:27.975] [modloading-worker-0/DEBUG] [net.minecraftforge.fml.javafmlmod.AutomaticEventSubscriber/LOADING]: Auto-subscribing net.miauczel.legendary_monsters.item.custom.CustomItemEvents.GoldenHalbertAttackEventHandler to FORGE
[02Aug2025 00:49:27.977] [modloading-worker-0/DEBUG] [net.minecraftforge.fml.javafmlmod.AutomaticEventSubscriber/LOADING]: Auto-subscribing net.miauczel.legendary_monsters.item.custom.CustomItemEvents.DinosaurBoneClubEventHandler to FORGE
[02Aug2025 00:49:27.980] [modloading-worker-0/DEBUG] [net.minecraftforge.fml.javafmlmod.AutomaticEventSubscriber/LOADING]: Auto-subscribing net.miauczel.legendary_monsters.item.custom.CustomItemEvents.ChorusBladeAttackedEvent to FORGE
[02Aug2025 00:49:27.982] [modloading-worker-0/DEBUG] [net.minecraftforge.fml.javafmlmod.AutomaticEventSubscriber/LOADING]: Auto-subscribing net.miauczel.legendary_monsters.item.custom.CustomItemEvents.AxeOfLightningEventHandler to FORGE
[02Aug2025 00:49:27.986] [modloading-worker-0/DEBUG] [net.minecraftforge.fml.javafmlmod.AutomaticEventSubscriber/LOADING]: Auto-subscribing net.miauczel.legendary_monsters.item.custom.ChorusHelmetItem to FORGE
[02Aug2025 00:49:27.986] [modloading-worker-0/DEBUG] [net.minecraftforge.fml.javafmlmod.AutomaticEventSubscriber/LOADING]: Auto-subscribing net.miauczel.legendary_monsters.item.custom.BlastProofHelmet to FORGE
[02Aug2025 00:49:27.987] [modloading-worker-0/DEBUG] [net.minecraftforge.fml.javafmlmod.AutomaticEventSubscriber/LOADING]: Auto-subscribing net.miauczel.legendary_monsters.item.custom.AtmosphericBootsItem to FORGE
[02Aug2025 00:49:27.987] [modloading-worker-0/DEBUG] [net.minecraftforge.fml.javafmlmod.AutomaticEventSubscriber/LOADING]: Auto-subscribing net.miauczel.legendary_monsters.item.ShieldEventHandler to FORGE
[02Aug2025 00:49:27.989] [modloading-worker-0/DEBUG] [net.minecraftforge.fml.javafmlmod.AutomaticEventSubscriber/LOADING]: Auto-subscribing net.miauczel.legendary_monsters.event.WitheredAbominationAttackedEvent to FORGE
[02Aug2025 00:49:27.991] [modloading-worker-0/DEBUG] [net.minecraftforge.fml.javafmlmod.AutomaticEventSubscriber/LOADING]: Auto-subscribing net.miauczel.legendary_monsters.event.ModEventBusEvents to MOD
[02Aug2025 00:49:28.007] [modloading-worker-0/DEBUG] [net.minecraftforge.fml.javafmlmod.AutomaticEventSubscriber/LOADING]: Auto-subscribing ovh.corail.tombstone.event.EventHandler to FORGE
[02Aug2025 00:49:28.010] [modloading-worker-0/DEBUG] [net.minecraftforge.fml.javafmlmod.AutomaticEventSubscriber/LOADING]: Auto-subscribing net.miauczel.legendary_monsters.event.ModEventBusClientEvents to MOD
[02Aug2025 00:49:28.028] [modloading-worker-0/DEBUG] [net.minecraftforge.fml.javafmlmod.AutomaticEventSubscriber/LOADING]: Auto-subscribing net.miauczel.legendary_monsters.event.AmbusherDiesEvent to FORGE
[02Aug2025 00:49:28.029] [modloading-worker-0/DEBUG] [net.minecraftforge.fml.javafmlmod.AutomaticEventSubscriber/LOADING]: Auto-subscribing net.miauczel.legendary_monsters.entity.custom.event.DuneSentinelDrops to FORGE
[02Aug2025 00:49:28.033] [modloading-worker-0/DEBUG] [net.minecraftforge.fml.javafmlmod.AutomaticEventSubscriber/LOADING]: Auto-subscribing net.miauczel.legendary_monsters.entity.custom.event.CloudGolemDrops to FORGE
[02Aug2025 00:49:28.034] [modloading-worker-0/DEBUG] [net.minecraftforge.fml.javafmlmod.AutomaticEventSubscriber/LOADING]: Auto-subscribing net.miauczel.legendary_monsters.entity.custom.ModArmorItem to FORGE
[02Aug2025 00:49:28.035] [modloading-worker-0/DEBUG] [net.minecraftforge.fml.javafmlmod.AutomaticEventSubscriber/LOADING]: Auto-subscribing net.miauczel.legendary_monsters.entity.custom.EntityTypes.MathHelper to MOD
[02Aug2025 00:49:28.039] [modloading-worker-0/DEBUG] [net.minecraftforge.fml.javafmlmod.AutomaticEventSubscriber/LOADING]: Auto-subscribing net.miauczel.legendary_monsters.entity.custom.EntityTypes.LockAngle to MOD
[02Aug2025 00:49:28.039] [modloading-worker-0/DEBUG] [net.minecraftforge.fml.javafmlmod.AutomaticEventSubscriber/LOADING]: Auto-subscribing net.miauczel.legendary_monsters.entity.ai.PosessedPaladinAttackGoal to FORGE
[02Aug2025 00:49:28.042] [modloading-worker-0/DEBUG] [net.minecraftforge.fml.javafmlmod.AutomaticEventSubscriber/LOADING]: Auto-subscribing net.miauczel.legendary_monsters.entity.ai.MossyGolemAttackGoal to FORGE
[02Aug2025 00:49:28.043] [modloading-worker-0/DEBUG] [net.minecraftforge.fml.javafmlmod.AutomaticEventSubscriber/LOADING]: Auto-subscribing net.miauczel.legendary_monsters.entity.ai.LivingArmorAttackGoal to FORGE
[02Aug2025 00:49:28.044] [modloading-worker-0/DEBUG] [net.minecraftforge.fml.javafmlmod.AutomaticEventSubscriber/LOADING]: Auto-subscribing net.miauczel.legendary_monsters.entity.ai.HauntedGuardAttackGoal to FORGE
[02Aug2025 00:49:28.046] [modloading-worker-0/DEBUG] [net.minecraftforge.fml.javafmlmod.AutomaticEventSubscriber/LOADING]: Auto-subscribing net.miauczel.legendary_monsters.entity.ai.FLivingArmorAttackGoal to FORGE
[02Aug2025 00:49:28.047] [modloading-worker-0/DEBUG] [net.minecraftforge.fml.javafmlmod.AutomaticEventSubscriber/LOADING]: Auto-subscribing net.miauczel.legendary_monsters.entity.ai.FHauntedKnightAttackGoal to FORGE
[02Aug2025 00:49:28.048] [modloading-worker-0/DEBUG] [net.minecraftforge.fml.javafmlmod.AutomaticEventSubscriber/LOADING]: Auto-subscribing net.miauczel.legendary_monsters.entity.ai.AncientGuardianHurtEvent to FORGE
[02Aug2025 00:49:28.049] [modloading-worker-0/DEBUG] [net.minecraftforge.fml.javafmlmod.AutomaticEventSubscriber/LOADING]: Auto-subscribing net.miauczel.legendary_monsters.entity.ai.AmbusherHurtEvent to FORGE
[02Aug2025 00:49:28.052] [modloading-worker-0/DEBUG] [net.minecraftforge.fml.javafmlmod.AutomaticEventSubscriber/LOADING]: Auto-subscribing net.miauczel.legendary_monsters.entity.ai.AmbusherAttackGoal to FORGE
[02Aug2025 00:49:28.056] [modloading-worker-0/DEBUG] [net.minecraftforge.fml.javafmlmod.AutomaticEventSubscriber/LOADING]: Auto-subscribing net.miauczel.legendary_monsters.effect.StunJumpRemover to FORGE
[02Aug2025 00:49:28.058] [modloading-worker-0/DEBUG] [net.minecraftforge.fml.javafmlmod.AutomaticEventSubscriber/LOADING]: Auto-subscribing net.miauczel.legendary_monsters.datagen.DataGenerators to MOD
[02Aug2025 00:49:28.059] [modloading-worker-0/DEBUG] [net.minecraftforge.fml.javafmlmod.AutomaticEventSubscriber/LOADING]: Auto-subscribing net.miauczel.legendary_monsters.CommonProxy to MOD
[02Aug2025 00:49:28.064] [modloading-worker-0/DEBUG] [net.minecraftforge.fml.javafmlmod.AutomaticEventSubscriber/LOADING]: Auto-subscribing ovh.corail.tombstone.config.ConfigTombstone$ConfigEvent to MOD
[02Aug2025 00:49:28.065] [modloading-worker-0/DEBUG] [net.minecraftforge.fml.config.ConfigTracker/CONFIG]: Config file tlc.toml for tlc tracking
[02Aug2025 00:49:28.066] [modloading-worker-0/DEBUG] [net.minecraftforge.fml.javafmlmod.AutomaticEventSubscriber/LOADING]: Attempting to inject @EventBusSubscriber classes into the eventbus for tlc
[02Aug2025 00:49:28.066] [modloading-worker-0/DEBUG] [net.minecraftforge.fml.javafmlmod.AutomaticEventSubscriber/LOADING]: Auto-subscribing com.teamremastered.tlc.utils.LCMap to FORGE
[02Aug2025 00:49:28.071] [modloading-worker-0/DEBUG] [net.minecraftforge.fml.config.ConfigTracker/CONFIG]: Config file globalxp-client.toml for globalxp tracking
[02Aug2025 00:49:28.073] [modloading-worker-0/DEBUG] [net.minecraftforge.fml.config.ConfigTracker/CONFIG]: Config file globalxp-server.toml for globalxp tracking
[02Aug2025 00:49:28.074] [modloading-worker-0/DEBUG] [net.minecraftforge.fml.javafmlmod.AutomaticEventSubscriber/LOADING]: Attempting to inject @EventBusSubscriber classes into the eventbus for globalxp
[02Aug2025 00:49:28.074] [modloading-worker-0/DEBUG] [net.minecraftforge.fml.javafmlmod.AutomaticEventSubscriber/LOADING]: Auto-subscribing bl4ckscor3.mod.globalxp.GlobalXP to MOD
[02Aug2025 00:49:28.079] [modloading-worker-0/DEBUG] [betterendisland/]: Loaded com.yungnickyoung.minecraft.betterendisland.services.ForgePlatformHelper@72539a29 for service interface com.yungnickyoung.minecraft.betterendisland.services.IPlatformHelper
[02Aug2025 00:49:28.080] [modloading-worker-0/DEBUG] [betterendisland/]: Loaded com.yungnickyoung.minecraft.betterendisland.services.ForgeModulesLoader@5ca47f14 for service interface com.yungnickyoung.minecraft.betterendisland.services.IModulesLoader
[02Aug2025 00:49:28.081] [modloading-worker-0/DEBUG] [net.minecraftforge.fml.config.ConfigTracker/CONFIG]: Config file betterendisland-forge-1_20.toml for betterendisland tracking
[02Aug2025 00:49:28.084] [modloading-worker-0/DEBUG] [net.minecraftforge.fml.javafmlmod.AutomaticEventSubscriber/LOADING]: Attempting to inject @EventBusSubscriber classes into the eventbus for betterendisland
[02Aug2025 00:49:28.087] [modloading-worker-0/DEBUG] [net.minecraftforge.fml.javafmlmod.AutomaticEventSubscriber/LOADING]: Attempting to inject @EventBusSubscriber classes into the eventbus for justzoom
[02Aug2025 00:49:28.088] [modloading-worker-0/DEBUG] [net.minecraftforge.fml.javafmlmod.AutomaticEventSubscriber/LOADING]: Attempting to inject @EventBusSubscriber classes into the eventbus for extra_dungeons
[02Aug2025 00:49:28.089] [modloading-worker-0/DEBUG] [net.minecraftforge.fml.javafmlmod.AutomaticEventSubscriber/LOADING]: Attempting to inject @EventBusSubscriber classes into the eventbus for cataclysm
[02Aug2025 00:49:28.091] [modloading-worker-0/DEBUG] [net.minecraftforge.fml.javafmlmod.AutomaticEventSubscriber/LOADING]: Auto-subscribing com.github.L_Ender.cataclysm.world.CMWorldRegistry to MOD
[02Aug2025 00:49:28.091] [modloading-worker-0/DEBUG] [net.minecraftforge.fml.javafmlmod.AutomaticEventSubscriber/LOADING]: Auto-subscribing com.github.L_Ender.cataclysm.init.ModEntities to MOD
[02Aug2025 00:49:28.093] [modloading-worker-0/DEBUG] [net.minecraftforge.fml.javafmlmod.AutomaticEventSubscriber/LOADING]: Auto-subscribing com.github.L_Ender.cataclysm.event.ServerEventHandler to FORGE
[02Aug2025 00:49:28.093] [modloading-worker-0/DEBUG] [net.minecraftforge.fml.javafmlmod.AutomaticEventSubscriber/LOADING]: Auto-subscribing com.github.L_Ender.cataclysm.CommonProxy to MOD
[02Aug2025 00:49:28.094] [modloading-worker-0/DEBUG] [net.minecraftforge.fml.javafmlmod.AutomaticEventSubscriber/LOADING]: Auto-subscribing com.github.L_Ender.cataclysm.Cataclysm to FORGE
[02Aug2025 00:49:28.114] [modloading-worker-0/DEBUG] [net.minecraftforge.fml.javafmlmod.AutomaticEventSubscriber/LOADING]: Attempting to inject @EventBusSubscriber classes into the eventbus for mns
[02Aug2025 00:49:28.115] [modloading-worker-0/DEBUG] [net.minecraftforge.fml.javafmlmod.AutomaticEventSubscriber/LOADING]: Attempting to inject @EventBusSubscriber classes into the eventbus for scaffoldingdropsnearby
[02Aug2025 00:49:28.117] [modloading-worker-0/DEBUG] [net.minecraftforge.fml.javafmlmod.AutomaticEventSubscriber/LOADING]: Auto-subscribing com.natamus.scaffoldingdropsnearby.forge.events.ForgeScaffoldingEvent to FORGE
[02Aug2025 00:49:28.148] [modloading-worker-0/DEBUG] [net.minecraftforge.fml.javafmlmod.AutomaticEventSubscriber/LOADING]: Attempting to inject @EventBusSubscriber classes into the eventbus for hs_bosses
[02Aug2025 00:49:28.149] [modloading-worker-0/DEBUG] [net.minecraftforge.fml.javafmlmod.AutomaticEventSubscriber/LOADING]: Auto-subscribing net.mcreator.hsbosses.init.HsBossesModTabs to MOD
[02Aug2025 00:49:28.149] [modloading-worker-0/DEBUG] [net.minecraftforge.fml.javafmlmod.AutomaticEventSubscriber/LOADING]: Auto-subscribing net.mcreator.hsbosses.init.HsBossesModEntities to MOD
[02Aug2025 00:49:28.153] [modloading-worker-0/DEBUG] [net.minecraftforge.fml.javafmlmod.AutomaticEventSubscriber/LOADING]: Auto-subscribing net.mcreator.hsbosses.init.EntityAnimationFactory to FORGE
[02Aug2025 00:49:28.154] [modloading-worker-0/DEBUG] [net.minecraftforge.fml.javafmlmod.AutomaticEventSubscriber/LOADING]: Auto-subscribing net.mcreator.hsbosses.block.listener.ClientListener to MOD
[02Aug2025 00:49:28.171] [modloading-worker-0/DEBUG] [net.minecraftforge.fml.javafmlmod.AutomaticEventSubscriber/LOADING]: Attempting to inject @EventBusSubscriber classes into the eventbus for animatedmobsmod
[02Aug2025 00:49:28.172] [modloading-worker-0/DEBUG] [net.minecraftforge.fml.javafmlmod.AutomaticEventSubscriber/LOADING]: Auto-subscribing net.mcreator.animatedmobsmod.procedures.WhenRightClickAtBlockProcedure to FORGE
[02Aug2025 00:49:28.172] [modloading-worker-0/DEBUG] [net.minecraftforge.fml.javafmlmod.AutomaticEventSubscriber/LOADING]: Auto-subscribing net.mcreator.animatedmobsmod.procedures.WhenPlayerIsHittedWithEnderSpectreInMainHandProcedure to FORGE
[02Aug2025 00:49:28.173] [modloading-worker-0/DEBUG] [net.minecraftforge.fml.javafmlmod.AutomaticEventSubscriber/LOADING]: Auto-subscribing net.mcreator.animatedmobsmod.procedures.WhenEntityIsHitWithEnderStaffProcedure to FORGE
[02Aug2025 00:49:28.177] [modloading-worker-0/DEBUG] [net.minecraftforge.fml.javafmlmod.AutomaticEventSubscriber/LOADING]: Auto-subscribing net.mcreator.animatedmobsmod.procedures.TestProcedure to FORGE
[02Aug2025 00:49:28.177] [modloading-worker-0/DEBUG] [net.minecraftforge.fml.javafmlmod.AutomaticEventSubscriber/LOADING]: Auto-subscribing net.mcreator.animatedmobsmod.procedures.IfPlayerDiesProcedure to FORGE
[02Aug2025 00:49:28.178] [modloading-worker-0/DEBUG] [net.minecraftforge.fml.javafmlmod.AutomaticEventSubscriber/LOADING]: Auto-subscribing net.mcreator.animatedmobsmod.procedures.IfGameruleIsFalseProcedure to FORGE
[02Aug2025 00:49:28.181] [modloading-worker-0/DEBUG] [net.minecraftforge.fml.javafmlmod.AutomaticEventSubscriber/LOADING]: Auto-subscribing net.mcreator.animatedmobsmod.procedures.FacingKeyCodeProcedure to FORGE
[02Aug2025 00:49:28.182] [modloading-worker-0/DEBUG] [net.minecraftforge.fml.javafmlmod.AutomaticEventSubscriber/LOADING]: Auto-subscribing net.mcreator.animatedmobsmod.procedures.EnderSpectreAdditionProcedureProcedure to FORGE
[02Aug2025 00:49:28.183] [modloading-worker-0/DEBUG] [net.minecraftforge.fml.javafmlmod.AutomaticEventSubscriber/LOADING]: Auto-subscribing net.mcreator.animatedmobsmod.procedures.EnderKingThemePlayProcedure to FORGE
[02Aug2025 00:49:28.183] [modloading-worker-0/DEBUG] [net.minecraftforge.fml.javafmlmod.AutomaticEventSubscriber/LOADING]: Auto-subscribing net.mcreator.animatedmobsmod.network.ShiftingMessage to MOD
[02Aug2025 00:49:28.184] [modloading-worker-0/DEBUG] [net.minecraftforge.fml.javafmlmod.AutomaticEventSubscriber/LOADING]: Auto-subscribing net.mcreator.animatedmobsmod.network.MoveToTheSide1Message to MOD
[02Aug2025 00:49:28.186] [modloading-worker-0/DEBUG] [net.minecraftforge.fml.javafmlmod.AutomaticEventSubscriber/LOADING]: Auto-subscribing net.mcreator.animatedmobsmod.network.MoveToTheLEftMessage to MOD
[02Aug2025 00:49:28.189] [modloading-worker-0/DEBUG] [net.minecraftforge.fml.javafmlmod.AutomaticEventSubscriber/LOADING]: Auto-subscribing net.mcreator.animatedmobsmod.network.MoveToTheBackMessage to MOD
[02Aug2025 00:49:28.189] [modloading-worker-0/DEBUG] [net.minecraftforge.fml.javafmlmod.AutomaticEventSubscriber/LOADING]: Auto-subscribing net.mcreator.animatedmobsmod.network.MoveToFrontMessage to MOD
[02Aug2025 00:49:28.190] [modloading-worker-0/DEBUG] [net.minecraftforge.fml.javafmlmod.AutomaticEventSubscriber/LOADING]: Auto-subscribing net.mcreator.animatedmobsmod.network.FiendThrowMessage to MOD
[02Aug2025 00:49:28.194] [modloading-worker-0/DEBUG] [net.minecraftforge.fml.javafmlmod.AutomaticEventSubscriber/LOADING]: Auto-subscribing net.mcreator.animatedmobsmod.network.FiendScreamMessage to MOD
[02Aug2025 00:49:28.194] [modloading-worker-0/DEBUG] [net.minecraftforge.fml.javafmlmod.AutomaticEventSubscriber/LOADING]: Auto-subscribing net.mcreator.animatedmobsmod.network.FiendJumpMessage to MOD
[02Aug2025 00:49:28.195] [modloading-worker-0/DEBUG] [net.minecraftforge.fml.javafmlmod.AutomaticEventSubscriber/LOADING]: Auto-subscribing net.mcreator.animatedmobsmod.network.FiendBiteMessage to MOD
[02Aug2025 00:49:28.196] [modloading-worker-0/DEBUG] [net.minecraftforge.fml.javafmlmod.AutomaticEventSubscriber/LOADING]: Auto-subscribing net.mcreator.animatedmobsmod.network.AnimatedmobsmodModVariables to MOD
[02Aug2025 00:49:28.199] [modloading-worker-0/DEBUG] [net.minecraftforge.fml.javafmlmod.AutomaticEventSubscriber/LOADING]: Auto-subscribing net.mcreator.animatedmobsmod.network.AnimatedmobsmodModVariables$EventBusVariableHandlers to FORGE
[02Aug2025 00:49:28.201] [modloading-worker-0/DEBUG] [net.minecraftforge.fml.javafmlmod.AutomaticEventSubscriber/LOADING]: Auto-subscribing net.mcreator.animatedmobsmod.init.EntityAnimationFactory to FORGE
[02Aug2025 00:49:28.202] [modloading-worker-0/DEBUG] [net.minecraftforge.fml.javafmlmod.AutomaticEventSubscriber/LOADING]: Auto-subscribing net.mcreator.animatedmobsmod.init.AnimatedmobsmodModTabs to MOD
[02Aug2025 00:49:28.202] [modloading-worker-0/DEBUG] [net.minecraftforge.fml.javafmlmod.AutomaticEventSubscriber/LOADING]: Auto-subscribing net.mcreator.animatedmobsmod.init.AnimatedmobsmodModGameRules to MOD
[02Aug2025 00:49:28.202] [modloading-worker-0/DEBUG] [net.minecraftforge.fml.javafmlmod.AutomaticEventSubscriber/LOADING]: Auto-subscribing net.mcreator.animatedmobsmod.init.AnimatedmobsmodModFeatures to FORGE
[02Aug2025 00:49:28.202] [modloading-worker-0/DEBUG] [net.minecraftforge.fml.javafmlmod.AutomaticEventSubscriber/LOADING]: Auto-subscribing net.mcreator.animatedmobsmod.init.AnimatedmobsmodModEntities to MOD
[02Aug2025 00:49:28.206] [modloading-worker-0/DEBUG] [net.minecraftforge.fml.javafmlmod.AutomaticEventSubscriber/LOADING]: Auto-subscribing net.mcreator.animatedmobsmod.command.StopmusicCommand to FORGE
[02Aug2025 00:49:28.206] [modloading-worker-0/DEBUG] [net.minecraftforge.fml.javafmlmod.AutomaticEventSubscriber/LOADING]: Auto-subscribing net.mcreator.animatedmobsmod.command.RemoveCommand to FORGE
[02Aug2025 00:49:28.207] [modloading-worker-0/DEBUG] [net.minecraftforge.fml.javafmlmod.AutomaticEventSubscriber/LOADING]: Auto-subscribing net.mcreator.animatedmobsmod.command.DespawnCommand to FORGE
[02Aug2025 00:49:28.414] [modloading-worker-0/DEBUG] [net.minecraftforge.fml.javafmlmod.AutomaticEventSubscriber/LOADING]: Attempting to inject @EventBusSubscriber classes into the eventbus for luminous_nether
[02Aug2025 00:49:28.419] [modloading-worker-0/DEBUG] [net.minecraftforge.fml.javafmlmod.AutomaticEventSubscriber/LOADING]: Auto-subscribing net.mcreator.luminousnether.world.features.StructureFeature to FORGE
[02Aug2025 00:49:28.419] [modloading-worker-0/DEBUG] [net.minecraftforge.fml.javafmlmod.AutomaticEventSubscriber/LOADING]: Auto-subscribing net.mcreator.luminousnether.recipes.brewing.LevitationRecipeBrewingRecipe to MOD
[02Aug2025 00:49:28.422] [modloading-worker-0/DEBUG] [net.minecraftforge.fml.javafmlmod.AutomaticEventSubscriber/LOADING]: Auto-subscribing net.mcreator.luminousnether.recipes.brewing.ContaminantReciepeBrewingRecipe to MOD
[02Aug2025 00:49:28.423] [modloading-worker-0/DEBUG] [net.minecraftforge.fml.javafmlmod.AutomaticEventSubscriber/LOADING]: Auto-subscribing net.mcreator.luminousnether.recipes.brewing.AntidoteRecipeBrewingRecipe to MOD
[02Aug2025 00:49:28.427] [modloading-worker-0/DEBUG] [net.minecraftforge.fml.javafmlmod.AutomaticEventSubscriber/LOADING]: Auto-subscribing net.mcreator.luminousnether.procedures.WarpedSpewerAttacksProcedure to FORGE
[02Aug2025 00:49:28.428] [modloading-worker-0/DEBUG] [net.minecraftforge.fml.javafmlmod.AutomaticEventSubscriber/LOADING]: Auto-subscribing net.mcreator.luminousnether.procedures.WSlightProcedure to FORGE
[02Aug2025 00:49:28.429] [modloading-worker-0/DEBUG] [net.minecraftforge.fml.javafmlmod.AutomaticEventSubscriber/LOADING]: Auto-subscribing net.mcreator.luminousnether.procedures.SoulFurnaceAttacksProcedure to FORGE
[02Aug2025 00:49:28.430] [modloading-worker-0/DEBUG] [net.minecraftforge.fml.javafmlmod.AutomaticEventSubscriber/LOADING]: Auto-subscribing net.mcreator.luminousnether.procedures.SoulCleaveProcedureProcedure to FORGE
[02Aug2025 00:49:28.433] [modloading-worker-0/DEBUG] [net.minecraftforge.fml.javafmlmod.AutomaticEventSubscriber/LOADING]: Auto-subscribing net.mcreator.luminousnether.procedures.SoulCauldronOnBlockRightClickedProcedure to FORGE
[02Aug2025 00:49:28.434] [modloading-worker-0/DEBUG] [net.minecraftforge.fml.javafmlmod.AutomaticEventSubscriber/LOADING]: Auto-subscribing net.mcreator.luminousnether.procedures.SaturationCooldownProcedure to FORGE
[02Aug2025 00:49:28.434] [modloading-worker-0/DEBUG] [net.minecraftforge.fml.javafmlmod.AutomaticEventSubscriber/LOADING]: Auto-subscribing net.mcreator.luminousnether.procedures.SanityCooldownProcedure to FORGE
[02Aug2025 00:49:28.438] [modloading-worker-0/DEBUG] [net.minecraftforge.fml.javafmlmod.AutomaticEventSubscriber/LOADING]: Auto-subscribing net.mcreator.luminousnether.procedures.SCwhiteoffProcedure to FORGE
[02Aug2025 00:49:28.439] [modloading-worker-0/DEBUG] [net.minecraftforge.fml.javafmlmod.AutomaticEventSubscriber/LOADING]: Auto-subscribing net.mcreator.luminousnether.procedures.SCorangeoffProcedure to FORGE
[02Aug2025 00:49:28.439] [modloading-worker-0/DEBUG] [net.minecraftforge.fml.javafmlmod.AutomaticEventSubscriber/LOADING]: Auto-subscribing net.mcreator.luminousnether.procedures.SClightProcedure to FORGE
[02Aug2025 00:49:28.441] [modloading-worker-0/DEBUG] [net.minecraftforge.fml.javafmlmod.AutomaticEventSubscriber/LOADING]: Auto-subscribing net.mcreator.luminousnether.procedures.SCblueoffProcedure to FORGE
[02Aug2025 00:49:28.442] [modloading-worker-0/DEBUG] [net.minecraftforge.fml.javafmlmod.AutomaticEventSubscriber/LOADING]: Auto-subscribing net.mcreator.luminousnether.procedures.RitualTableClickProcedure to FORGE
[02Aug2025 00:49:28.443] [modloading-worker-0/DEBUG] [net.minecraftforge.fml.javafmlmod.AutomaticEventSubscriber/LOADING]: Auto-subscribing net.mcreator.luminousnether.procedures.RitualRefreshProcedure to FORGE
[02Aug2025 00:49:28.444] [modloading-worker-0/DEBUG] [net.minecraftforge.fml.javafmlmod.AutomaticEventSubscriber/LOADING]: Auto-subscribing net.mcreator.luminousnether.procedures.RightClickStemProcedure to FORGE
[02Aug2025 00:49:28.447] [modloading-worker-0/DEBUG] [net.minecraftforge.fml.javafmlmod.AutomaticEventSubscriber/LOADING]: Auto-subscribing net.mcreator.luminousnether.procedures.RightClickRitualProcedure to FORGE
[02Aug2025 00:49:28.448] [modloading-worker-0/DEBUG] [net.minecraftforge.fml.javafmlmod.AutomaticEventSubscriber/LOADING]: Auto-subscribing net.mcreator.luminousnether.procedures.RevenantProcedureProcedure to FORGE
[02Aug2025 00:49:28.449] [modloading-worker-0/DEBUG] [net.minecraftforge.fml.javafmlmod.AutomaticEventSubscriber/LOADING]: Auto-subscribing net.mcreator.luminousnether.procedures.PouchDropProcedure to FORGE
[02Aug2025 00:49:28.449] [modloading-worker-0/DEBUG] [net.minecraftforge.fml.javafmlmod.AutomaticEventSubscriber/LOADING]: Auto-subscribing net.mcreator.luminousnether.procedures.PouchActivateProcedure to FORGE
[02Aug2025 00:49:28.454] [modloading-worker-0/DEBUG] [net.minecraftforge.fml.javafmlmod.AutomaticEventSubscriber/LOADING]: Auto-subscribing net.mcreator.luminousnether.procedures.PlacingWarpedFlagProcedure to FORGE
[02Aug2025 00:49:28.454] [modloading-worker-0/DEBUG] [net.minecraftforge.fml.javafmlmod.AutomaticEventSubscriber/LOADING]: Auto-subscribing net.mcreator.luminousnether.procedures.PlacingSoulFlagProcedure to FORGE
[02Aug2025 00:49:28.455] [modloading-worker-0/DEBUG] [net.minecraftforge.fml.javafmlmod.AutomaticEventSubscriber/LOADING]: Auto-subscribing net.mcreator.luminousnether.procedures.PlacingPiglinBannerProcedure to FORGE
[02Aug2025 00:49:28.456] [modloading-worker-0/DEBUG] [net.minecraftforge.fml.javafmlmod.AutomaticEventSubscriber/LOADING]: Auto-subscribing net.mcreator.luminousnether.procedures.PlacingNetherCandleStandProcedure to FORGE
[02Aug2025 00:49:28.456] [modloading-worker-0/DEBUG] [net.minecraftforge.fml.javafmlmod.AutomaticEventSubscriber/LOADING]: Auto-subscribing net.mcreator.luminousnether.procedures.PlacingGhostFlagProcedure to FORGE
[02Aug2025 00:49:28.460] [modloading-worker-0/DEBUG] [net.minecraftforge.fml.javafmlmod.AutomaticEventSubscriber/LOADING]: Auto-subscribing net.mcreator.luminousnether.procedures.PlacingDeltaFlagProcedure to FORGE
[02Aug2025 00:49:28.461] [modloading-worker-0/DEBUG] [net.minecraftforge.fml.javafmlmod.AutomaticEventSubscriber/LOADING]: Auto-subscribing net.mcreator.luminousnether.procedures.PlacingCrimsonFlagProcedure to FORGE
[02Aug2025 00:49:28.461] [modloading-worker-0/DEBUG] [net.minecraftforge.fml.javafmlmod.AutomaticEventSubscriber/LOADING]: Auto-subscribing net.mcreator.luminousnether.procedures.PlacingCandleProcedure to FORGE
[02Aug2025 00:49:28.462] [modloading-worker-0/DEBUG] [net.minecraftforge.fml.javafmlmod.AutomaticEventSubscriber/LOADING]: Auto-subscribing net.mcreator.luminousnether.procedures.PlacingBlankFlagProcedure to FORGE
[02Aug2025 00:49:28.466] [modloading-worker-0/DEBUG] [net.minecraftforge.fml.javafmlmod.AutomaticEventSubscriber/LOADING]: Auto-subscribing net.mcreator.luminousnether.procedures.PlacingBannerProcedure to FORGE
[02Aug2025 00:49:28.467] [modloading-worker-0/DEBUG] [net.minecraftforge.fml.javafmlmod.AutomaticEventSubscriber/LOADING]: Auto-subscribing net.mcreator.luminousnether.procedures.PiglinsKillProcedure to FORGE
[02Aug2025 00:49:28.467] [modloading-worker-0/DEBUG] [net.minecraftforge.fml.javafmlmod.AutomaticEventSubscriber/LOADING]: Auto-subscribing net.mcreator.luminousnether.procedures.PiglinsDieProcedure to FORGE
[02Aug2025 00:49:28.468] [modloading-worker-0/DEBUG] [net.minecraftforge.fml.javafmlmod.AutomaticEventSubscriber/LOADING]: Auto-subscribing net.mcreator.luminousnether.procedures.PiglinsDie2Procedure to FORGE
[02Aug2025 00:49:28.469] [modloading-worker-0/DEBUG] [net.minecraftforge.fml.javafmlmod.AutomaticEventSubscriber/LOADING]: Auto-subscribing net.mcreator.luminousnether.procedures.OrangeSoulCauldronclickProcedure to FORGE
[02Aug2025 00:49:28.472] [modloading-worker-0/DEBUG] [net.minecraftforge.fml.javafmlmod.AutomaticEventSubscriber/LOADING]: Auto-subscribing net.mcreator.luminousnether.procedures.NighCooldownProcedure to FORGE
[02Aug2025 00:49:28.473] [modloading-worker-0/DEBUG] [net.minecraftforge.fml.javafmlmod.AutomaticEventSubscriber/LOADING]: Auto-subscribing net.mcreator.luminousnether.procedures.Mushlinspit3Procedure to FORGE
[02Aug2025 00:49:28.474] [modloading-worker-0/DEBUG] [net.minecraftforge.fml.javafmlmod.AutomaticEventSubscriber/LOADING]: Auto-subscribing net.mcreator.luminousnether.procedures.MushlinSpit2Procedure to FORGE
[02Aug2025 00:49:28.475] [modloading-worker-0/DEBUG] [net.minecraftforge.fml.javafmlmod.AutomaticEventSubscriber/LOADING]: Auto-subscribing net.mcreator.luminousnether.procedures.MushlinSpit1Procedure to FORGE
[02Aug2025 00:49:28.474] [modloading-worker-0/DEBUG] [net.minecraftforge.fml.javafmlmod.AutomaticEventSubscriber/LOADING]: Attempting to inject @EventBusSubscriber classes into the eventbus for mofus_better_end_
[02Aug2025 00:49:28.475] [modloading-worker-0/DEBUG] [net.minecraftforge.fml.javafmlmod.AutomaticEventSubscriber/LOADING]: Auto-subscribing net.mcreator.mofusbetterend.world.teleporter.BrokenConstellationTeleporter to MOD
[02Aug2025 00:49:28.478] [modloading-worker-0/DEBUG] [net.minecraftforge.fml.javafmlmod.AutomaticEventSubscriber/LOADING]: Auto-subscribing net.mcreator.luminousnether.procedures.MendingCooldownProcedure to FORGE
[02Aug2025 00:49:28.479] [modloading-worker-0/DEBUG] [net.minecraftforge.fml.javafmlmod.AutomaticEventSubscriber/LOADING]: Auto-subscribing net.mcreator.luminousnether.procedures.MakePlayerStopRidingProcedure to FORGE
[02Aug2025 00:49:28.479] [modloading-worker-0/DEBUG] [net.minecraftforge.fml.javafmlmod.AutomaticEventSubscriber/LOADING]: Auto-subscribing net.mcreator.luminousnether.procedures.LuminousTagReminderProcedure to FORGE
[02Aug2025 00:49:28.482] [modloading-worker-0/DEBUG] [net.minecraftforge.fml.javafmlmod.AutomaticEventSubscriber/LOADING]: Auto-subscribing net.mcreator.luminousnether.procedures.LightWhiteFireProcedure to FORGE
[02Aug2025 00:49:28.483] [modloading-worker-0/DEBUG] [net.minecraftforge.fml.javafmlmod.AutomaticEventSubscriber/LOADING]: Auto-subscribing net.mcreator.luminousnether.procedures.HemorrhageProcedureProcedure to FORGE
[02Aug2025 00:49:28.481] [modloading-worker-0/DEBUG] [net.minecraftforge.fml.javafmlmod.AutomaticEventSubscriber/LOADING]: Auto-subscribing net.mcreator.mofusbetterend.world.inventory.MechCreationStationGUIMenu to FORGE
[02Aug2025 00:49:28.486] [modloading-worker-0/DEBUG] [net.minecraftforge.fml.javafmlmod.AutomaticEventSubscriber/LOADING]: Auto-subscribing net.mcreator.luminousnether.procedures.HealthCooldownProcedure to FORGE
[02Aug2025 00:49:28.486] [modloading-worker-0/DEBUG] [net.minecraftforge.fml.javafmlmod.AutomaticEventSubscriber/LOADING]: Auto-subscribing net.mcreator.luminousnether.procedures.GhostAttacksProcedure to FORGE
[02Aug2025 00:49:28.487] [modloading-worker-0/DEBUG] [net.minecraftforge.fml.javafmlmod.AutomaticEventSubscriber/LOADING]: Auto-subscribing net.mcreator.luminousnether.procedures.FurnaceAttacksProcedure to FORGE
[02Aug2025 00:49:28.488] [modloading-worker-0/DEBUG] [net.minecraftforge.fml.javafmlmod.AutomaticEventSubscriber/LOADING]: Auto-subscribing net.mcreator.luminousnether.procedures.Furnace3AttacksProcedure to FORGE
[02Aug2025 00:49:28.490] [modloading-worker-0/DEBUG] [net.minecraftforge.fml.javafmlmod.AutomaticEventSubscriber/LOADING]: Auto-subscribing net.mcreator.luminousnether.procedures.Furnace2AttacksProcedure to FORGE
[02Aug2025 00:49:28.494] [modloading-worker-0/DEBUG] [net.minecraftforge.fml.javafmlmod.AutomaticEventSubscriber/LOADING]: Auto-subscribing net.mcreator.luminousnether.procedures.FeedGliderProcedure to FORGE
[02Aug2025 00:49:28.495] [modloading-worker-0/DEBUG] [net.minecraftforge.fml.javafmlmod.AutomaticEventSubscriber/LOADING]: Auto-subscribing net.mcreator.luminousnether.procedures.FeedGliderFromTopProcedure to FORGE
[02Aug2025 00:49:28.496] [modloading-worker-0/DEBUG] [net.minecraftforge.fml.javafmlmod.AutomaticEventSubscriber/LOADING]: Auto-subscribing net.mcreator.luminousnether.procedures.ExperienceCooldownProcedure to FORGE
[02Aug2025 00:49:28.496] [modloading-worker-0/DEBUG] [net.minecraftforge.fml.javafmlmod.AutomaticEventSubscriber/LOADING]: Auto-subscribing net.mcreator.luminousnether.procedures.ExecutionerHoodEventProcedure to FORGE
[02Aug2025 00:49:28.497] [modloading-worker-0/DEBUG] [net.minecraftforge.fml.javafmlmod.AutomaticEventSubscriber/LOADING]: Auto-subscribing net.mcreator.mofusbetterend.world.inventory.CrestguinGUIMenu to FORGE
[02Aug2025 00:49:28.498] [modloading-worker-0/DEBUG] [net.minecraftforge.fml.javafmlmod.AutomaticEventSubscriber/LOADING]: Auto-subscribing net.mcreator.luminousnether.procedures.ExecutionerDelayProcedure to FORGE
[02Aug2025 00:49:28.499] [modloading-worker-0/DEBUG] [net.minecraftforge.fml.javafmlmod.AutomaticEventSubscriber/LOADING]: Auto-subscribing net.mcreator.mofusbetterend.world.features.StructureFeature to FORGE
[02Aug2025 00:49:28.499] [modloading-worker-0/DEBUG] [net.minecraftforge.fml.javafmlmod.AutomaticEventSubscriber/LOADING]: Auto-subscribing net.mcreator.mofusbetterend.world.dimension.BrokenConstellationDimension to FORGE
[02Aug2025 00:49:28.499] [modloading-worker-0/DEBUG] [net.minecraftforge.fml.javafmlmod.AutomaticEventSubscriber/LOADING]: Auto-subscribing net.mcreator.luminousnether.procedures.ExecutionerDelay3Procedure to FORGE
[02Aug2025 00:49:28.501] [modloading-worker-0/DEBUG] [net.minecraftforge.fml.javafmlmod.AutomaticEventSubscriber/LOADING]: Auto-subscribing net.mcreator.mofusbetterend.world.dimension.BrokenConstellationDimension$DimensionSpecialEffectsHandler to MOD
[02Aug2025 00:49:28.501] [modloading-worker-0/DEBUG] [net.minecraftforge.fml.javafmlmod.AutomaticEventSubscriber/LOADING]: Auto-subscribing net.mcreator.mofusbetterend.recipes.brewing.WasppheromoneRecipeBrewingRecipe to MOD
[02Aug2025 00:49:28.503] [modloading-worker-0/DEBUG] [net.minecraftforge.fml.javafmlmod.AutomaticEventSubscriber/LOADING]: Auto-subscribing net.mcreator.mofusbetterend.recipes.brewing.LongAntidoteRecipeBrewingRecipe to MOD
[02Aug2025 00:49:28.502] [modloading-worker-0/DEBUG] [net.minecraftforge.fml.javafmlmod.AutomaticEventSubscriber/LOADING]: Auto-subscribing net.mcreator.luminousnether.procedures.ExecutionerDelay2Procedure to FORGE
[02Aug2025 00:49:28.504] [modloading-worker-0/DEBUG] [net.minecraftforge.fml.javafmlmod.AutomaticEventSubscriber/LOADING]: Auto-subscribing net.mcreator.luminousnether.procedures.EmberAttacksProcedure to FORGE
[02Aug2025 00:49:28.506] [modloading-worker-0/DEBUG] [net.minecraftforge.fml.javafmlmod.AutomaticEventSubscriber/LOADING]: Auto-subscribing net.mcreator.luminousnether.procedures.EctoplasmBlockEntityCollidesInTheBlockProcedure to FORGE
[02Aug2025 00:49:28.507] [modloading-worker-0/DEBUG] [net.minecraftforge.fml.javafmlmod.AutomaticEventSubscriber/LOADING]: Auto-subscribing net.mcreator.luminousnether.procedures.DisplayeCreative5Procedure to FORGE
[02Aug2025 00:49:28.508] [modloading-worker-0/DEBUG] [net.minecraftforge.fml.javafmlmod.AutomaticEventSubscriber/LOADING]: Auto-subscribing net.mcreator.luminousnether.procedures.DisplayFullProcedure to FORGE
[02Aug2025 00:49:28.509] [modloading-worker-0/DEBUG] [net.minecraftforge.fml.javafmlmod.AutomaticEventSubscriber/LOADING]: Auto-subscribing net.mcreator.luminousnether.procedures.DisplayCreative4Procedure to FORGE
[02Aug2025 00:49:28.509] [modloading-worker-0/DEBUG] [net.minecraftforge.fml.javafmlmod.AutomaticEventSubscriber/LOADING]: Auto-subscribing net.mcreator.luminousnether.procedures.DisplayCreative3Procedure to FORGE
[02Aug2025 00:49:28.509] [modloading-worker-0/DEBUG] [net.minecraftforge.fml.javafmlmod.AutomaticEventSubscriber/LOADING]: Auto-subscribing net.mcreator.mofusbetterend.recipes.brewing.EndMantaPotionRecipeBrewingRecipe to MOD
[02Aug2025 00:49:28.510] [modloading-worker-0/DEBUG] [net.minecraftforge.fml.javafmlmod.AutomaticEventSubscriber/LOADING]: Auto-subscribing net.mcreator.mofusbetterend.recipes.brewing.Antidote1RecipeBrewingRecipe to MOD
[02Aug2025 00:49:28.511] [modloading-worker-0/DEBUG] [net.minecraftforge.fml.javafmlmod.AutomaticEventSubscriber/LOADING]: Auto-subscribing net.mcreator.mofusbetterend.procedures.VoidjellyattackProcedure to FORGE
[02Aug2025 00:49:28.512] [modloading-worker-0/DEBUG] [net.minecraftforge.fml.javafmlmod.AutomaticEventSubscriber/LOADING]: Auto-subscribing net.mcreator.mofusbetterend.procedures.TowerbeforehurtProcedure to FORGE
[02Aug2025 00:49:28.513] [modloading-worker-0/DEBUG] [net.minecraftforge.fml.javafmlmod.AutomaticEventSubscriber/LOADING]: Auto-subscribing net.mcreator.mofusbetterend.procedures.ThecetoustriggerProcedure to FORGE
[02Aug2025 00:49:28.514] [modloading-worker-0/DEBUG] [net.minecraftforge.fml.javafmlmod.AutomaticEventSubscriber/LOADING]: Auto-subscribing net.mcreator.luminousnether.procedures.DisplayCreative2Procedure to FORGE
[02Aug2025 00:49:28.516] [modloading-worker-0/DEBUG] [net.minecraftforge.fml.javafmlmod.AutomaticEventSubscriber/LOADING]: Auto-subscribing net.mcreator.luminousnether.procedures.DisplayCreative1Procedure to FORGE
[02Aug2025 00:49:28.518] [modloading-worker-0/DEBUG] [net.minecraftforge.fml.javafmlmod.AutomaticEventSubscriber/LOADING]: Auto-subscribing net.mcreator.luminousnether.procedures.Display4Procedure to FORGE
[02Aug2025 00:49:28.520] [modloading-worker-0/DEBUG] [net.minecraftforge.fml.javafmlmod.AutomaticEventSubscriber/LOADING]: Auto-subscribing net.mcreator.mofusbetterend.procedures.StripwoodprocedureProcedure to FORGE
[02Aug2025 00:49:28.520] [modloading-worker-0/DEBUG] [net.minecraftforge.fml.javafmlmod.AutomaticEventSubscriber/LOADING]: Auto-subscribing net.mcreator.luminousnether.procedures.Display3Procedure to FORGE
[02Aug2025 00:49:28.522] [modloading-worker-0/DEBUG] [net.minecraftforge.fml.javafmlmod.AutomaticEventSubscriber/LOADING]: Auto-subscribing net.mcreator.luminousnether.procedures.Display2Procedure to FORGE
[02Aug2025 00:49:28.523] [modloading-worker-0/DEBUG] [net.minecraftforge.fml.javafmlmod.AutomaticEventSubscriber/LOADING]: Auto-subscribing net.mcreator.mofusbetterend.procedures.RightclickalleyeguardiansProcedure to FORGE
[02Aug2025 00:49:28.524] [modloading-worker-0/DEBUG] [net.minecraftforge.fml.javafmlmod.AutomaticEventSubscriber/LOADING]: Auto-subscribing net.mcreator.luminousnether.procedures.Display1Procedure to FORGE
[02Aug2025 00:49:28.525] [modloading-worker-0/DEBUG] [net.minecraftforge.fml.javafmlmod.AutomaticEventSubscriber/LOADING]: Auto-subscribing net.mcreator.mofusbetterend.procedures.RebornLitchMusicResetProcedure to FORGE
[02Aug2025 00:49:28.527] [modloading-worker-0/DEBUG] [net.minecraftforge.fml.javafmlmod.AutomaticEventSubscriber/LOADING]: Auto-subscribing net.mcreator.luminousnether.procedures.CowlDropProcedure to FORGE
[02Aug2025 00:49:28.528] [modloading-worker-0/DEBUG] [net.minecraftforge.fml.javafmlmod.AutomaticEventSubscriber/LOADING]: Auto-subscribing net.mcreator.mofusbetterend.procedures.RebornLitchMusicProcedure to FORGE
[02Aug2025 00:49:28.529] [modloading-worker-0/DEBUG] [net.minecraftforge.fml.javafmlmod.AutomaticEventSubscriber/LOADING]: Auto-subscribing net.mcreator.luminousnether.procedures.CoalDropProcedure to FORGE
[02Aug2025 00:49:28.530] [modloading-worker-0/DEBUG] [net.minecraftforge.fml.javafmlmod.AutomaticEventSubscriber/LOADING]: Auto-subscribing net.mcreator.luminousnether.procedures.CleansingCooldownProcedure to FORGE
[02Aug2025 00:49:28.530] [modloading-worker-0/DEBUG] [net.minecraftforge.fml.javafmlmod.AutomaticEventSubscriber/LOADING]: Auto-subscribing net.mcreator.luminousnether.procedures.ChanceCooldownProcedure to FORGE
[02Aug2025 00:49:28.531] [modloading-worker-0/DEBUG] [net.minecraftforge.fml.javafmlmod.AutomaticEventSubscriber/LOADING]: Auto-subscribing net.mcreator.luminousnether.procedures.BumpPadPlayerProcedure to FORGE
[02Aug2025 00:49:28.532] [modloading-worker-0/DEBUG] [net.minecraftforge.fml.javafmlmod.AutomaticEventSubscriber/LOADING]: Auto-subscribing net.mcreator.mofusbetterend.procedures.RebornLitchMusicPlayProcedure to FORGE
[02Aug2025 00:49:28.532] [modloading-worker-0/DEBUG] [net.minecraftforge.fml.javafmlmod.AutomaticEventSubscriber/LOADING]: Auto-subscribing net.mcreator.mofusbetterend.procedures.RavenousreactionsProcedure to FORGE
[02Aug2025 00:49:28.533] [modloading-worker-0/DEBUG] [net.minecraftforge.fml.javafmlmod.AutomaticEventSubscriber/LOADING]: Auto-subscribing net.mcreator.mofusbetterend.procedures.QueenprojectileblockProcedure to FORGE
[02Aug2025 00:49:28.534] [modloading-worker-0/DEBUG] [net.minecraftforge.fml.javafmlmod.AutomaticEventSubscriber/LOADING]: Auto-subscribing net.mcreator.mofusbetterend.procedures.PlayerjoinProcedure to FORGE
[02Aug2025 00:49:28.535] [modloading-worker-0/DEBUG] [net.minecraftforge.fml.javafmlmod.AutomaticEventSubscriber/LOADING]: Auto-subscribing net.mcreator.mofusbetterend.procedures.PlayerNautilusOverlayProcedure to FORGE
[02Aug2025 00:49:28.535] [modloading-worker-0/DEBUG] [net.minecraftforge.fml.javafmlmod.AutomaticEventSubscriber/LOADING]: Auto-subscribing net.mcreator.mofusbetterend.procedures.PlayerLooksatEndermanProcedure to FORGE
[02Aug2025 00:49:28.536] [modloading-worker-0/DEBUG] [net.minecraftforge.fml.javafmlmod.AutomaticEventSubscriber/LOADING]: Auto-subscribing net.mcreator.luminousnether.procedures.BlueSoulCauldronclickProcedure to FORGE
[02Aug2025 00:49:28.537] [modloading-worker-0/DEBUG] [net.minecraftforge.fml.javafmlmod.AutomaticEventSubscriber/LOADING]: Auto-subscribing net.mcreator.luminousnether.procedures.BasaltExecutionerAttacksProcedure to FORGE
[02Aug2025 00:49:28.538] [modloading-worker-0/DEBUG] [net.minecraftforge.fml.javafmlmod.AutomaticEventSubscriber/LOADING]: Auto-subscribing net.mcreator.luminousnether.network.XpGUISlotMessage to MOD
[02Aug2025 00:49:28.538] [modloading-worker-0/DEBUG] [net.minecraftforge.fml.javafmlmod.AutomaticEventSubscriber/LOADING]: Auto-subscribing net.mcreator.mofusbetterend.procedures.PlayerEndSpawnProcedure to FORGE
[02Aug2025 00:49:28.540] [modloading-worker-0/DEBUG] [net.minecraftforge.fml.javafmlmod.AutomaticEventSubscriber/LOADING]: Auto-subscribing net.mcreator.mofusbetterend.procedures.NomouthendermanaggroProcedure to FORGE
[02Aug2025 00:49:28.539] [modloading-worker-0/DEBUG] [net.minecraftforge.fml.javafmlmod.AutomaticEventSubscriber/LOADING]: Auto-subscribing net.mcreator.luminousnether.network.XpGUIButtonMessage to MOD
[02Aug2025 00:49:28.541] [modloading-worker-0/DEBUG] [net.minecraftforge.fml.javafmlmod.AutomaticEventSubscriber/LOADING]: Auto-subscribing net.mcreator.luminousnether.network.SaturationGUISlotMessage to MOD
[02Aug2025 00:49:28.542] [modloading-worker-0/DEBUG] [net.minecraftforge.fml.javafmlmod.AutomaticEventSubscriber/LOADING]: Auto-subscribing net.mcreator.mofusbetterend.procedures.NestAttackProcedureProcedure to FORGE
[02Aug2025 00:49:28.542] [modloading-worker-0/DEBUG] [net.minecraftforge.fml.javafmlmod.AutomaticEventSubscriber/LOADING]: Auto-subscribing net.mcreator.luminousnether.network.SaturationGUIButtonMessage to MOD
[02Aug2025 00:49:28.543] [modloading-worker-0/DEBUG] [net.minecraftforge.fml.javafmlmod.AutomaticEventSubscriber/LOADING]: Auto-subscribing net.mcreator.mofusbetterend.procedures.LitchMusicResetProcedure to FORGE
[02Aug2025 00:49:28.544] [modloading-worker-0/DEBUG] [net.minecraftforge.fml.javafmlmod.AutomaticEventSubscriber/LOADING]: Auto-subscribing net.mcreator.mofusbetterend.procedures.LitchMusicProcedure to FORGE
[02Aug2025 00:49:28.546] [modloading-worker-0/DEBUG] [net.minecraftforge.fml.javafmlmod.AutomaticEventSubscriber/LOADING]: Auto-subscribing net.mcreator.mofusbetterend.procedures.LitchMusicPlayProcedure to FORGE
[02Aug2025 00:49:28.545] [modloading-worker-0/DEBUG] [net.minecraftforge.fml.javafmlmod.AutomaticEventSubscriber/LOADING]: Auto-subscribing net.mcreator.luminousnether.network.SanityGUISlotMessage to MOD
[02Aug2025 00:49:28.547] [modloading-worker-0/DEBUG] [net.minecraftforge.fml.javafmlmod.AutomaticEventSubscriber/LOADING]: Auto-subscribing net.mcreator.luminousnether.network.SanityGUIButtonMessage to MOD
[02Aug2025 00:49:28.548] [modloading-worker-0/DEBUG] [net.minecraftforge.fml.javafmlmod.AutomaticEventSubscriber/LOADING]: Auto-subscribing net.mcreator.luminousnether.network.NightGUISlotMessage to MOD
[02Aug2025 00:49:28.547] [modloading-worker-0/DEBUG] [net.minecraftforge.fml.javafmlmod.AutomaticEventSubscriber/LOADING]: Auto-subscribing net.mcreator.mofusbetterend.procedures.ItemexplosionresistanceProcedure to FORGE
[02Aug2025 00:49:28.550] [modloading-worker-0/DEBUG] [net.minecraftforge.fml.javafmlmod.AutomaticEventSubscriber/LOADING]: Auto-subscribing net.mcreator.mofusbetterend.procedures.ImmortalmobsProcedure to FORGE
[02Aug2025 00:49:28.551] [modloading-worker-0/DEBUG] [net.minecraftforge.fml.javafmlmod.AutomaticEventSubscriber/LOADING]: Auto-subscribing net.mcreator.luminousnether.network.NightGUIButtonMessage to MOD
[02Aug2025 00:49:28.551] [modloading-worker-0/DEBUG] [net.minecraftforge.fml.javafmlmod.AutomaticEventSubscriber/LOADING]: Auto-subscribing net.mcreator.luminousnether.network.MendingGUISlotMessage to MOD
[02Aug2025 00:49:28.552] [modloading-worker-0/DEBUG] [net.minecraftforge.fml.javafmlmod.AutomaticEventSubscriber/LOADING]: Auto-subscribing net.mcreator.luminousnether.network.MendingGUIButtonMessage to MOD
[02Aug2025 00:49:28.553] [modloading-worker-0/DEBUG] [net.minecraftforge.fml.javafmlmod.AutomaticEventSubscriber/LOADING]: Auto-subscribing net.mcreator.luminousnether.network.LuminousNetherModVariables to MOD
[02Aug2025 00:49:28.554] [modloading-worker-0/DEBUG] [net.minecraftforge.fml.javafmlmod.AutomaticEventSubscriber/LOADING]: Auto-subscribing net.mcreator.mofusbetterend.procedures.GuardianPropellerItemInInventoryTickProcedure to FORGE
[02Aug2025 00:49:28.554] [modloading-worker-0/DEBUG] [net.minecraftforge.fml.javafmlmod.AutomaticEventSubscriber/LOADING]: Auto-subscribing net.mcreator.luminousnether.network.LuminousNetherModVariables$PlayerVariablesProvider to FORGE
[02Aug2025 00:49:28.555] [modloading-worker-0/DEBUG] [net.minecraftforge.fml.javafmlmod.AutomaticEventSubscriber/LOADING]: Auto-subscribing net.mcreator.mofusbetterend.procedures.GuardianGolemSpawnProcedureProcedure to FORGE
[02Aug2025 00:49:28.556] [modloading-worker-0/DEBUG] [net.minecraftforge.fml.javafmlmod.AutomaticEventSubscriber/LOADING]: Auto-subscribing net.mcreator.mofusbetterend.procedures.GliderroarProcedure to FORGE
[02Aug2025 00:49:28.556] [modloading-worker-0/DEBUG] [net.minecraftforge.fml.javafmlmod.AutomaticEventSubscriber/LOADING]: Auto-subscribing net.mcreator.luminousnether.network.LuminousNetherModVariables$EventBusVariableHandlers to FORGE
[02Aug2025 00:49:28.556] [modloading-worker-0/DEBUG] [net.minecraftforge.fml.javafmlmod.AutomaticEventSubscriber/LOADING]: Auto-subscribing net.mcreator.mofusbetterend.procedures.GlassjugusageProcedure to FORGE
[02Aug2025 00:49:28.558] [modloading-worker-0/DEBUG] [net.minecraftforge.fml.javafmlmod.AutomaticEventSubscriber/LOADING]: Auto-subscribing net.mcreator.luminousnether.network.HealthGUISlotMessage to MOD
[02Aug2025 00:49:28.559] [modloading-worker-0/DEBUG] [net.minecraftforge.fml.javafmlmod.AutomaticEventSubscriber/LOADING]: Auto-subscribing net.mcreator.luminousnether.network.HealthGUIButtonMessage to MOD
[02Aug2025 00:49:28.560] [modloading-worker-0/DEBUG] [net.minecraftforge.fml.javafmlmod.AutomaticEventSubscriber/LOADING]: Auto-subscribing net.mcreator.luminousnether.network.CleansingGUISlotMessage to MOD
[02Aug2025 00:49:28.560] [modloading-worker-0/DEBUG] [net.minecraftforge.fml.javafmlmod.AutomaticEventSubscriber/LOADING]: Auto-subscribing net.mcreator.mofusbetterend.procedures.ForgottenengageProcedure to FORGE
[02Aug2025 00:49:28.560] [modloading-worker-0/DEBUG] [net.minecraftforge.fml.javafmlmod.AutomaticEventSubscriber/LOADING]: Auto-subscribing net.mcreator.mofusbetterend.procedures.EyeGuardianBlockingProcedure to FORGE
[02Aug2025 00:49:28.561] [modloading-worker-0/DEBUG] [net.minecraftforge.fml.javafmlmod.AutomaticEventSubscriber/LOADING]: Auto-subscribing net.mcreator.luminousnether.network.CleansingGUIButtonMessage to MOD
[02Aug2025 00:49:28.561] [modloading-worker-0/DEBUG] [net.minecraftforge.fml.javafmlmod.AutomaticEventSubscriber/LOADING]: Auto-subscribing net.mcreator.mofusbetterend.procedures.EndermitesAttackedProcedure to FORGE
[02Aug2025 00:49:28.562] [modloading-worker-0/DEBUG] [net.minecraftforge.fml.javafmlmod.AutomaticEventSubscriber/LOADING]: Auto-subscribing net.mcreator.luminousnether.network.ChanceGUISlotMessage to MOD
[02Aug2025 00:49:28.562] [modloading-worker-0/DEBUG] [net.minecraftforge.fml.javafmlmod.AutomaticEventSubscriber/LOADING]: Auto-subscribing net.mcreator.mofusbetterend.procedures.EndermenpagedropProcedure to FORGE
[02Aug2025 00:49:28.562] [modloading-worker-0/DEBUG] [net.minecraftforge.fml.javafmlmod.AutomaticEventSubscriber/LOADING]: Auto-subscribing net.mcreator.mofusbetterend.procedures.CrestguinNestStickCheckProcedure to FORGE
[02Aug2025 00:49:28.563] [modloading-worker-0/DEBUG] [net.minecraftforge.fml.javafmlmod.AutomaticEventSubscriber/LOADING]: Auto-subscribing net.mcreator.mofusbetterend.procedures.CastlemusicresetProcedure to FORGE
[02Aug2025 00:49:28.563] [modloading-worker-0/DEBUG] [net.minecraftforge.fml.javafmlmod.AutomaticEventSubscriber/LOADING]: Auto-subscribing net.mcreator.luminousnether.network.ChanceGUIButtonMessage to MOD
[02Aug2025 00:49:28.564] [modloading-worker-0/DEBUG] [net.minecraftforge.fml.javafmlmod.AutomaticEventSubscriber/LOADING]: Auto-subscribing net.mcreator.luminousnether.init.LuminousNetherModLootModifier to MOD
[02Aug2025 00:49:28.566] [modloading-worker-0/DEBUG] [net.minecraftforge.fml.javafmlmod.AutomaticEventSubscriber/LOADING]: Auto-subscribing net.mcreator.luminousnether.init.LuminousNetherModFeatures to FORGE
[02Aug2025 00:49:28.565] [modloading-worker-0/DEBUG] [net.minecraftforge.fml.javafmlmod.AutomaticEventSubscriber/LOADING]: Auto-subscribing net.mcreator.mofusbetterend.procedures.CastleMusicProcedure to FORGE
[02Aug2025 00:49:28.567] [modloading-worker-0/DEBUG] [net.minecraftforge.fml.javafmlmod.AutomaticEventSubscriber/LOADING]: Auto-subscribing net.mcreator.mofusbetterend.procedures.CastleMusicPlayProcedure to FORGE
[02Aug2025 00:49:28.568] [modloading-worker-0/DEBUG] [net.minecraftforge.fml.javafmlmod.AutomaticEventSubscriber/LOADING]: Auto-subscribing net.mcreator.luminousnether.init.LuminousNetherModEntities to MOD
[02Aug2025 00:49:28.568] [modloading-worker-0/DEBUG] [net.minecraftforge.fml.javafmlmod.AutomaticEventSubscriber/LOADING]: Auto-subscribing net.mcreator.luminousnether.init.LuminousNetherModConfigs to MOD
[02Aug2025 00:49:28.570] [modloading-worker-0/DEBUG] [net.minecraftforge.fml.javafmlmod.AutomaticEventSubscriber/LOADING]: Auto-subscribing net.mcreator.luminousnether.init.LuminousNetherModCompostableItems to MOD
[02Aug2025 00:49:28.569] [modloading-worker-0/DEBUG] [net.minecraftforge.fml.javafmlmod.AutomaticEventSubscriber/LOADING]: Auto-subscribing net.mcreator.mofusbetterend.procedures.CalmthefuckdownProcedure to FORGE
[02Aug2025 00:49:28.571] [modloading-worker-0/DEBUG] [net.minecraftforge.fml.javafmlmod.AutomaticEventSubscriber/LOADING]: Auto-subscribing net.mcreator.mofusbetterend.procedures.BugSnatcherBlockIsPlacedByProcedure to FORGE
[02Aug2025 00:49:28.571] [modloading-worker-0/DEBUG] [net.minecraftforge.fml.javafmlmod.AutomaticEventSubscriber/LOADING]: Auto-subscribing net.mcreator.luminousnether.init.LuminousNetherModBiomes to FORGE
[02Aug2025 00:49:28.572] [modloading-worker-0/DEBUG] [net.minecraftforge.fml.javafmlmod.AutomaticEventSubscriber/LOADING]: Auto-subscribing net.mcreator.mofusbetterend.procedures.BleedingeffectProcedure to FORGE
[02Aug2025 00:49:28.573] [modloading-worker-0/DEBUG] [net.minecraftforge.fml.javafmlmod.AutomaticEventSubscriber/LOADING]: Auto-subscribing net.mcreator.luminousnether.init.EntityAnimationFactory to FORGE
[02Aug2025 00:49:28.574] [modloading-worker-0/DEBUG] [net.minecraftforge.fml.javafmlmod.AutomaticEventSubscriber/LOADING]: Auto-subscribing net.mcreator.mofusbetterend.procedures.BlackwaspAttackedProcedure to FORGE
[02Aug2025 00:49:28.575] [modloading-worker-0/DEBUG] [net.minecraftforge.fml.javafmlmod.AutomaticEventSubscriber/LOADING]: Auto-subscribing net.mcreator.mofusbetterend.procedures.AsteroidElytraeffectProcedure to FORGE
[02Aug2025 00:49:28.576] [modloading-worker-0/DEBUG] [net.minecraftforge.fml.javafmlmod.AutomaticEventSubscriber/LOADING]: Auto-subscribing net.mcreator.mofusbetterend.network.SacredTableGuiSlotMessage to MOD
[02Aug2025 00:49:28.577] [modloading-worker-0/DEBUG] [net.minecraftforge.fml.javafmlmod.AutomaticEventSubscriber/LOADING]: Auto-subscribing net.mcreator.mofusbetterend.network.SacredTableGuiButtonMessage to MOD
[02Aug2025 00:49:28.578] [modloading-worker-0/DEBUG] [net.minecraftforge.fml.javafmlmod.AutomaticEventSubscriber/LOADING]: Auto-subscribing net.mcreator.mofusbetterend.network.NautilusUpMessage to MOD
[02Aug2025 00:49:28.579] [modloading-worker-0/DEBUG] [net.minecraftforge.fml.javafmlmod.AutomaticEventSubscriber/LOADING]: Auto-subscribing net.mcreator.mofusbetterend.network.NautilusThrustMessage to MOD
[02Aug2025 00:49:28.579] [modloading-worker-0/DEBUG] [net.minecraftforge.fml.javafmlmod.AutomaticEventSubscriber/LOADING]: Auto-subscribing net.mcreator.mofusbetterend.network.NautilusForwardMessage to MOD
[02Aug2025 00:49:28.580] [modloading-worker-0/DEBUG] [net.minecraftforge.fml.javafmlmod.AutomaticEventSubscriber/LOADING]: Auto-subscribing net.mcreator.mofusbetterend.network.NautilusDownMessage to MOD
[02Aug2025 00:49:28.581] [modloading-worker-0/DEBUG] [net.minecraftforge.fml.javafmlmod.AutomaticEventSubscriber/LOADING]: Auto-subscribing net.mcreator.mofusbetterend.network.MofusBetterEndModVariables to MOD
[02Aug2025 00:49:28.582] [modloading-worker-0/DEBUG] [net.minecraftforge.fml.javafmlmod.AutomaticEventSubscriber/LOADING]: Auto-subscribing net.mcreator.mofusbetterend.network.MofusBetterEndModVariables$PlayerVariablesProvider to FORGE
[02Aug2025 00:49:28.583] [modloading-worker-0/DEBUG] [net.minecraftforge.fml.javafmlmod.AutomaticEventSubscriber/LOADING]: Auto-subscribing net.mcreator.mofusbetterend.network.MofusBetterEndModVariables$EventBusVariableHandlers to FORGE
[02Aug2025 00:49:28.586] [modloading-worker-0/DEBUG] [net.minecraftforge.fml.javafmlmod.AutomaticEventSubscriber/LOADING]: Auto-subscribing net.mcreator.mofusbetterend.network.MechCreationStationGUISlotMessage to MOD
[02Aug2025 00:49:28.587] [modloading-worker-0/DEBUG] [net.minecraftforge.fml.javafmlmod.AutomaticEventSubscriber/LOADING]: Auto-subscribing net.mcreator.mofusbetterend.network.MechCreationStationGUIButtonMessage to MOD
[02Aug2025 00:49:28.588] [modloading-worker-0/DEBUG] [net.minecraftforge.fml.javafmlmod.AutomaticEventSubscriber/LOADING]: Auto-subscribing net.mcreator.mofusbetterend.network.GrassHopperSuitGuiSlotMessage to MOD
[02Aug2025 00:49:28.588] [modloading-worker-0/DEBUG] [net.minecraftforge.fml.javafmlmod.AutomaticEventSubscriber/LOADING]: Auto-subscribing net.mcreator.mofusbetterend.network.GhSuitWalkrMessage to MOD
[02Aug2025 00:49:28.589] [modloading-worker-0/DEBUG] [net.minecraftforge.fml.javafmlmod.AutomaticEventSubscriber/LOADING]: Auto-subscribing net.mcreator.mofusbetterend.network.GhSuitWalklMessage to MOD
[02Aug2025 00:49:28.590] [modloading-worker-0/DEBUG] [net.minecraftforge.fml.javafmlmod.AutomaticEventSubscriber/LOADING]: Auto-subscribing net.mcreator.mofusbetterend.network.GhSuitWalkfMessage to MOD
[02Aug2025 00:49:28.591] [modloading-worker-0/DEBUG] [net.minecraftforge.fml.javafmlmod.AutomaticEventSubscriber/LOADING]: Auto-subscribing net.mcreator.mofusbetterend.network.GhSuitJumpMessage to MOD
[02Aug2025 00:49:28.592] [modloading-worker-0/DEBUG] [net.minecraftforge.fml.javafmlmod.AutomaticEventSubscriber/LOADING]: Auto-subscribing net.mcreator.mofusbetterend.network.GhSuitInventoryMessage to MOD
[02Aug2025 00:49:28.593] [modloading-worker-0/DEBUG] [net.minecraftforge.fml.javafmlmod.AutomaticEventSubscriber/LOADING]: Auto-subscribing net.mcreator.mofusbetterend.network.GhSuitFlyMessage to MOD
[02Aug2025 00:49:28.593] [modloading-worker-0/DEBUG] [net.minecraftforge.fml.javafmlmod.AutomaticEventSubscriber/LOADING]: Auto-subscribing net.mcreator.mofusbetterend.network.GhSuitAttackMessage to MOD
[02Aug2025 00:49:28.594] [modloading-worker-0/DEBUG] [net.minecraftforge.fml.javafmlmod.AutomaticEventSubscriber/LOADING]: Auto-subscribing net.mcreator.mofusbetterend.network.FlyingmantaupMessage to MOD
[02Aug2025 00:49:28.595] [modloading-worker-0/DEBUG] [net.minecraftforge.fml.javafmlmod.AutomaticEventSubscriber/LOADING]: Auto-subscribing net.mcreator.mofusbetterend.network.FlyingmantadownMessage to MOD
[02Aug2025 00:49:28.596] [modloading-worker-0/DEBUG] [net.minecraftforge.fml.javafmlmod.AutomaticEventSubscriber/LOADING]: Auto-subscribing net.mcreator.mofusbetterend.network.EndstoryBookButtonMessage to MOD
[02Aug2025 00:49:28.597] [modloading-worker-0/DEBUG] [net.minecraftforge.fml.javafmlmod.AutomaticEventSubscriber/LOADING]: Auto-subscribing net.mcreator.mofusbetterend.network.BookOfVoidGUIButtonMessage to MOD
[02Aug2025 00:49:28.598] [modloading-worker-0/DEBUG] [net.minecraftforge.fml.javafmlmod.AutomaticEventSubscriber/LOADING]: Auto-subscribing net.mcreator.mofusbetterend.network.ArmorsAbilitiesMessage to MOD
[02Aug2025 00:49:28.598] [modloading-worker-0/DEBUG] [net.minecraftforge.fml.javafmlmod.AutomaticEventSubscriber/LOADING]: Auto-subscribing net.mcreator.mofusbetterend.init.MofusBetterEndModSurfaceRules to FORGE
[02Aug2025 00:49:28.599] [modloading-worker-0/DEBUG] [net.minecraftforge.fml.javafmlmod.AutomaticEventSubscriber/LOADING]: Auto-subscribing net.mcreator.mofusbetterend.init.MofusBetterEndModEntities to MOD
[02Aug2025 00:49:28.600] [modloading-worker-0/DEBUG] [net.minecraftforge.fml.javafmlmod.AutomaticEventSubscriber/LOADING]: Auto-subscribing net.mcreator.mofusbetterend.init.MofusBetterEndModEndBiomes to MOD
[02Aug2025 00:49:28.601] [modloading-worker-0/DEBUG] [net.minecraftforge.fml.javafmlmod.AutomaticEventSubscriber/LOADING]: Auto-subscribing net.mcreator.mofusbetterend.init.ItemAnimationFactory to FORGE
[02Aug2025 00:49:28.602] [modloading-worker-0/DEBUG] [net.minecraftforge.fml.javafmlmod.AutomaticEventSubscriber/LOADING]: Auto-subscribing net.mcreator.mofusbetterend.init.EntityAnimationFactory to FORGE
[02Aug2025 00:49:28.603] [modloading-worker-0/DEBUG] [net.minecraftforge.fml.javafmlmod.AutomaticEventSubscriber/LOADING]: Auto-subscribing net.mcreator.mofusbetterend.init.ArmorAnimationFactory to FORGE
[02Aug2025 00:49:28.604] [modloading-worker-0/DEBUG] [net.minecraftforge.fml.javafmlmod.AutomaticEventSubscriber/LOADING]: Auto-subscribing net.mcreator.mofusbetterend.block.listener.ClientListener to MOD
[02Aug2025 00:49:28.606] [main/DEBUG] [net.minecraftforge.fml.DeferredWorkQueue/LOADING]: Dispatching synchronous work for work queue CONSTRUCT: 5 jobs
[02Aug2025 00:49:28.612] [main/DEBUG] [net.minecraftforge.fml.config.ConfigTracker/CONFIG]: Config file Luminous_Nether_Configuration.toml for luminous_nether tracking
[02Aug2025 00:49:28.613] [main/DEBUG] [net.minecraftforge.fml.DeferredWorkQueue/LOADING]: Synchronous work queue completed in 5.834 ms
[02Aug2025 00:49:28.698] [main/DEBUG] [net.minecraftforge.common.capabilities.CapabilityManager/CAPABILITIES]: Attempting to automatically register: Lcom/cerbon/bosses_of_mass_destruction/capability/ChunkBlockCacheProvider;
[02Aug2025 00:49:28.699] [main/DEBUG] [net.minecraftforge.common.capabilities.CapabilityManager/CAPABILITIES]: Attempting to automatically register: Lcom/cerbon/cerbons_api/capability/providers/BlockPosHistoryProvider;
[02Aug2025 00:49:28.699] [main/DEBUG] [net.minecraftforge.common.capabilities.CapabilityManager/CAPABILITIES]: Attempting to automatically register: Lcom/cerbon/cerbons_api/capability/providers/LevelEventSchedulerProvider;
[02Aug2025 00:49:28.699] [main/DEBUG] [net.minecraftforge.common.capabilities.CapabilityManager/CAPABILITIES]: Attempting to automatically register: Lcom/cerbon/cerbons_api/capability/providers/Vec3HistoryProvider;
[02Aug2025 00:49:28.699] [main/DEBUG] [net.minecraftforge.common.capabilities.CapabilityManager/CAPABILITIES]: Attempting to automatically register: Lnet/minecraftforge/energy/IEnergyStorage;
[02Aug2025 00:49:28.699] [main/DEBUG] [net.minecraftforge.common.capabilities.CapabilityManager/CAPABILITIES]: Attempting to automatically register: Lnet/minecraftforge/fluids/capability/IFluidHandler;
[02Aug2025 00:49:28.699] [main/DEBUG] [net.minecraftforge.common.capabilities.CapabilityManager/CAPABILITIES]: Attempting to automatically register: Lnet/minecraftforge/fluids/capability/IFluidHandlerItem;
[02Aug2025 00:49:28.699] [main/DEBUG] [net.minecraftforge.common.capabilities.CapabilityManager/CAPABILITIES]: Attempting to automatically register: Lnet/minecraftforge/items/IItemHandler;
[02Aug2025 00:49:31.737] [main/DEBUG] [mixin/]: Mixing accessor.ShapelessRecipeAccessor from tombstone.mixins.json into net.minecraft.world.item.crafting.ShapelessRecipe
[02Aug2025 00:49:31.890] [main/INFO] [ModdingLegacy/StructureGel/]: [structure_gel] Registering data for structure_gel:loot_table_alias
[02Aug2025 00:49:31.906] [main/INFO] [ModdingLegacy/StructureGel/]: [structure_gel] Registering data for structure_gel:data_handler_type
[02Aug2025 00:49:31.909] [main/INFO] [ModdingLegacy/StructureGel/]: [structure_gel] Registering data for structure_gel:dynamic_spawner
[02Aug2025 00:49:31.911] [main/INFO] [ModdingLegacy/StructureGel/]: [structure_gel] Registering data for structure_gel:jigsaw_type
[02Aug2025 00:49:31.965] [main/DEBUG] [mixin/]: Mixing ForgeHooksMixin from tombstone.mixins.json into net.minecraftforge.common.ForgeHooks
[02Aug2025 00:49:31.992] [main/DEBUG] [mixin/]: Mixing compat116plus.TargetPredicateMixin from pehkui.mixins.json into net.minecraft.world.entity.ai.targeting.TargetingConditions
[02Aug2025 00:49:32.134] [main/DEBUG] [net.minecraftforge.fml.config.ConfigTracker/CONFIG]: Loading configs type COMMON
[02Aug2025 00:49:32.135] [main/DEBUG] [net.minecraftforge.fml.config.ConfigFileTypeHandler/CONFIG]: Built TOML config for /workspaces/cosecha/servidor_minecraft/config/betterdungeons-forge-1_20.toml
[02Aug2025 00:49:32.135] [main/DEBUG] [net.minecraftforge.fml.config.ConfigFileTypeHandler/CONFIG]: Loaded TOML config file /workspaces/cosecha/servidor_minecraft/config/betterdungeons-forge-1_20.toml
[02Aug2025 00:49:32.136] [main/DEBUG] [net.minecraftforge.fml.config.ConfigFileTypeHandler/CONFIG]: Watching TOML config file /workspaces/cosecha/servidor_minecraft/config/betterdungeons-forge-1_20.toml for changes
[02Aug2025 00:49:32.138] [Thread-1/DEBUG] [net.minecraftforge.fml.config.ConfigFileTypeHandler/CONFIG]: Config file betterdungeons-forge-1_20.toml changed, sending notifies
[02Aug2025 00:49:32.139] [Thread-1/DEBUG] [net.minecraftforge.fml.config.ConfigFileTypeHandler/CONFIG]: Config file betterdungeons-forge-1_20.toml changed, sending notifies
[02Aug2025 00:49:32.139] [main/DEBUG] [net.minecraftforge.fml.config.ConfigFileTypeHandler/CONFIG]: Built TOML config for /workspaces/cosecha/servidor_minecraft/config/netherexp-common.toml
[02Aug2025 00:49:32.140] [main/DEBUG] [net.minecraftforge.fml.config.ConfigFileTypeHandler/CONFIG]: Loaded TOML config file /workspaces/cosecha/servidor_minecraft/config/netherexp-common.toml
[02Aug2025 00:49:32.141] [main/DEBUG] [net.minecraftforge.fml.config.ConfigFileTypeHandler/CONFIG]: Watching TOML config file /workspaces/cosecha/servidor_minecraft/config/netherexp-common.toml for changes
[02Aug2025 00:49:32.142] [Thread-1/DEBUG] [net.minecraftforge.fml.config.ConfigFileTypeHandler/CONFIG]: Config file netherexp-common.toml changed, sending notifies
[02Aug2025 00:49:32.145] [Thread-1/DEBUG] [net.minecraftforge.fml.config.ConfigFileTypeHandler/CONFIG]: Config file netherexp-common.toml changed, sending notifies
[02Aug2025 00:49:32.145] [Thread-1/DEBUG] [net.minecraftforge.fml.config.ConfigFileTypeHandler/CONFIG]: Config file netherexp-common.toml changed, sending notifies
[02Aug2025 00:49:32.145] [main/DEBUG] [net.minecraftforge.fml.config.ConfigFileTypeHandler/CONFIG]: Built TOML config for /workspaces/cosecha/servidor_minecraft/config/pehkui-common.toml
[02Aug2025 00:49:32.146] [main/DEBUG] [net.minecraftforge.fml.config.ConfigFileTypeHandler/CONFIG]: Loaded TOML config file /workspaces/cosecha/servidor_minecraft/config/pehkui-common.toml
[02Aug2025 00:49:32.146] [main/DEBUG] [net.minecraftforge.fml.config.ConfigFileTypeHandler/CONFIG]: Watching TOML config file /workspaces/cosecha/servidor_minecraft/config/pehkui-common.toml for changes
[02Aug2025 00:49:32.146] [Thread-1/DEBUG] [net.minecraftforge.fml.config.ConfigFileTypeHandler/CONFIG]: Config file pehkui-common.toml changed, sending notifies
[02Aug2025 00:49:32.147] [Thread-1/DEBUG] [net.minecraftforge.fml.config.ConfigFileTypeHandler/CONFIG]: Config file pehkui-common.toml changed, sending notifies
[02Aug2025 00:49:32.147] [main/DEBUG] [net.minecraftforge.fml.config.ConfigFileTypeHandler/CONFIG]: Built TOML config for /workspaces/cosecha/servidor_minecraft/config/sophisticatedcore-common.toml
[02Aug2025 00:49:32.147] [main/DEBUG] [net.minecraftforge.fml.config.ConfigFileTypeHandler/CONFIG]: Loaded TOML config file /workspaces/cosecha/servidor_minecraft/config/sophisticatedcore-common.toml
[02Aug2025 00:49:32.147] [main/DEBUG] [net.minecraftforge.fml.config.ConfigFileTypeHandler/CONFIG]: Watching TOML config file /workspaces/cosecha/servidor_minecraft/config/sophisticatedcore-common.toml for changes
[02Aug2025 00:49:32.148] [Thread-1/DEBUG] [net.minecraftforge.fml.config.ConfigFileTypeHandler/CONFIG]: Config file sophisticatedcore-common.toml changed, sending notifies
[02Aug2025 00:49:32.148] [Thread-1/DEBUG] [net.minecraftforge.fml.config.ConfigFileTypeHandler/CONFIG]: Config file sophisticatedcore-common.toml changed, sending notifies
[02Aug2025 00:49:32.148] [main/DEBUG] [net.minecraftforge.fml.config.ConfigFileTypeHandler/CONFIG]: Built TOML config for /workspaces/cosecha/servidor_minecraft/config/kleeslabs-common.toml
[02Aug2025 00:49:32.149] [main/DEBUG] [net.minecraftforge.fml.config.ConfigFileTypeHandler/CONFIG]: Loaded TOML config file /workspaces/cosecha/servidor_minecraft/config/kleeslabs-common.toml
[02Aug2025 00:49:32.149] [main/DEBUG] [net.minecraftforge.fml.config.ConfigFileTypeHandler/CONFIG]: Watching TOML config file /workspaces/cosecha/servidor_minecraft/config/kleeslabs-common.toml for changes
[02Aug2025 00:49:32.149] [Thread-1/DEBUG] [net.minecraftforge.fml.config.ConfigFileTypeHandler/CONFIG]: Config file kleeslabs-common.toml changed, sending notifies
[02Aug2025 00:49:32.150] [main/DEBUG] [net.minecraftforge.fml.config.ConfigFileTypeHandler/CONFIG]: Built TOML config for /workspaces/cosecha/servidor_minecraft/config/waystones-common.toml
[02Aug2025 00:49:32.151] [main/DEBUG] [net.minecraftforge.fml.config.ConfigFileTypeHandler/CONFIG]: Loaded TOML config file /workspaces/cosecha/servidor_minecraft/config/waystones-common.toml
[02Aug2025 00:49:32.151] [main/DEBUG] [net.minecraftforge.fml.config.ConfigFileTypeHandler/CONFIG]: Watching TOML config file /workspaces/cosecha/servidor_minecraft/config/waystones-common.toml for changes
[02Aug2025 00:49:32.152] [Thread-1/DEBUG] [net.minecraftforge.fml.config.ConfigFileTypeHandler/CONFIG]: Config file kleeslabs-common.toml changed, sending notifies
[02Aug2025 00:49:32.153] [main/DEBUG] [net.minecraftforge.fml.config.ConfigFileTypeHandler/CONFIG]: Built TOML config for /workspaces/cosecha/servidor_minecraft/config/piglinproliferation-common.toml
[02Aug2025 00:49:32.154] [main/DEBUG] [net.minecraftforge.fml.config.ConfigFileTypeHandler/CONFIG]: Loaded TOML config file /workspaces/cosecha/servidor_minecraft/config/piglinproliferation-common.toml
[02Aug2025 00:49:32.154] [main/DEBUG] [net.minecraftforge.fml.config.ConfigFileTypeHandler/CONFIG]: Watching TOML config file /workspaces/cosecha/servidor_minecraft/config/piglinproliferation-common.toml for changes
[02Aug2025 00:49:32.155] [Thread-1/DEBUG] [net.minecraftforge.fml.config.ConfigFileTypeHandler/CONFIG]: Config file piglinproliferation-common.toml changed, sending notifies
[02Aug2025 00:49:32.155] [Thread-1/DEBUG] [net.minecraftforge.fml.config.ConfigFileTypeHandler/CONFIG]: Config file piglinproliferation-common.toml changed, sending notifies
[02Aug2025 00:49:32.156] [main/DEBUG] [net.minecraftforge.fml.config.ConfigFileTypeHandler/CONFIG]: Built TOML config for /workspaces/cosecha/servidor_minecraft/config/citadel-common.toml
[02Aug2025 00:49:32.156] [main/DEBUG] [net.minecraftforge.fml.config.ConfigFileTypeHandler/CONFIG]: Loaded TOML config file /workspaces/cosecha/servidor_minecraft/config/citadel-common.toml
[02Aug2025 00:49:32.156] [main/DEBUG] [net.minecraftforge.fml.config.ConfigFileTypeHandler/CONFIG]: Watching TOML config file /workspaces/cosecha/servidor_minecraft/config/citadel-common.toml for changes
[02Aug2025 00:49:32.156] [Thread-1/DEBUG] [net.minecraftforge.fml.config.ConfigFileTypeHandler/CONFIG]: Config file citadel-common.toml changed, sending notifies
[02Aug2025 00:49:32.157] [Thread-1/DEBUG] [net.minecraftforge.fml.config.ConfigFileTypeHandler/CONFIG]: Config file citadel-common.toml changed, sending notifies
[02Aug2025 00:49:32.157] [main/DEBUG] [net.minecraftforge.fml.config.ConfigFileTypeHandler/CONFIG]: Built TOML config for /workspaces/cosecha/servidor_minecraft/config/alexsmobs.toml
[02Aug2025 00:49:32.160] [main/DEBUG] [net.minecraftforge.fml.config.ConfigFileTypeHandler/CONFIG]: Loaded TOML config file /workspaces/cosecha/servidor_minecraft/config/alexsmobs.toml
[02Aug2025 00:49:32.160] [main/DEBUG] [net.minecraftforge.fml.config.ConfigFileTypeHandler/CONFIG]: Watching TOML config file /workspaces/cosecha/servidor_minecraft/config/alexsmobs.toml for changes
[02Aug2025 00:49:32.205] [Thread-1/DEBUG] [net.minecraftforge.fml.config.ConfigFileTypeHandler/CONFIG]: Config file alexsmobs.toml changed, sending notifies
[02Aug2025 00:49:32.206] [main/DEBUG] [net.minecraftforge.fml.config.ConfigFileTypeHandler/CONFIG]: Built TOML config for /workspaces/cosecha/servidor_minecraft/config/sophisticatedbackpacks-common.toml
[02Aug2025 00:49:32.206] [main/DEBUG] [net.minecraftforge.fml.config.ConfigFileTypeHandler/CONFIG]: Loaded TOML config file /workspaces/cosecha/servidor_minecraft/config/sophisticatedbackpacks-common.toml
[02Aug2025 00:49:32.206] [main/DEBUG] [net.minecraftforge.fml.config.ConfigFileTypeHandler/CONFIG]: Watching TOML config file /workspaces/cosecha/servidor_minecraft/config/sophisticatedbackpacks-common.toml for changes
[02Aug2025 00:49:32.206] [main/DEBUG] [net.minecraftforge.fml.config.ConfigFileTypeHandler/CONFIG]: Built TOML config for /workspaces/cosecha/servidor_minecraft/config/takesapillage-common.toml
[02Aug2025 00:49:32.207] [main/DEBUG] [net.minecraftforge.fml.config.ConfigFileTypeHandler/CONFIG]: Loaded TOML config file /workspaces/cosecha/servidor_minecraft/config/takesapillage-common.toml
[02Aug2025 00:49:32.207] [main/DEBUG] [net.minecraftforge.fml.config.ConfigFileTypeHandler/CONFIG]: Watching TOML config file /workspaces/cosecha/servidor_minecraft/config/takesapillage-common.toml for changes
[02Aug2025 00:49:32.207] [main/DEBUG] [net.minecraftforge.fml.config.ConfigFileTypeHandler/CONFIG]: Built TOML config for /workspaces/cosecha/servidor_minecraft/config/balm-common.toml
[02Aug2025 00:49:32.208] [main/DEBUG] [net.minecraftforge.fml.config.ConfigFileTypeHandler/CONFIG]: Loaded TOML config file /workspaces/cosecha/servidor_minecraft/config/balm-common.toml
[02Aug2025 00:49:32.208] [main/DEBUG] [net.minecraftforge.fml.config.ConfigFileTypeHandler/CONFIG]: Watching TOML config file /workspaces/cosecha/servidor_minecraft/config/balm-common.toml for changes
[02Aug2025 00:49:32.209] [main/DEBUG] [net.minecraftforge.fml.config.ConfigFileTypeHandler/CONFIG]: Built TOML config for /workspaces/cosecha/servidor_minecraft/config/blueprint-common.toml
[02Aug2025 00:49:32.209] [main/DEBUG] [net.minecraftforge.fml.config.ConfigFileTypeHandler/CONFIG]: Loaded TOML config file /workspaces/cosecha/servidor_minecraft/config/blueprint-common.toml
[02Aug2025 00:49:32.209] [main/DEBUG] [net.minecraftforge.fml.config.ConfigFileTypeHandler/CONFIG]: Watching TOML config file /workspaces/cosecha/servidor_minecraft/config/blueprint-common.toml for changes
[02Aug2025 00:49:32.209] [main/DEBUG] [net.minecraftforge.fml.config.ConfigFileTypeHandler/CONFIG]: Built TOML config for /workspaces/cosecha/servidor_minecraft/config/jeresources-common.toml
[02Aug2025 00:49:32.209] [main/DEBUG] [net.minecraftforge.fml.config.ConfigFileTypeHandler/CONFIG]: Loaded TOML config file /workspaces/cosecha/servidor_minecraft/config/jeresources-common.toml
[02Aug2025 00:49:32.210] [main/DEBUG] [net.minecraftforge.fml.config.ConfigFileTypeHandler/CONFIG]: Watching TOML config file /workspaces/cosecha/servidor_minecraft/config/jeresources-common.toml for changes
[02Aug2025 00:49:32.210] [main/DEBUG] [net.minecraftforge.fml.config.ConfigFileTypeHandler/CONFIG]: Built TOML config for /workspaces/cosecha/servidor_minecraft/config/betterfortresses-forge-1_20.toml
[02Aug2025 00:49:32.210] [main/DEBUG] [net.minecraftforge.fml.config.ConfigFileTypeHandler/CONFIG]: Loaded TOML config file /workspaces/cosecha/servidor_minecraft/config/betterfortresses-forge-1_20.toml
[02Aug2025 00:49:32.210] [main/DEBUG] [net.minecraftforge.fml.config.ConfigFileTypeHandler/CONFIG]: Watching TOML config file /workspaces/cosecha/servidor_minecraft/config/betterfortresses-forge-1_20.toml for changes
[02Aug2025 00:49:32.215] [main/DEBUG] [net.minecraftforge.fml.config.ConfigFileTypeHandler/CONFIG]: Built TOML config for /workspaces/cosecha/servidor_minecraft/config/structure_gel-common.toml
[02Aug2025 00:49:32.215] [main/DEBUG] [net.minecraftforge.fml.config.ConfigFileTypeHandler/CONFIG]: Loaded TOML config file /workspaces/cosecha/servidor_minecraft/config/structure_gel-common.toml
[02Aug2025 00:49:32.216] [main/DEBUG] [net.minecraftforge.fml.config.ConfigFileTypeHandler/CONFIG]: Watching TOML config file /workspaces/cosecha/servidor_minecraft/config/structure_gel-common.toml for changes
[02Aug2025 00:49:32.216] [main/DEBUG] [net.minecraftforge.fml.config.ConfigFileTypeHandler/CONFIG]: Built TOML config for /workspaces/cosecha/servidor_minecraft/config/endergetic-common.toml
[02Aug2025 00:49:32.216] [main/DEBUG] [net.minecraftforge.fml.config.ConfigFileTypeHandler/CONFIG]: Loaded TOML config file /workspaces/cosecha/servidor_minecraft/config/endergetic-common.toml
[02Aug2025 00:49:32.216] [main/DEBUG] [net.minecraftforge.fml.config.ConfigFileTypeHandler/CONFIG]: Watching TOML config file /workspaces/cosecha/servidor_minecraft/config/endergetic-common.toml for changes
[02Aug2025 00:49:32.217] [main/DEBUG] [net.minecraftforge.fml.config.ConfigFileTypeHandler/CONFIG]: Built TOML config for /workspaces/cosecha/servidor_minecraft/config/endrem.toml
[02Aug2025 00:49:32.217] [main/DEBUG] [net.minecraftforge.fml.config.ConfigFileTypeHandler/CONFIG]: Loaded TOML config file /workspaces/cosecha/servidor_minecraft/config/endrem.toml
[02Aug2025 00:49:32.217] [main/DEBUG] [net.minecraftforge.fml.config.ConfigFileTypeHandler/CONFIG]: Watching TOML config file /workspaces/cosecha/servidor_minecraft/config/endrem.toml for changes
[02Aug2025 00:49:32.218] [main/DEBUG] [net.minecraftforge.fml.config.ConfigFileTypeHandler/CONFIG]: Built TOML config for /workspaces/cosecha/servidor_minecraft/config/dungeons_enhanced-common.toml
[02Aug2025 00:49:32.222] [main/DEBUG] [net.minecraftforge.fml.config.ConfigFileTypeHandler/CONFIG]: Loaded TOML config file /workspaces/cosecha/servidor_minecraft/config/dungeons_enhanced-common.toml
[02Aug2025 00:49:32.222] [main/DEBUG] [net.minecraftforge.fml.config.ConfigFileTypeHandler/CONFIG]: Watching TOML config file /workspaces/cosecha/servidor_minecraft/config/dungeons_enhanced-common.toml for changes
[02Aug2025 00:49:32.228] [main/DEBUG] [net.minecraftforge.fml.config.ConfigFileTypeHandler/CONFIG]: Built TOML config for /workspaces/cosecha/servidor_minecraft/config/cataclysm.toml
[02Aug2025 00:49:32.231] [main/DEBUG] [net.minecraftforge.fml.config.ConfigFileTypeHandler/CONFIG]: Loaded TOML config file /workspaces/cosecha/servidor_minecraft/config/cataclysm.toml
[02Aug2025 00:49:32.232] [main/DEBUG] [net.minecraftforge.fml.config.ConfigFileTypeHandler/CONFIG]: Watching TOML config file /workspaces/cosecha/servidor_minecraft/config/cataclysm.toml for changes
[02Aug2025 00:49:32.237] [Thread-1/DEBUG] [net.minecraftforge.fml.config.ConfigFileTypeHandler/CONFIG]: Config file alexsmobs.toml changed, sending notifies
[02Aug2025 00:49:32.242] [main/DEBUG] [net.minecraftforge.fml.config.ConfigFileTypeHandler/CONFIG]: Built TOML config for /workspaces/cosecha/servidor_minecraft/config/curios-common.toml
[02Aug2025 00:49:32.243] [main/DEBUG] [net.minecraftforge.fml.config.ConfigFileTypeHandler/CONFIG]: Loaded TOML config file /workspaces/cosecha/servidor_minecraft/config/curios-common.toml
[02Aug2025 00:49:32.243] [main/DEBUG] [net.minecraftforge.fml.config.ConfigFileTypeHandler/CONFIG]: Watching TOML config file /workspaces/cosecha/servidor_minecraft/config/curios-common.toml for changes
[02Aug2025 00:49:32.244] [main/DEBUG] [net.minecraftforge.fml.config.ConfigFileTypeHandler/CONFIG]: Built TOML config for /workspaces/cosecha/servidor_minecraft/config/legendary_monsters-common.toml
[02Aug2025 00:49:32.244] [main/DEBUG] [net.minecraftforge.fml.config.ConfigFileTypeHandler/CONFIG]: Loaded TOML config file /workspaces/cosecha/servidor_minecraft/config/legendary_monsters-common.toml
[02Aug2025 00:49:32.244] [main/DEBUG] [net.minecraftforge.fml.config.ConfigFileTypeHandler/CONFIG]: Watching TOML config file /workspaces/cosecha/servidor_minecraft/config/legendary_monsters-common.toml for changes
[02Aug2025 00:49:32.246] [main/DEBUG] [net.minecraftforge.fml.config.ConfigFileTypeHandler/CONFIG]: Built TOML config for /workspaces/cosecha/servidor_minecraft/config/tombstone-common.toml
[02Aug2025 00:49:32.247] [main/DEBUG] [net.minecraftforge.fml.config.ConfigFileTypeHandler/CONFIG]: Loaded TOML config file /workspaces/cosecha/servidor_minecraft/config/tombstone-common.toml
[02Aug2025 00:49:32.247] [main/DEBUG] [net.minecraftforge.fml.config.ConfigFileTypeHandler/CONFIG]: Watching TOML config file /workspaces/cosecha/servidor_minecraft/config/tombstone-common.toml for changes
[02Aug2025 00:49:32.249] [main/DEBUG] [net.minecraftforge.fml.config.ConfigFileTypeHandler/CONFIG]: Built TOML config for /workspaces/cosecha/servidor_minecraft/config/tlc.toml
[02Aug2025 00:49:32.249] [main/DEBUG] [net.minecraftforge.fml.config.ConfigFileTypeHandler/CONFIG]: Loaded TOML config file /workspaces/cosecha/servidor_minecraft/config/tlc.toml
[02Aug2025 00:49:32.249] [main/DEBUG] [net.minecraftforge.fml.config.ConfigFileTypeHandler/CONFIG]: Watching TOML config file /workspaces/cosecha/servidor_minecraft/config/tlc.toml for changes
[02Aug2025 00:49:32.250] [main/DEBUG] [net.minecraftforge.fml.config.ConfigFileTypeHandler/CONFIG]: Built TOML config for /workspaces/cosecha/servidor_minecraft/config/betterendisland-forge-1_20.toml
[02Aug2025 00:49:32.250] [main/DEBUG] [net.minecraftforge.fml.config.ConfigFileTypeHandler/CONFIG]: Loaded TOML config file /workspaces/cosecha/servidor_minecraft/config/betterendisland-forge-1_20.toml
[02Aug2025 00:49:32.250] [main/DEBUG] [net.minecraftforge.fml.config.ConfigFileTypeHandler/CONFIG]: Watching TOML config file /workspaces/cosecha/servidor_minecraft/config/betterendisland-forge-1_20.toml for changes
[02Aug2025 00:49:32.251] [main/DEBUG] [net.minecraftforge.fml.config.ConfigFileTypeHandler/CONFIG]: Built TOML config for /workspaces/cosecha/servidor_minecraft/config/Luminous_Nether_Configuration.toml
[02Aug2025 00:49:32.251] [main/DEBUG] [net.minecraftforge.fml.config.ConfigFileTypeHandler/CONFIG]: Loaded TOML config file /workspaces/cosecha/servidor_minecraft/config/Luminous_Nether_Configuration.toml
[02Aug2025 00:49:32.252] [main/DEBUG] [net.minecraftforge.fml.config.ConfigFileTypeHandler/CONFIG]: Watching TOML config file /workspaces/cosecha/servidor_minecraft/config/Luminous_Nether_Configuration.toml for changes
[02Aug2025 00:49:32.271] [Thread-1/DEBUG] [net.minecraftforge.fml.config.ConfigFileTypeHandler/CONFIG]: Config file betterfortresses-forge-1_20.toml changed, sending notifies
[02Aug2025 00:49:32.276] [Thread-1/DEBUG] [net.minecraftforge.fml.config.ConfigFileTypeHandler/CONFIG]: Config file structure_gel-common.toml changed, sending notifies
[02Aug2025 00:49:32.279] [Thread-1/DEBUG] [net.minecraftforge.fml.config.ConfigFileTypeHandler/CONFIG]: Config file dungeons_enhanced-common.toml changed, sending notifies
[02Aug2025 00:49:32.287] [modloading-worker-0/INFO] [Dungeon Crawl/]: Common Setup
[02Aug2025 00:49:32.369] [modloading-worker-0/DEBUG] [mixin/]: Mixing MixinSlotAttribute from curios.mixins.json into top.theillusivec4.curios.api.SlotAttribute
[02Aug2025 00:49:32.374] [modloading-worker-0/DEBUG] [mixin/]: Mixing MixinCuriosApi from curios.mixins.json into top.theillusivec4.curios.api.CuriosApi
[02Aug2025 00:49:32.521] [Forge Version Check/INFO] [net.minecraftforge.fml.VersionChecker/]: [obscure_api] Starting version check at https://raw.githubusercontent.com/ObscuriaLithium/Home/main/obscure_api/versions.json
[02Aug2025 00:49:32.729] [main/DEBUG] [net.minecraftforge.fml.DeferredWorkQueue/LOADING]: Dispatching synchronous work for work queue COMMON_SETUP: 63 jobs
[02Aug2025 00:49:32.743] [main/INFO] [journeymap/]: Initializing Packet Registries
[02Aug2025 00:49:32.757] [Forge Version Check/DEBUG] [net.minecraftforge.fml.VersionChecker/]: [obscure_api] Received version check data:
404: Not Found
[02Aug2025 00:49:32.758] [Forge Version Check/WARN] [net.minecraftforge.fml.VersionChecker/]: Failed to process update information
com.google.gson.JsonSyntaxException: java.lang.IllegalStateException: Expected BEGIN_OBJECT but was NUMBER at line 1 column 4 path $
	at com.google.gson.Gson.fromJson(Gson.java:1226) ~[gson-2.10.jar%2372!/:?]
	at com.google.gson.Gson.fromJson(Gson.java:1124) ~[gson-2.10.jar%2372!/:?]
	at com.google.gson.Gson.fromJson(Gson.java:1034) ~[gson-2.10.jar%2372!/:?]
	at com.google.gson.Gson.fromJson(Gson.java:969) ~[gson-2.10.jar%2372!/:?]
	at net.minecraftforge.fml.VersionChecker$1.process(VersionChecker.java:183) ~[fmlcore-1.20.1-47.3.7.jar%23272!/:?]
	at java.lang.Iterable.forEach(Iterable.java:75) ~[?:?]
	at net.minecraftforge.fml.VersionChecker$1.run(VersionChecker.java:114) ~[fmlcore-1.20.1-47.3.7.jar%23272!/:?]
Caused by: java.lang.IllegalStateException: Expected BEGIN_OBJECT but was NUMBER at line 1 column 4 path $
	at com.google.gson.stream.JsonReader.beginObject(JsonReader.java:393) ~[gson-2.10.jar%2372!/:?]
	at com.google.gson.internal.bind.MapTypeAdapterFactory$Adapter.read(MapTypeAdapterFactory.java:182) ~[gson-2.10.jar%2372!/:?]
	at com.google.gson.internal.bind.MapTypeAdapterFactory$Adapter.read(MapTypeAdapterFactory.java:144) ~[gson-2.10.jar%2372!/:?]
	at com.google.gson.Gson.fromJson(Gson.java:1214) ~[gson-2.10.jar%2372!/:?]
	... 6 more
[02Aug2025 00:49:32.761] [Forge Version Check/INFO] [net.minecraftforge.fml.VersionChecker/]: [piglinproliferation] Starting version check at https://api.modrinth.com/updates/piglin-proliferation/forge_updates.json
[02Aug2025 00:49:32.836] [main/DEBUG] [net.minecraftforge.fml.DeferredWorkQueue/LOADING]: Synchronous work queue completed in 106.5 ms
[02Aug2025 00:49:32.896] [modloading-worker-0/INFO] [Jade/]: Start loading plugin at net.blay09.mods.waystones.compat.JadeIntegration
[02Aug2025 00:49:32.918] [modloading-worker-0/INFO] [Jade/]: Start loading plugin at snownee.jade.addon.vanilla.VanillaPlugin
[02Aug2025 00:49:32.944] [modloading-worker-0/INFO] [Jade/]: Start loading plugin at snownee.jade.addon.universal.UniversalPlugin
[02Aug2025 00:49:32.948] [modloading-worker-0/INFO] [Jade/]: Start loading plugin at snownee.jade.addon.core.CorePlugin
[02Aug2025 00:49:32.949] [modloading-worker-0/INFO] [Jade/]: Start loading plugin at ovh.corail.tombstone.compatibility.IntegrationJade
[02Aug2025 00:49:32.950] [modloading-worker-0/INFO] [Jade/]: Start loading plugin at bl4ckscor3.mod.globalxp.compat.WailaDataProvider
[02Aug2025 00:49:32.967] [main/DEBUG] [net.minecraftforge.fml.DeferredWorkQueue/LOADING]: Dispatching synchronous work for work queue COMPLETE: 2 jobs
[02Aug2025 00:49:32.972] [main/DEBUG] [net.minecraftforge.fml.DeferredWorkQueue/LOADING]: Synchronous work queue completed in 4.216 ms
[02Aug2025 00:49:33.027] [Forge Version Check/DEBUG] [net.minecraftforge.fml.VersionChecker/]: [piglinproliferation] Received version check data:
{"homepage":"https://modrinth.com/mod/piglin-proliferation","promos":{"1.20.2-recommended":"1.20.2-1.1.2","1.19.4-recommended":"1.19.4-1.0.4","1.19.1-latest":"1.19.2.1.0.0","1.19.2-recommended":"1.19.2-1.0.3","1.20.1-latest":"1.20.1-1.2.6","1.19.4-latest":"1.19.4-1.0.4","1.19-recommended":"1.19.2.1.0.0","1.19.1-recommended":"1.19.2.1.0.0","1.20-recommended":"1.20.1-1.2.2","1.19.3-recommended":"1.19.3-1.0.3","1.19-latest":"1.19.2.1.0.0","1.20-latest":"1.20.1-1.2.2","1.20.1-recommended":"1.20.1-1.2.6","1.19.3-latest":"1.19.3-1.0.3","1.20.2-latest":"1.20.2-1.1.2","1.19.2-latest":"1.19.2-1.0.3"}}
[02Aug2025 00:49:33.028] [Forge Version Check/INFO] [net.minecraftforge.fml.VersionChecker/]: [piglinproliferation] Found status: OUTDATED Current: 1.20.1-1.2.5 Target: 1.20.1-1.2.6
[02Aug2025 00:49:33.028] [Forge Version Check/INFO] [net.minecraftforge.fml.VersionChecker/]: [journeymap] Starting version check at https://forge.curseupdate.com/32274/journeymap
[02Aug2025 00:49:33.133] [Forge Version Check/DEBUG] [net.minecraftforge.fml.VersionChecker/]: [journeymap] Received version check data:
{"promos":{"1.10.2-latest":"1.10.2-5.5.2","1.10.2-recommended":"1.10.2-5.5.2","1.11-latest":"1.11-5.4.6","1.11-recommended":"1.11-5.4.6","1.11.2-latest":"1.11.2-5.5.2","1.11.2-recommended":"1.11.2-5.5.2","1.12-latest":"1.12-5.5.2","1.12-recommended":"1.12-5.5.2","1.12.1-latest":"1.12.1-5.5.2","1.12.1-recommended":"1.12.1-5.5.2","1.12.2-latest":"1.12.2-5.7.1p3","1.12.2-recommended":"1.12.2-5.7.1p3","1.14.4-latest":"5.7.0","1.14.4-recommended":"5.7.0","1.15.2-latest":"5.7.0","1.15.2-recommended":"5.7.0","1.16.2-latest":"5.7.3","1.16.2-recommended":"5.7.3","1.16.3-latest":"5.7.3","1.16.3-recommended":"5.7.3","1.16.4-latest":"5.7.3","1.16.4-recommended":"5.7.3","1.16.5-latest":"5.8.6","1.16.5-recommended":"5.8.6","1.17.1-latest":"5.8.0","1.17.1-recommended":"5.8.0","1.18-latest":"5.8.0alpha9","1.18.1-latest":"5.8.1","1.18.1-recommended":"5.8.1","1.18.2-latest":"5.9.8","1.18.2-recommended":"5.9.8","1.19-latest":"5.8.5","1.19-recommended":"5.8.5","1.19.1-latest":"5.9.0beta2","1.19.2-latest":"5.9.8","1.19.2-recommended":"5.9.8","1.19.3-latest":"5.9.7","1.19.3-recommended":"5.9.7","1.19.4-latest":"5.9.8","1.19.4-recommended":"5.9.8","1.20-latest":"5.9.8","1.20-recommended":"5.9.8","1.20.1-latest":"5.10.3","1.20.1-recommended":"5.10.3","1.20.2-latest":"5.9.21","1.20.2-recommended":"5.9.21","1.20.3-latest":"5.9.18","1.20.3-recommended":"5.9.18","1.20.4-latest":"5.10.0","1.20.4-recommended":"5.10.0","1.20.6-latest":"5.10.0","1.20.6-recommended":"5.10.0","1.21-latest":"1.21-6.0.0-beta.27","1.21.1-latest":"1.21.1-6.0.0-beta.52","1.21.4-latest":"1.21.4-6.0.0-beta.45","1.21.5-latest":"1.21.5-6.0.0-beta.52","1.21.6-latest":"1.21.6-6.0.0-beta.52","1.21.7-latest":"1.21.7-6.0.0-beta.53","1.21.8-latest":"1.21.7-6.0.0-beta.53","1.6.4-latest":"4.0.3","1.6.4-recommended":"4.0.3","1.7.10-latest":"5.2.10","1.7.10-recommended":"5.2.10","1.7.2-latest":"4.0.3","1.7.2-recommended":"4.0.3","1.8-latest":"1.8-5.1.3","1.8-recommended":"1.8-5.1.3","1.8.8-latest":"1.8.8-5.1.3","1.8.8-recommended":"1.8.8-5.1.3","1.8.9-latest":"1.8.9-5.2.4","1.8.9-recommended":"1.8.9-5.2.4","1.9-latest":"1.9-5.5.2","1.9-recommended":"1.9-5.5.2","1.9.4-latest":"1.9.4-5.5.2","1.9.4-recommended":"1.9.4-5.5.2"},"homepage":"https://www.curseforge.com/minecraft/mc-mods/journeymap"}
[02Aug2025 00:49:33.135] [Forge Version Check/INFO] [net.minecraftforge.fml.VersionChecker/]: [journeymap] Found status: UP_TO_DATE Current: 5.10.3 Target: null
[02Aug2025 00:49:33.135] [Forge Version Check/INFO] [net.minecraftforge.fml.VersionChecker/]: [forge] Starting version check at https://files.minecraftforge.net/net/minecraftforge/forge/promotions_slim.json
[02Aug2025 00:49:33.267] [Forge Version Check/DEBUG] [net.minecraftforge.fml.VersionChecker/]: [forge] Received version check data:
{
  "homepage": "https://files.minecraftforge.net/net/minecraftforge/forge/",
  "promos": {
    "1.1-latest": "1.3.4.29",
    "1.2.3-latest": "1.4.1.64",
    "1.2.4-latest": "2.0.0.68",
    "1.2.5-latest": "3.4.9.171",
    "1.3.2-latest": "4.3.5.318",
    "1.4.0-latest": "5.0.0.326",
    "1.4.1-latest": "6.0.0.329",
    "1.4.2-latest": "6.0.1.355",
    "1.4.3-latest": "6.2.1.358",
    "1.4.4-latest": "6.3.0.378",
    "1.4.5-latest": "6.4.2.448",
    "1.4.6-latest": "6.5.0.489",
    "1.4.7-latest": "6.6.2.534",
    "1.5-latest": "7.7.0.598",
    "1.5.1-latest": "7.7.2.682",
    "1.5.2-latest": "7.8.1.738",
    "1.5.2-recommended": "7.8.1.738",
    "1.6.1-latest": "8.9.0.775",
    "1.6.2-latest": "9.10.1.871",
    "1.6.2-recommended": "9.10.1.871",
    "1.6.3-latest": "9.11.0.878",
    "1.6.4-latest": "9.11.1.1345",
    "1.6.4-recommended": "9.11.1.1345",
    "1.7.2-latest": "10.12.2.1161",
    "1.7.2-recommended": "10.12.2.1161",
    "1.7.10_pre4-latest": "10.12.2.1149",
    "1.7.10-latest": "10.13.4.1614",
    "1.7.10-recommended": "10.13.4.1614",
    "1.8-latest": "11.14.4.1577",
    "1.8-recommended": "11.14.4.1563",
    "1.8.8-latest": "11.15.0.1655",
    "1.8.9-latest": "11.15.1.2318",
    "1.8.9-recommended": "11.15.1.2318",
    "1.9-latest": "12.16.1.1938",
    "1.9-recommended": "12.16.1.1887",
    "1.9.4-latest": "12.17.0.2317",
    "1.9.4-recommended": "12.17.0.2317",
    "1.10-latest": "12.18.0.2000",
    "1.10.2-latest": "12.18.3.2511",
    "1.10.2-recommended": "12.18.3.2511",
    "1.11-latest": "13.19.1.2199",
    "1.11-recommended": "13.19.1.2189",
    "1.11.2-latest": "13.20.1.2588",
    "1.11.2-recommended": "13.20.1.2588",
    "1.12-latest": "14.21.1.2443",
    "1.12-recommended": "14.21.1.2387",
    "1.12.1-latest": "14.22.1.2485",
    "1.12.1-recommended": "14.22.1.2478",
    "1.12.2-latest": "14.23.5.2860",
    "1.12.2-recommended": "14.23.5.2859",
    "1.13.2-latest": "25.0.223",
    "1.14.2-latest": "26.0.63",
    "1.14.3-latest": "27.0.60",
    "1.14.4-latest": "28.2.26",
    "1.14.4-recommended": "28.2.26",
    "1.15-latest": "29.0.4",
    "1.15.1-latest": "30.0.51",
    "1.15.2-latest": "31.2.57",
    "1.15.2-recommended": "31.2.57",
    "1.16.1-latest": "32.0.108",
    "1.16.2-latest": "33.0.61",
    "1.16.3-latest": "34.1.42",
    "1.16.3-recommended": "34.1.0",
    "1.16.4-latest": "35.1.37",
    "1.16.4-recommended": "35.1.4",
    "1.16.5-latest": "36.2.42",
    "1.16.5-recommended": "36.2.34",
    "1.17.1-latest": "37.1.1",
    "1.17.1-recommended": "37.1.1",
    "1.18-latest": "38.0.17",
    "1.18.1-latest": "39.1.2",
    "1.18.1-recommended": "39.1.0",
    "1.18.2-recommended": "40.3.0",
    "1.18.2-latest": "40.3.11",
    "1.19-latest": "41.1.0",
    "1.19-recommended": "41.1.0",
    "1.19.1-latest": "42.0.9",
    "1.19.2-recommended": "43.5.0",
    "1.19.2-latest": "43.5.1",
    "1.19.3-latest": "44.1.23",
    "1.19.3-recommended": "44.1.0",
    "1.19.4-recommended": "45.4.0",
    "1.19.4-latest": "45.4.1",
    "1.20-latest": "46.0.14",
    "1.20.1-recommended": "47.4.0",
    "1.20.1-latest": "47.4.5",
    "1.20.2-latest": "48.1.0",
    "1.20.2-recommended": "48.1.0",
    "1.20.3-latest": "49.0.2",
    "1.20.4-latest": "49.2.0",
    "1.20.4-recommended": "49.2.0",
    "1.20.6-latest": "50.2.1",
    "1.20.6-recommended": "50.2.0",
    "1.21-latest": "51.0.33",
    "1.21.1-latest": "52.1.2",
    "1.21.1-recommended": "52.1.0",
    "1.21.3-latest": "53.1.2",
    "1.21.3-recommended": "53.1.0",
    "1.21.4-latest": "54.1.5",
    "1.21.4-recommended": "54.1.0",
    "1.21.5-latest": "55.0.24",
    "1.21.6-latest": "56.0.9",
    "1.21.7-latest": "57.0.3",
    "1.21.8-latest": "58.0.2"
  }
}
[02Aug2025 00:49:33.267] [Forge Version Check/INFO] [net.minecraftforge.fml.VersionChecker/]: [forge] Found status: OUTDATED Current: 47.3.7 Target: 47.4.0
[02Aug2025 00:49:33.268] [Forge Version Check/INFO] [net.minecraftforge.fml.VersionChecker/]: [structure_gel] Starting version check at http://changelogs.moddinglegacy.com/structure-gel.json
[02Aug2025 00:49:33.528] [Forge Version Check/DEBUG] [net.minecraftforge.fml.VersionChecker/]: [structure_gel] Received version check data:
{"1.19.2":{"2.7.2":"Fixed a lockup that could occur during worldgen"},"1.19.3":{"2.9.0":"This update comes with _many_ changes and additions to the Building Tool, Data Handlers, and Dynamic Spawners. This will be the last feature update to 1.19.3, unless major bugs are discovered.\n\nhttps://gitlab.com/modding-legacy/structure-gel-api/-/blob/1.19.x/changelogs/1.19.3-v2.9.0.md"},"1.19.4":{"2.10.0":"Updated to 1.19.4 with many QoL changes\n\nChangelog:\nhttps://gitlab.com/modding-legacy/structure-gel-api/-/blob/1.19.x/changelogs/1.19.4-v2.10.0.md\n","2.11.0":"- Added an archaeology data handler mode (requires 1.20 feature flags to use).\n- Added the ability to change a structure's biomes in the config.\n\nChangelog:\nhttps://gitlab.com/modding-legacy/structure-gel-api/-/blob/1.19.x/changelogs/1.19.4-v2.11.0.md","2.12.0":"Made visual improvements to the Building Tool GUI and fixed some bugs.\n\nhttps://gitlab.com/modding-legacy/structure-gel-api/-/blob/1.19.x/changelogs/1.19.4-v2.12.0.md"},"homepage":"https://www.curseforge.com/minecraft/mc-mods/structure-gel-api","promos":{"1.14.4-latest":"1.1.0","1.14.4-recommended":"1.1.0","1.15.2-latest":"1.1.0","1.15.2-recommended":"1.1.0","1.16.4-latest":"1.7.8","1.16.4-recommended":"1.7.8","1.16.5-latest":"1.7.8","1.16.5-recommended":"1.7.8","1.17.1-latest":"2.0.1","1.17.1-recommended":"2.0.1","1.18.2-latest":"2.4.7","1.18.2-recommended":"2.4.7","1.19.1-latest":"2.7.1","1.19.1-recommended":"2.7.1","1.19.2-latest":"2.7.2","1.19.2-recommended":"2.7.2","1.19.3-latest":"2.9.0","1.19.3-recommended":"2.9.0","1.19.4-latest":"2.12.0","1.19.4-recommended":"2.12.0"}}
[02Aug2025 00:49:33.528] [Forge Version Check/INFO] [net.minecraftforge.fml.VersionChecker/]: [structure_gel] Found status: BETA Current: 2.16.2 Target: null
[02Aug2025 00:49:33.530] [Forge Version Check/INFO] [net.minecraftforge.fml.VersionChecker/]: [dungeons_enhanced] Starting version check at https://raw.githubusercontent.com/Ametrin-Studios/DungeonsEnhanced/refs/heads/master/update.json
[02Aug2025 00:49:33.542] [Forge Version Check/DEBUG] [net.minecraftforge.fml.VersionChecker/]: [dungeons_enhanced] Received version check data:
{
  "homepage": "https://www.curseforge.com/minecraft/mc-mods/dungeonsenhanced",
  "promos": {
    "1.21.4-latest": "6.2.0",
    "1.21.4-recommended": "6.2.0",
    "1.20.4-latest": "5.6",
    "1.20.4-recommended": "5.6",
    "1.20.1-latest": "5.4.2",
    "1.20.1-recommended": "5.4.2",
    "1.19.4-latest": "4.3.1",
    "1.19.4-recommended": "4.3.1",
    "1.19.2-latest": "4.1",
    "1.19.2-recommended": "4.1",
    "1.18.2-latest": "3.3",
    "1.18.2-recommended": "3.3",
    "1.18.1-latest": "3.0",
    "1.18.1-recommended": "3.0",
    "1.17.1-latest": "2.0",
    "1.17.1-recommended": "2.0",
    "1.16.5-latest": "1.9.2",
    "1.16.5-recommended": "1.8.2"
  },
  "1.21.4": {
    "6.2.0": "pale monster maze, monster maze overhaul, tweaks, fixes",
    "6.1.1": "fixes",
    "6.1.0": "biome config via data packs",
    "6.0": "port, disable dimension checking"
  },
  "1.20.4": {
    "5.6": "new Dungeon Variant, loot table updates",
    "5.5": "Black Citadel",
    "5.4": "new Structure Backend",
    "5.3": "port, neoforge"
  },
  "1.20.1": {
    "5.4.2": "fixes & tweaks",
    "5.4.1": "fixes & tweaks",
    "5.4.0": "disable dimension checking, biome config via data packs, new Dungeon Variant, fixes",
    "5.3.0": "Black Citadel, loot table updates, update checker",
    "5.2.2": "new tall witch hut generation",
    "5.2.1": "fixes",
    "5.2": "fixes",
    "5.1": "crash fix",
    "5.0": "port"
  },
  "1.19.4": {
    "4.3.1": "fixes",
    "4.3": "Explorer Maps",
    "4.2.1": "biome config, Spanish, French, Romanian, Portuguese",
    "4.2": "port"
  },
  "1.19.2": {
    "4.1": "German",
    "4.0": "port"
  },
  "1.18.2": {
    "3.3": "fixes",
    "3.2": "Elders Temple, Fishing Ship, Flying Dutchman, Sunken Shrine, Pirate Ship, Italian",
    "3.1": "Pillager Camp rework"
  },
  "1.18.1": {
    "3.0": "Deep Crypt"
  },
  "1.17.1": {
    "2.0": "more variants / reworks"
  },
  "1.16.5": {
    "1.9.2": "crash fix",
    "1.9.1": "crash fix (#45)",
    "1.9.0": "Dungeon Variant, Sunken Shrine variant, update checker, experimental backend",
    "1.8.2": "German, Russian",
    "1.8.1": "fixes",
    "1.8": "Elders Temple, Fishing Ship, Flying Dutchman, Sunken Shrine, Pirate Ship, Italian, overhauls",
    "1.7": "fixes",
    "1.6": "fixes",
    "1.5": "huge pack-port",
    "1.4": "fixes",
    "1.3": "Monster Maze, Ice Pit variants",
    "1.2": "Structure Gel port, Config, Locate Command, Pillager Camp, Desert Temple, Large Dungeon, Tree House",
    "1.1": "Castle, Watch Tower, Battle Tower, Stables, Mushroom House",
    "1.0": "Desert Tomb, Mob Tower, Druid Circle, Ruined House, Ruined Barn, Witch Tower, Ice Pit, Jungle Monument, Miners House, Tall Witch Hut, Savanna Castle, Dungeon Variant"
  }
}
[02Aug2025 00:49:33.542] [Forge Version Check/INFO] [net.minecraftforge.fml.VersionChecker/]: [dungeons_enhanced] Found status: OUTDATED Current: 5.3.0 Target: 5.4.2
[02Aug2025 00:49:33.545] [Forge Version Check/INFO] [net.minecraftforge.fml.VersionChecker/]: [mr_dungeons_andtaverns] Starting version check at https://api.modrinth.com/updates/tpehi7ww/forge_updates.json
[02Aug2025 00:49:33.730] [Forge Version Check/DEBUG] [net.minecraftforge.fml.VersionChecker/]: [mr_dungeons_andtaverns] Received version check data:
{"homepage":"https://modrinth.com/mod/tpehi7ww","promos":{"1.20.2-latest":"3.0.3.f+mod","1.21.2-latest":"v4.5+mod","1.21.8-recommended":"v4.7.3+mod","1.20.6-recommended":"3.2+mod","1.20.3-latest":"3.1.1+mod","1.20-latest":"3.0.3.f+mod","1.19.2-recommended":"2.0.2+mod","1.21.5-latest":"v4.7.3+mod","1.19-recommended":"2.0.2+mod","1.21.2-recommended":"v4.5+mod","1.20.3-recommended":"3.1.1+mod","1.21.6-recommended":"v4.7.3+mod","1.20.5-recommended":"3.2+mod","1.21.4-latest":"v4.6.3+mod","1.20.6-latest":"3.2+mod","1.19.3-recommended":"2.0.2+mod","1.20.4-latest":"3.1.1+mod","1.19.1-latest":"2.0.2+mod","1.21.5-recommended":"v4.7.3+mod","1.19-latest":"2.0.2+mod","1.21-latest":"v4.4.4+mod","1.21.8-latest":"v4.7.3+mod","1.19.1-recommended":"2.0.2+mod","1.20.1-latest":"3.0.3.f+mod","1.19.2-latest":"2.0.2+mod","1.21.3-recommended":"v4.5+mod","1.20.1-recommended":"3.0.3.f+mod","1.21.7-latest":"v4.7.3+mod","1.20-recommended":"3.0.3.f+mod","1.21.7-recommended":"v4.7.3+mod","1.21.1-recommended":"v4.4.4+mod","1.19.4-recommended":"2.0.2+mod","1.20.5-latest":"3.2+mod","1.20.4-recommended":"3.1.1+mod","1.21.3-latest":"v4.5+mod","1.21.4-recommended":"v4.6.3+mod","1.20.2-recommended":"3.0.3.f+mod","1.19.4-latest":"2.0.2+mod","1.21-recommended":"v4.4.4+mod","1.19.3-latest":"2.0.2+mod","1.21.6-latest":"v4.7.3+mod","1.21.1-latest":"v4.4.4+mod"}}
[02Aug2025 00:49:33.730] [Forge Version Check/INFO] [net.minecraftforge.fml.VersionChecker/]: [mr_dungeons_andtaverns] Found status: OUTDATED Current: 3.0.3.f Target: 3.0.3.f+mod
[02Aug2025 00:49:33.730] [Forge Version Check/INFO] [net.minecraftforge.fml.VersionChecker/]: [inventoryhud] Starting version check at https://raw.githubusercontent.com/DmitryLovin/pluginUpdate/master/invupdate.json
[02Aug2025 00:49:33.754] [Forge Version Check/DEBUG] [net.minecraftforge.fml.VersionChecker/]: [inventoryhud] Received version check data:
{
  "homepage": "https://www.curseforge.com/minecraft/mc-mods/inventory-hud-forge",
  "1.21.5": {
    "3.4.27": "1.21.5 release"
  },
  "1.21.4": {
    "3.4.27": "1.21.4 release"
  },
  "1.21.3": {
    "3.4.27": "1.21.3 release"
  },
  "1.21.1": {
    "3.4.26": "1.21.1 release"
  },
  "1.21": {
    "3.4.21": "1.21 release",
    "3.4.22": "added Turkish language\nadded Portuguese language\nsome render fixes",
    "3.4.23": "added Hungarian language\nadded Ukrainian language\nsmall config GUI fix",
    "3.4.24": "fixed button width bug\nadded Czech language\nadded Korean language",
    "3.4.26": "added Chinese Traditional (Taiwan) language"
  },
  "1.20.6": {
    "3.4.21": "1.20.6 release",
    "3.4.22": "added Turkish language\nadded Portuguese language\nsome render fixes",
    "3.4.23": "added Hungarian language\nadded Ukrainian language\nsmall config GUI fix",
    "3.4.24": "fixed button width bug\nadded Czech language\nadded Korean language",
    "3.4.26": "added Chinese Traditional (Taiwan) language"
  },
  "1.20.4": {
    "3.4.19": "1.20.3 release",
    "3.4.20": "fixed issue #130 By sporefreak when mod keybinds trigger everywhere",
    "3.4.22": "added Turkish language\nadded Portuguese language\nsome render fixes",
    "3.4.23": "added Hungarian language\nadded Ukrainian language\nsmall config GUI fix",
    "3.4.24": "fixed button width bug\nadded Czech language\nadded Korean language",
    "3.4.26": "added Chinese Traditional (Taiwan) language"
  },
  "1.20.3": {
    "3.4.19": "1.20.3 release"
  },
  "1.20.2": {
    "3.4.19": "1.20.2 release"
  },
  "1.20.1": {
    "3.4.13": "1.20 release",
    "3.4.14": "new option to hide HUDs with debug gui opened\nnew option to hide arrows count when now weapon in your hands\nnew option to show effect levels higher than 9",
    "3.4.15": "Italian translation",
    "3.4.17": "French and Japanese translations",
    "3.4.18": "German translation",
    "3.4.22": "added Turkish language\nadded Portuguese language\nsome render fixes",
    "3.4.23": "added Hungarian language\nadded Ukrainian language\nsmall config GUI fix",
    "3.4.24": "fixed button width bug\nadded Czech language\nadded Korean language",
    "3.4.26": "added Chinese Traditional (Taiwan) language"
  },
  "1.20": {
    "3.4.13": "1.20 release",
    "3.4.14": "new option to hide HUDs with debug gui opened\nnew option to hide arrows count when now weapon in your hands\nnew option to show effect levels higher than 9",
    "3.4.15": "Italian translation",
    "3.4.17": "French and Japanese translations",
    "3.4.18": "German translation",
    "3.4.22": "added Turkish language\nadded Portuguese language\nsome render fixes",
    "3.4.23": "added Hungarian language\nadded Ukrainian language\nsmall config GUI fix",
    "3.4.24": "fixed button width bug\nadded Czech language\nadded Korean language",
    "3.4.26": "added Chinese Traditional (Taiwan) language"
  },
  "1.19.4": {
    "3.4.8": "new 'keep notify' setting, you can toggle it off to be notified only once per version\nnew 'show hidden effects' setting, you can hide icons for hidden effect, like in vanilla version\nnew effects blacklist system, potion hud will ignore effects from this list",
    "3.4.9": "critical error hot fix",
    "3.4.10": "curios/trinkets fixes",
    "3.4.11": "Numeric text field fix",
    "3.4.12": "some fixes and new ammo calculation",
    "3.4.14": "new option to hide HUDs with debug gui opened\nnew option to hide arrows count when now weapon in your hands\nnew option to show effect levels higher than 9",
    "3.4.15": "Italian translation",
    "3.4.17": "French and Japanese translations",
    "3.4.18": "German translation",
    "3.4.22": "added Turkish language\nadded Portuguese language\nsome render fixes",
    "3.4.23": "added Hungarian language\nadded Ukrainian language\nsmall config GUI fix",
    "3.4.24": "fixed button width bug\nadded Czech language\nadded Korean language",
    "3.4.26": "added Chinese Traditional (Taiwan) language"
  },
  "1.19.3": {
    "3.4.6": "new forge registris",
    "3.4.7": "cross version for 1.19.2 and 1.19.3"
  },
  "1.19.2": {
    "3.4.6": "new forge registris",
    "3.4.7": "cross version for 1.19.2 and 1.19.3",
    "3.4.23": "added Hungarian language\nadded Ukrainian language\nsmall config GUI fix",
    "3.4.24": "fixed button width bug\nadded Czech language\nadded Korean language",
    "3.4.26": "added Chinese Traditional (Taiwan) language"
  },
  "1.19.1": {
    "3.4.6": "new forge registris"
  },
  "1.19": {
    "3.4.2": "fabric 1.19",
    "3.4.4": "1.19",
    "3.4.5": "curios support",
    "3.4.6": "new forge registris"
  },
  "1.18.2": {
    "3.4.2": "1.18.1",
    "3.4.3": "1.18.1",
    "3.4.4": "(forge) fixed server init",
    "3.4.8": "new 'keep notify' setting, you can toggle it off to be notified only once per version\nnew 'show hidden effects' setting, you can hide icons for hidden effect, like in vanilla version\nnew effects blacklist system, potion hud will ignore effects from this list",
    "3.4.9": "critical error hot fix",
    "3.4.10": "curios/trinkets fixes",
    "3.4.12": "some fixes and new ammo calculation",
    "3.4.14": "new option to hide HUDs with debug gui opened\nnew option to hide arrows count when now weapon in your hands\nnew option to show effect levels higher than 9",
    "3.4.15": "Italian translation",
    "3.4.16": "fixed save function for numeric text field. related to issue #118 By  guyguy18123",
    "3.4.17": "French and Japanese translations",
    "3.4.18": "German translation",
    "3.4.22": "added Turkish language\nadded Portuguese language\nsome render fixes",
    "3.4.23": "added Hungarian language\nadded Ukrainian language\nsmall config GUI fix",
    "3.4.24": "fixed button width bug\nadded Czech language\nadded Korean language",
    "3.4.26": "added Chinese Traditional (Taiwan) language"
  },
  "1.18.1": {
    "3.4.2": "1.18.1",
    "3.4.3": "1.18.1",
    "3.4.4": "(forge) fixed server init"
  },
  "1.18": {
    "3.4.1": "1.18 release",
    "3.4.2": "curios fixes (forge only)\nfixed issue #58 By Baenjamin (fabric only)",
    "3.4.3": "fixed issue (#60 By  codingandtea) with curios implementation",
    "3.4.4": "(forge) fixed server init"
  },
  "1.17.1": {
    "3.3.2": "nothing here",
    "3.3.3": "forge",
    "3.3.4": "vanilla potion icons are now disabled when potion hud is enabled",
    "3.4.0": "added trinkets support\nadded chinese language\nadded spanish language\nadded notification system for future updates",
    "3.4.1": "added bar duration setting"
  },
  "1.17": {
    "3.3.1": "released for 1.17\nadded update notification system",
    "3.3.2": "fixed issue #38 By  gamingoninsulin",
    "3.3.3": "forge release",
    "3.3.4": "vanilla potion icons are now disabled when potion hud is enabled",
    "3.4.0": "added trinkets support\nadded chinese language\nadded spanish language\nadded notification system for future updates",
    "3.4.1": "added bar duration setting"
  },
  "1.16.1": {
    "3.0": "new mini mode for Potion HUD\nArmor HUD now shows count of arrows in full plus inv mode\nnew Ingame config menu, where you can change position of the HUDs and toggle them on/off",
    "3.0.1": " small compatibility fixes.",
    "3.1.0": "new vertical mode for InventoryHUD\nnew mini mode for InventoryHUD\nPotionHUD now has gap option\nfixed bug when potions was rendering above debug screen\npotion rendering system was reworked, now all potions from any mod should render",
    "3.1.1": "now one version for 1.16.1, 1.16.2 and 1.16.3\nnew colors for armor hud\nfixed issue #8 By just_some_user\nfixed issue #7 By just_some_user\nchanged default key binding for options, now 'O'\nkey binding for options is now open full config screen instead of changing position",
    "3.1.2": "added new option in armor hud config (durability bars)",
    "3.1.3": "fixed issue with loading config\nfixed some texts issues",
    "3.1.4": "fixed issue with potion level icon",
    "3.2.1": "fixed issue #24 By  cartenavigom",
    "3.2.2": "fixed issue #27 By Gberqz"
  },
  "1.16.2": {
    "3.1.0": "new vertical mode for InventoryHUD\nnew mini mode for InventoryHUD\nPotionHUD now has gap option\nfixed bug when potions was rendering above debug screen\npotion rendering system was reworked, now all potions from any mod should render",
    "3.1.1": "now one version for 1.16.1, 1.16.2 and 1.16.3\nnew colors for armor hud\nfixed issue #8 By just_some_user\nfixed issue #7 By just_some_user\nchanged default key binding for options, now 'O'\nkey binding for options is now open full config screen instead of changing position",
    "3.1.2": "added new option in armor hud config (durability bars)",
    "3.1.3": "fixed issue with loading config\nfixed some texts issues",
    "3.1.4": "fixed issue with potion level icon",
    "3.2.0": "new Inventory HUD background (with configurable alpha)\nDisebleable ArmorHUD numbers\nevery item in ArmorHUD now moveble\nnew config screen\nfixed issue when quiver and inventory icons rendered wrong with left-handed players.\nfixed issue when lang files didn't work.",
    "3.2.1": "fixed issue #24 By  cartenavigom",
    "3.2.2": "fixed issue #27 By Gberqz",
    "3.3.0": "added animation for recently picked up items\nadded possibility to hide InventoryHUD background if inventory is empty\nchanged size of InventoryHUD background\nadded new option for ArmorHUD show overall item count for main/off hand\nArmorHUD is now scalable\nadded new horizontal mode for PotionHUD\nadded keybind for toggle on/off Potion and Armor HUDs",
    "3.4.0": "added trinkets support\nadded chinese language\nadded spanish language\nadded notification system for future updates",
    "3.4.1": "added bar duration setting"
  },
  "1.16.3": {
    "3.1.0": "new vertical mode for InventoryHUD\nnew mini mode for InventoryHUD\nPotionHUD now has gap option\nfixed bug when potions was rendering above debug screen\npotion rendering system was reworked, now all potions from any mod should render",
    "3.1.1": "now one version for 1.16.1, 1.16.2 and 1.16.3\nnew colors for armor hud\nfixed issue #8 By just_some_user\nfixed issue #7 By just_some_user\nchanged default key binding for options, now 'O'\nkey binding for options is now open full config screen instead of changing position",
    "3.1.2": "added new option in armor hud config (durability bars)",
    "3.1.3": "fixed issue with loading config\nfixed some texts issues",
    "3.1.4": "fixed issue with potion level icon",
    "3.2.0": "new Inventory HUD background (with configurable alpha)\nDisebleable ArmorHUD numbers\nevery item in ArmorHUD now moveble\nnew config screen\nfixed issue when quiver and inventory icons rendered wrong with left-handed players.\nfixed issue when lang files didn't work.",
    "3.2.1": "fixed issue #24 By  cartenavigom",
    "3.2.2": "fixed issue #27 By Gberqz",
    "3.3.0": "added animation for recently picked up items\nadded possibility to hide InventoryHUD background if inventory is empty\nchanged size of InventoryHUD background\nadded new option for ArmorHUD show overall item count for main/off hand\nArmorHUD is now scalable\nadded new horizontal mode for PotionHUD\nadded keybind for toggle on/off Potion and Armor HUDs",
    "3.4.0": "added trinkets support\nadded chinese language\nadded spanish language\nadded notification system for future updates",
    "3.4.1": "added bar duration setting"
  },
  "1.16.4": {
    "3.1.3": "fixed issue with loading config\nfixed some texts issues",
    "3.1.4": "fixed issue with potion level icon",
    "3.2.0": "new Inventory HUD background (with configurable alpha)\nDisebleable ArmorHUD numbers\nevery item in ArmorHUD now moveble\nnew config screen\nfixed issue when quiver and inventory icons rendered wrong with left-handed players.\nfixed issue when lang files didn't work.",
    "3.2.1": "fixed issue #24 By  cartenavigom",
    "3.2.2": "fixed issue #27 By Gberqz",
    "3.3.0": "added animation for recently picked up items\nadded possibility to hide InventoryHUD background if inventory is empty\nchanged size of InventoryHUD background\nadded new option for ArmorHUD show overall item count for main/off hand\nArmorHUD is now scalable\nadded new horizontal mode for PotionHUD\nadded keybind for toggle on/off Potion and Armor HUDs",
    "3.4.0": "added trinkets support\nadded chinese language\nadded spanish language\nadded notification system for future updates",
    "3.4.1": "added bar duration setting"
  },
  "1.16.5": {
    "3.1.3": "fixed issue with loading config\nfixed some texts issues",
    "3.1.4": "fixed issue with potion level icon",
    "3.2.0": "new Inventory HUD background (with configurable alpha)\nDisebleable ArmorHUD numbers\nevery item in ArmorHUD now moveble\nnew config screen\nfixed issue when quiver and inventory icons rendered wrong with left-handed players.\nfixed issue when lang files didn't work.",
    "3.2.1": "fixed issue #24 By  cartenavigom",
    "3.2.2": "fixed issue #27 By Gberqz",
    "3.3.0": "added animation for recently picked up items\nadded possibility to hide InventoryHUD background if inventory is empty\nchanged size of InventoryHUD background\nadded new option for ArmorHUD show overall item count for main/off hand\nArmorHUD is now scalable\nadded new horizontal mode for PotionHUD\nadded keybind for toggle on/off Potion and Armor HUDs",
    "3.4.0": "added trinkets support\nadded chinese language\nadded spanish language\nadded notification system for future updates",
    "3.4.1": "added bar duration setting"
  },
  "1.15.2": {
    "1.3": "Some lang fixes",
    "2.0": "New features: armor damage hud & potions hud",
    "2.1": "Custom effects from most of mods now works correctly",
    "2.2": "Now you can change PotionHUD orientation from LEFT to RIGHT\nNow you can change ArmorStatusHUD orientation from MIDDLE to LEFT or RIGHT, also you can change position\nNew ConfigGUI",
    "2.2.1": "Armor orientation fixes and Potion Y pos fixes",
    "2.3": "Now u can hide armor if durability is above what u set in config..",
    "2.4": "new types of Orientation and you can change Orientation of any HUD",
    "2.5": "Now PotionHUD shows levels of the effects\nNow you can change alpha of PotionHUD background. Suggested by pyrezombie\nFixed Issue #3 by SelfyxT",
    "2.6": "ArmorStatus HUD now contains main and off hand items, and also counter of inventory empty slots, you can switch type and durability view via config",
    "2.6.1": "Fixed Issue #4 by sandalle",
    "3.0": "new mini mode for Potion HUD\nArmor HUD now shows count of arrows in full plus inv mode\nnew Ingame config menu, where you can change position of the HUDs and toggle them on/off",
    "3.0.1": " small compatibility fixes.",
    "3.1.0": "new vertical mode for InventoryHUD\nnew mini mode for InventoryHUD\nPotionHUD now has gap option\nfixed bug when potions was rendering above debug screen\npotion rendering system was reworked, now all potions from any mod should render",
    "3.1.1": "new colors for armor hud\nfixed issue #8 By just_some_user\nfixed issue #7 By just_some_user\nchanged default key binding for options, now 'O'\nkey binding for options is now open full config screen instead of changing position",
    "3.1.2": "added new option in armor hud config (durability bars)",
    "3.1.3": "fixed issue with loading config\nfixed some texts issues",
    "3.1.4": "fixed issue with potion level icon",
    "3.2.0": "new Inventory HUD background (with configurable alpha)\nDisebleable ArmorHUD numbers\nevery item in ArmorHUD now moveble\nnew config screen\nfixed issue when quiver and inventory icons rendered wrong with left-handed players\nfixed issue when lang files didn't work",
    "3.2.1": "fixed issue #24 By  cartenavigom",
    "3.3.0": "added animation for recently picked up items\nadded possibility to hide InventoryHUD background if inventory is empty\nchanged size of InventoryHUD background\nadded new option for ArmorHUD show overall item count for main/off hand\nArmorHUD is now scalable\nadded new horizontal mode for PotionHUD\nadded keybind for toggle on/off Potion and Armor HUDs",
    "3.4.0": "added trinkets support\nadded chinese language\nadded spanish language\nadded notification system for future updates",
    "3.4.1": "added bar duration setting"
  },
  "1.15.1": {
    "1.3": "Some lang fixes",
    "2.0": "New features: armor damage hud & potions hud",
    "2.1": "Custom effects from most of mods now works correctly",
    "2.2": "Now you can change PotionHUD orientation from LEFT to RIGHT\nNow you can change ArmorStatusHUD orientation from MIDDLE to LEFT or RIGHT, also you can change position\nNew ConfigGUI",
    "2.2.1": "Armor orientation fixes and Potion Y pos fixes",
    "2.3": "Now u can hide armor if durability is above what u set in config.",
    "2.4": "new types of Orientation and you can change Orientation of any HUD",
    "2.5": "Now PotionHUD shows levels of the effects\nNow you can change alpha of PotionHUD background. Suggested by pyrezombie\nFixed Issue #3 by SelfyxT",
    "2.6": "ArmorStatus HUD now contains main and off hand items, and also counter of inventory empty slots, you can switch type and durability view via config",
    "2.6.1": "Fixed Issue #4 by sandalle",
    "3.0": "new mini mode for Potion HUD\nArmor HUD now shows count of arrows in full plus inv mode\nnew Ingame config menu, where you can change position of the HUDs and toggle them on/off",
    "3.4.0": "added trinkets support\nadded chinese language\nadded spanish language\nadded notification system for future updates",
    "3.4.1": "added bar duration setting"
  },
  "1.14.4": {
    "1.4": "Some lang fixes",
    "2.0": "New features: armor damage hud & potions hud",
    "2.1": "Now has same features as 1.15 mod",
    "2.2": "Now PotionHUD shows levels of the effects\nNow you can change alpha of PotionHUD background. Suggested by pyrezombie\nFixed Issue #3 by SelfyxT",
    "2.3": "ArmorStatus HUD now contains main and off hand items, and also counter of inventory empty slots, you can switch type and durability view via config",
    "2.3.1": "Fixed Issue #4 by sandalle",
    "3.0": "new mini mode for Potion HUD\nArmor HUD now shows count of arrows in full plus inv mode\nnew Ingame config menu, where you can change position of the HUDs and toggle them on/off",
    "3.0.1": " small compatibility fixes.",
    "3.1.0": "new vertical mode for InventoryHUD\nnew mini mode for InventoryHUD\nPotionHUD now has gap option\nfixed bug when potions was rendering above debug screen\npotion rendering system was reworked, now all potions from any mod should render",
    "3.1.1": "new colors for armor hud\nfixed issue #8 By just_some_user\nfixed issue #7 By just_some_user\nchanged default key binding for options, now 'O'\nkey binding for options is now open full config screen instead of changing position",
    "3.2.1": "fixed issue #24 By  cartenavigom",
    "3.3.0": "added animation for recently picked up items\nadded possibility to hide InventoryHUD background if inventory is empty\nchanged size of InventoryHUD background\nadded new option for ArmorHUD show overall item count for main/off hand\nArmorHUD is now scalable\nadded new horizontal mode for PotionHUD\nadded keybind for toggle on/off Potion and Armor HUDs"
  },
  "1.12.2": {
    "1.0": "First release on 1.12.2",
    "1.1": "Potion icons fixes",
    "1.2": "Now PotionHUD shows levels of the effects\nNow you can change alpha of PotionHUD background. Suggested by pyrezombie\nPotionHUD support even more mods now\nFixed Issue #3 by SelfyxT",
    "1.2.1": "added more mods for PotionHUD",
    "1.3": "ArmorStatus HUD now contains main and off hand items, and also counter of inventory empty slots, you can switch type and durability view via config",
    "1.3.1": "Fixed Issue #4 by sandalle",
    "1.3.2": "Crash fixes!!!",
    "3.0.1": "new mini mode for Potion HUD\nArmor HUD now shows count of arrows in full plus inv mode\nnew Ingame config menu, where you can change position of the HUDs and toggle them on/off\nmod config screen now the same as in 1.14.4+ versions",
    "3.1.0": "new vertical mode for InventoryHUD\nnew mini mode for InventoryHUD\nPotionHUD now has gap option",
    "3.1.1": "fixed bug when bag and quiver had wrong color, thx Ackmard for report!",
    "3.1.2": "fixed issue when mod was spamming logs",
    "3.1.3": "Reworked potion icon rendering\nfixed issue #8 By just_some_user\nfixed issue #7 By just_some_user\nchanged default key binding for options, now 'O'\nkey binding for options is now open full config screen instead of changing position",
    "3.1.4": "new colors for armorhud",
    "3.1.5": "corail tombstones potion effects now has icons\nadded new option in armor hud config (durability bars)",
    "3.1.6": "fixed issue #11 By  just_some_user\nfixed issue #12 By  NoAim_Chomsky",
    "3.1.7": "added two more mods to potionhud integration",
    "3.1.9": "fixed issue with potion level icon",
    "3.2.0": "new Inventory HUD background (with configurable alpha)\nDisebleable ArmorHUD numbers\nevery item in ArmorHUD now moveble\nnew config screen\nfixed issue when quiver and inventory icons rendered wrong with left-handed players\nfixed issue when lang files didn't work",
    "3.2.1": "fixed issue #24 By  cartenavigom",
    "3.3.0": "added animation for recently picked up items\nadded possibility to hide InventoryHUD background if inventory is empty\nchanged size of InventoryHUD background\nadded new option for ArmorHUD show overall item count for main/off hand\nArmorHUD is now scalable\nadded new horizontal mode for PotionHUD\nadded keybind for toggle on/off Potion and Armor HUDs\nadded one more mod for PotionHUD integration",
    "3.3.1": "fixed issue #33 By  TCreopargh",
    "3.4.0": "added trinkets support\nadded chinese language\nadded spanish language\nadded notification system for future updates",
    "3.4.1": "added bar duration setting\nmore mods support potion hud",
    "3.4.4": "fixed version check\nadded more mods for potion hud"
  },
  "1.8.9": {
    "3.1.0": "RELEASE!",
    "3.1.1": "fixed issue with potion level icon",
    "3.2.0": "new Inventory HUD background (with configurable alpha)\nDisebleable ArmorHUD numbers\nevery item in ArmorHUD now moveble\nnew config screen\nfixed issue when quiver and inventory icons rendered wrong with left-handed players\nfixed issue when lang files didn't work",
    "3.2.1": "fixed issue #24 By  cartenavigom"
  },
  "promos": {
    "1.21.5-latest": "3.4.27",
    "1.21.5-recommended": "3.4.27",
    "1.21.5-fabric": "3.4.27",
    "1.21.4-latest": "3.4.27",
    "1.21.4-recommended": "3.4.27",
    "1.21.4-fabric": "3.4.27",
    "1.21.3-latest": "3.4.27",
    "1.21.3-recommended": "3.4.27",
    "1.21.3-fabric": "3.4.27",
    "1.21.1-latest": "3.4.26",
    "1.21.1-recommended": "3.4.26",
    "1.21.1-fabric": "3.4.26",
    "1.21-latest": "3.4.26",
    "1.21-recommended": "3.4.26",
    "1.21-fabric": "3.4.26",
    "1.20.6-latest": "3.4.26",
    "1.20.6-recommended": "3.4.26",
    "1.20.6-fabric": "3.4.26",
    "1.20.4-latest": "3.4.26",
    "1.20.4-recommended": "3.4.26",
    "1.20.4-fabric": "3.4.26",
    "1.20.3-latest": "3.4.19",
    "1.20.3-recommended": "3.4.19",
    "1.20.3-fabric": "3.4.19",
    "1.20.2-latest": "3.4.19",
    "1.20.2-recommended": "3.4.19",
    "1.20.2-fabric": "3.4.19",
    "1.20.1-latest": "3.4.26",
    "1.20.1-recommended": "3.4.26",
    "1.20.1-fabric": "3.4.26",
    "1.20-latest": "3.4.26",
    "1.20-recommended": "3.4.26",
    "1.20-fabric": "3.4.26",
    "1.19.4-latest": "3.4.26",
    "1.19.4-recommended": "3.4.26",
    "1.19.4-fabric": "3.4.26",
    "1.19.3-latest": "3.4.7",
    "1.19.3-recommended": "3.4.7",
    "1.19.3-fabric": "3.4.7",
    "1.19.2-latest": "3.4.26",
    "1.19.2-recommended": "3.4.26",
    "1.19.2-fabric": "3.4.26",
    "1.19.1-latest": "3.4.6",
    "1.19.1-recommended": "3.4.6",
    "1.19.1-fabric": "3.4.2",
    "1.19-latest": "3.4.6",
    "1.19-recommended": "3.4.6",
    "1.19-fabric": "3.4.2",
    "1.18.2-latest": "3.4.26",
    "1.18.2-recommended": "3.4.26",
    "1.18.2-fabric": "3.4.26",
    "1.18.1-latest": "3.4.4",
    "1.18.1-recommended": "3.4.4",
    "1.18.1-fabric": "3.4.2",
    "1.18-latest": "3.4.4",
    "1.18-recommended": "3.4.4",
    "1.18-fabric": "3.4.2",
    "1.17.1-latest": "3.4.1",
    "1.17.1-recommended": "3.4.1",
    "1.17.1-fabric": "3.4.1",
    "1.17-latest": "3.4.1",
    "1.17-recommended": "3.4.1",
    "1.17-fabric": "3.4.1",
    "1.16.5-fabric": "3.4.1",
    "1.16.4-fabric": "3.4.1",
    "1.16.3-fabric": "3.4.1",
    "1.16.2-fabric": "3.4.1",
    "1.16.5-latest": "3.4.1",
    "1.16.5-recommended": "3.4.1",
    "1.16.4-latest": "3.4.1",
    "1.16.4-recommended": "3.4.1",
    "1.16.3-latest": "3.4.1",
    "1.16.3-recommended": "3.4.1",
    "1.16.2-latest": "3.4.1",
    "1.16.2-recommended": "3.4.1",
    "1.16.1-latest": "3.3.0",
    "1.16.1-recommended": "3.3.0",
    "1.15.2-fabric": "3.410",
    "1.15.1-fabric": "3.4.1",
    "1.15.2-latest": "3.4.1",
    "1.15.2-recommended": "3.4.1",
    "1.15.1-latest": "3.0",
    "1.15.1-recommended": "3.0",
    "1.14.4-latest": "3.3.0",
    "1.14.4-recommended": "3.3.0",
    "1.12.2-latest": "3.4.4",
    "1.12.2-recommended": "3.4.4",
    "1.8.9-latest": "3.2.1",
    "1.8.9-recommended": "3.2.1"
  }
}
[02Aug2025 00:49:33.755] [Forge Version Check/INFO] [net.minecraftforge.fml.VersionChecker/]: [inventoryhud] Found status: OUTDATED Current: 3.4.18 Target: 3.4.26
[02Aug2025 00:49:33.760] [Forge Version Check/INFO] [net.minecraftforge.fml.VersionChecker/]: [tombstone] Starting version check at https://raw.githubusercontent.com/Corail31/tombstone_lite/master/update.json
[02Aug2025 00:49:33.773] [Forge Version Check/DEBUG] [net.minecraftforge.fml.VersionChecker/]: [tombstone] Received version check data:
{
	"homepage": "https://www.curseforge.com/minecraft/mc-mods/corail-tombstone",
	"promos": {
		"1.21.8-latest": "9.5.7",
		"1.21.8-recommended": "9.5.7",
		"1.21.7-latest": "9.5.7",
		"1.21.7-recommended": "9.5.7",
		"1.21.6-latest": "9.5.1",
		"1.21.6-recommended": "9.5.1",
		"1.21.5-latest": "9.4.3",
		"1.21.5-recommended": "9.4.3",
		"1.21.4-latest": "9.3.9",
		"1.21.4-recommended": "9.3.9",
		"1.21.3-latest": "9.2.4",
		"1.21.3-recommended": "9.2.4",
		"1.21.1-latest": "9.1.10",
		"1.21.1-recommended": "9.1.10",
		"1.20.4-latest": "8.6.4",
		"1.20.4-recommended": "8.6.4",
		"1.20.2-latest": "8.6.3",
		"1.20.2-recommended": "8.6.3",
		"1.20.1-latest": "9.0.6",
		"1.20.1-recommended": "9.0.6",
		"1.19.4-latest": "8.4.2",
		"1.19.4-recommended": "8.4.2",
		"1.19.3-latest": "8.3.2",
		"1.19.3-recommended": "8.3.2",
		"1.19.2-latest": "8.3.9",
		"1.19.2-recommended": "8.3.9",
		"1.19.1-latest": "8.1.0",
		"1.19.1-recommended": "8.1.0",
		"1.18.2-latest": "7.7.7",
		"1.18.2-recommended": "7.7.7",
		"1.18.1-latest": "7.4.1",
		"1.18.1-recommended": "7.4.1",
		"1.17.1-latest": "7.3.0",
		"1.17.1-recommended": "7.3.0",
		"1.16.5-latest": "6.9.7",
		"1.16.5-recommended": "6.9.7",
		"1.15.2-latest": "4.6.0",
		"1.15.2-recommended": "4.6.0",
		"1.14.4-latest": "4.3.6",
		"1.14.4-recommended": "4.3.6",
		"1.13.2-latest": "3.5.2",
		"1.13.2-recommended": "3.5.2",
		"1.12.2-latest": "4.7.5",
		"1.12.2-recommended": "4.7.5",
		"1.11.2-latest": "2.9.0.1",
		"1.11.2-recommended": "2.9.0.1",
		"1.10.2-latest": "2.9.4",
		"1.10.2-recommended": "2.9.4",
		"1.9.4-latest": "1.4.1",
		"1.9.4-recommended": "1.4.1",
		"1.8.9-latest": "1.4.1",
		"1.8.9-recommended": "1.4.1"
	},
	"1.21.8": {
		"9.5.7": "fourth forgotten knowledge",
		"9.5.6": "third forgotten knowledge & ritual flute"
	},
	"1.21.7": {
		"9.5.7": "final version"
	},
	"1.21.6": {
		"9.5.1": "final version"
	},
	"1.21.5": {
		"9.4.3": "final version"
	},
	"1.21.4": {
		"9.3.9": "final version"
	},
	"1.21.3": {
		"9.2.4": "final version"
	},
	"1.21.1": {
		"9.1.10": "final version"
	},
	"1.20.4": {
		"8.6.4": "final version"
	},
	"1.20.2": {
		"8.6.3": "final version"
	},
	"1.20.1": {
		"9.0.6": "improves all guiscreens",
		"9.0.5": "fourth forgotten knowledge",
		"9.0.4": "third forgotten knowledge & ritual flute",
		"9.0.3": "screaming graves",
		"9.0.2": "second forgotten knowledge & readable scrolls",
		"9.0.1": "new event Spring Bloom",
		"9.0.0": "first forgotten knowledge"
	},
	"1.19.4": {
		"8.4.2": "final version"
	},
	"1.19.2": {
		"8.3.9": "final version"
	},
	"1.18.2": {
		"7.7.7": "final version"
	},
	"1.16.5": {
		"6.9.7": "final version"
	},
	"1.12.2": {
		"4.7.5": "final version"
	}
}
[02Aug2025 00:49:33.773] [Forge Version Check/INFO] [net.minecraftforge.fml.VersionChecker/]: [tombstone] Found status: OUTDATED Current: 8.9.0 Target: 9.0.6
[02Aug2025 00:49:33.774] [Forge Version Check/INFO] [net.minecraftforge.fml.VersionChecker/]: [mr_qraftys_endvillages] Starting version check at https://api.modrinth.com/updates/NFlNaUBA/forge_updates.json
[02Aug2025 00:49:33.837] [Forge Version Check/DEBUG] [net.minecraftforge.fml.VersionChecker/]: [mr_qraftys_endvillages] Received version check data:
{"homepage":"https://modrinth.com/mod/NFlNaUBA","promos":{"1.20.3-latest":"2+mod","1.19.1-latest":"1+mod","1.19.2-recommended":"1+mod","1.20.2-latest":"1+mod","1.20.6-latest":"2.1+mod","1.21.7-latest":"3.4+mod","1.19.2-latest":"1+mod","1.21-recommended":"2.2+mod","1.19.1-recommended":"1+mod","1.20.1-recommended":"1+mod","1.20.1-latest":"1+mod","1.20.3-recommended":"2+mod","1.21.5-recommended":"3.2+mod","1.20.4-recommended":"2+mod","1.19.4-latest":"1+mod","1.19-recommended":"1+mod","1.19.3-latest":"1+mod","1.21.3-latest":"3.0+mod","1.21.2-latest":"3.0+mod","1.21-latest":"2.2+mod","1.20.5-recommended":"2.1+mod","1.20.6-recommended":"2.1+mod","1.21.5-latest":"3.2+mod","1.21.4-recommended":"3.1+mod","1.20.4-latest":"2+mod","1.19.4-recommended":"1+mod","1.20.2-recommended":"1+mod","1.21.7-recommended":"3.4+mod","1.21.4-latest":"3.1+mod","1.20.5-latest":"2.1+mod","1.20-latest":"1+mod","1.21.6-recommended":"3.3+mod","1.21.1-recommended":"2.2+mod","1.21.2-recommended":"3.0+mod","1.21.3-recommended":"3.0+mod","1.21.1-latest":"2.2+mod","1.21.6-latest":"3.3+mod","1.19.3-recommended":"1+mod","1.20-recommended":"1+mod","1.19-latest":"1+mod"}}
[02Aug2025 00:49:33.838] [Forge Version Check/INFO] [net.minecraftforge.fml.VersionChecker/]: [mr_qraftys_endvillages] Found status: OUTDATED Current: 1 Target: 1+mod
[02Aug2025 00:49:33.839] [Forge Version Check/INFO] [net.minecraftforge.fml.VersionChecker/]: [mr_limesplatus_ending] Starting version check at https://api.modrinth.com/updates/MCnBYP0b/forge_updates.json
[02Aug2025 00:49:33.891] [Forge Version Check/DEBUG] [net.minecraftforge.fml.VersionChecker/]: [mr_limesplatus_ending] Received version check data:
{"homepage":"https://modrinth.com/mod/MCnBYP0b","promos":{"1.21.5-recommended":"1.1.4b","1.20.1-latest":"1.1.0c+mod","1.21-latest":"1.1.2d","1.21.2-latest":"1.1.4b","1.20-recommended":"1.1.0c+mod","1.20.1-recommended":"1.1.0c+mod","1.21.3-recommended":"1.1.4b","1.21.6-recommended":"1.1.4b","1.21.2-recommended":"1.1.4b","1.21.1-latest":"1.1.2d","1.21.6-latest":"1.1.4b","1.21.7-latest":"1.1.4b","1.21.5-latest":"1.1.4b","1.21.7-recommended":"1.1.4b","1.20.3-recommended":"1.1.0c+mod","1.20-latest":"1.1.0c+mod","1.20.2-recommended":"1.1.0c+mod","1.20.2-latest":"1.1.0c+mod","1.21.4-recommended":"1.1.4b","1.21-recommended":"1.1.2d","1.20.4-recommended":"1.1.0c+mod","1.21.8-recommended":"1.1.4b","1.21.3-latest":"1.1.4b","1.20.3-latest":"1.1.0c+mod","1.20.4-latest":"1.1.0c+mod","1.21.8-latest":"1.1.4b","1.21.4-latest":"1.1.4b","1.21.1-recommended":"1.1.2d"}}
[02Aug2025 00:49:33.891] [Forge Version Check/INFO] [net.minecraftforge.fml.VersionChecker/]: [mr_limesplatus_ending] Found status: OUTDATED Current: 1-v1.1.0c Target: 1.1.0c+mod
[02Aug2025 00:49:35.610] [main/INFO] [com.mojang.authlib.yggdrasil.YggdrasilAuthenticationService/]: Environment: authHost='https://authserver.mojang.com', accountsHost='https://api.mojang.com', sessionHost='https://sessionserver.mojang.com', servicesHost='https://api.minecraftservices.com', name='PROD'
[02Aug2025 00:49:35.728] [main/WARN] [net.minecraftforge.common.ForgeHooks/WP]: The following mods have version differences that were not resolved:
citadel (version 2.6.0 -> 2.5.4)
Things may not work well.
[02Aug2025 00:49:35.831] [main/WARN] [net.minecraftforge.registries.ForgeRegistry/REGISTRIES]: Registry minecraft:block: Object did not get ID it asked for. Name: sons_of_sins:soul_steel_block Expected: 2027 Got: 2561
[02Aug2025 00:49:35.832] [main/WARN] [net.minecraftforge.registries.ForgeRegistry/REGISTRIES]: Registry minecraft:block: Object did not get ID it asked for. Name: sons_of_sins:soul_steel_tiles Expected: 2028 Got: 2562
[02Aug2025 00:49:35.832] [main/WARN] [net.minecraftforge.registries.ForgeRegistry/REGISTRIES]: Registry minecraft:block: Object did not get ID it asked for. Name: sons_of_sins:soul_steel_stairs Expected: 2029 Got: 2563
[02Aug2025 00:49:35.832] [main/WARN] [net.minecraftforge.registries.ForgeRegistry/REGISTRIES]: Registry minecraft:block: Object did not get ID it asked for. Name: sons_of_sins:soul_steel_slab Expected: 2030 Got: 2564
[02Aug2025 00:49:35.832] [main/WARN] [net.minecraftforge.registries.ForgeRegistry/REGISTRIES]: Registry minecraft:block: Object did not get ID it asked for. Name: sons_of_sins:blood Expected: 2031 Got: 2565
[02Aug2025 00:49:35.832] [main/WARN] [net.minecraftforge.registries.ForgeRegistry/REGISTRIES]: Registry minecraft:block: Object did not get ID it asked for. Name: sons_of_sins:flesh_block Expected: 2032 Got: 2566
[02Aug2025 00:49:35.832] [main/WARN] [net.minecraftforge.registries.ForgeRegistry/REGISTRIES]: Registry minecraft:block: Object did not get ID it asked for. Name: sons_of_sins:block_of_ribs Expected: 2033 Got: 2567
[02Aug2025 00:49:35.833] [main/WARN] [net.minecraftforge.registries.ForgeRegistry/REGISTRIES]: Registry minecraft:block: Object did not get ID it asked for. Name: sons_of_sins:block_of_muscles Expected: 2034 Got: 2568
[02Aug2025 00:49:35.833] [main/WARN] [net.minecraftforge.registries.ForgeRegistry/REGISTRIES]: Registry minecraft:block: Object did not get ID it asked for. Name: sons_of_sins:block_of_hearts Expected: 2035 Got: 2569
[02Aug2025 00:49:35.833] [main/WARN] [net.minecraftforge.registries.ForgeRegistry/REGISTRIES]: Registry minecraft:block: Object did not get ID it asked for. Name: sons_of_sins:block_of_creeper_ribs Expected: 2036 Got: 2570
[02Aug2025 00:49:35.834] [main/WARN] [net.minecraftforge.registries.ForgeRegistry/REGISTRIES]: Registry minecraft:block: Object did not get ID it asked for. Name: sons_of_sins:block_of_golem_cuirass Expected: 2037 Got: 2571
[02Aug2025 00:49:35.834] [main/WARN] [net.minecraftforge.registries.ForgeRegistry/REGISTRIES]: Registry minecraft:block: Object did not get ID it asked for. Name: sons_of_sins:block_of_slime_rear Expected: 2038 Got: 2572
[02Aug2025 00:49:35.834] [main/WARN] [net.minecraftforge.registries.ForgeRegistry/REGISTRIES]: Registry minecraft:block: Object did not get ID it asked for. Name: sons_of_sins:block_of_enderman_muscles Expected: 2039 Got: 2573
[02Aug2025 00:49:35.834] [main/WARN] [net.minecraftforge.registries.ForgeRegistry/REGISTRIES]: Registry minecraft:block: Object did not get ID it asked for. Name: sons_of_sins:block_of_strider_muscle Expected: 2040 Got: 2574
[02Aug2025 00:49:35.834] [main/WARN] [net.minecraftforge.registries.ForgeRegistry/REGISTRIES]: Registry minecraft:block: Object did not get ID it asked for. Name: sons_of_sins:block_of_ravager_muscle Expected: 2041 Got: 2575
[02Aug2025 00:49:35.834] [main/WARN] [net.minecraftforge.registries.ForgeRegistry/REGISTRIES]: Registry minecraft:block: Object did not get ID it asked for. Name: sons_of_sins:block_of_blazing_hearts Expected: 2042 Got: 2576
[02Aug2025 00:49:35.834] [main/WARN] [net.minecraftforge.registries.ForgeRegistry/REGISTRIES]: Registry minecraft:block: Object did not get ID it asked for. Name: sons_of_sins:block_of_spider_heart Expected: 2043 Got: 2577
[02Aug2025 00:49:35.835] [main/WARN] [net.minecraftforge.registries.ForgeRegistry/REGISTRIES]: Registry minecraft:block: Object did not get ID it asked for. Name: sons_of_sins:block_of_ice_heart Expected: 2044 Got: 2578
[02Aug2025 00:49:35.835] [main/WARN] [net.minecraftforge.registries.ForgeRegistry/REGISTRIES]: Registry minecraft:block: Object did not get ID it asked for. Name: sons_of_sins:urn_block Expected: 2045 Got: 2579
[02Aug2025 00:49:35.835] [main/WARN] [net.minecraftforge.registries.ForgeRegistry/REGISTRIES]: Registry minecraft:block: Object did not get ID it asked for. Name: animatedmobsmod:fake_wood Expected: 2456 Got: 2580
[02Aug2025 00:49:35.837] [main/WARN] [net.minecraftforge.registries.ForgeRegistry/REGISTRIES]: Registry minecraft:item: Object did not get ID it asked for. Name: sons_of_sins:soul_steel_block Expected: 3030 Got: 4197
[02Aug2025 00:49:35.837] [main/WARN] [net.minecraftforge.registries.ForgeRegistry/REGISTRIES]: Registry minecraft:item: Object did not get ID it asked for. Name: sons_of_sins:soul_steel_tiles Expected: 3031 Got: 4198
[02Aug2025 00:49:35.837] [main/WARN] [net.minecraftforge.registries.ForgeRegistry/REGISTRIES]: Registry minecraft:item: Object did not get ID it asked for. Name: sons_of_sins:soul_steel_stairs Expected: 3032 Got: 4199
[02Aug2025 00:49:35.838] [main/WARN] [net.minecraftforge.registries.ForgeRegistry/REGISTRIES]: Registry minecraft:item: Object did not get ID it asked for. Name: sons_of_sins:soul_steel_slab Expected: 3033 Got: 4200
[02Aug2025 00:49:35.838] [main/WARN] [net.minecraftforge.registries.ForgeRegistry/REGISTRIES]: Registry minecraft:item: Object did not get ID it asked for. Name: sons_of_sins:sickle_of_struggle Expected: 3034 Got: 4201
[02Aug2025 00:49:35.838] [main/WARN] [net.minecraftforge.registries.ForgeRegistry/REGISTRIES]: Registry minecraft:item: Object did not get ID it asked for. Name: sons_of_sins:remnant_helmet Expected: 3035 Got: 4202
[02Aug2025 00:49:35.838] [main/WARN] [net.minecraftforge.registries.ForgeRegistry/REGISTRIES]: Registry minecraft:item: Object did not get ID it asked for. Name: sons_of_sins:remnant_chestplate Expected: 3036 Got: 4203
[02Aug2025 00:49:35.838] [main/WARN] [net.minecraftforge.registries.ForgeRegistry/REGISTRIES]: Registry minecraft:item: Object did not get ID it asked for. Name: sons_of_sins:remnant_leggings Expected: 3037 Got: 4204
[02Aug2025 00:49:35.838] [main/WARN] [net.minecraftforge.registries.ForgeRegistry/REGISTRIES]: Registry minecraft:item: Object did not get ID it asked for. Name: sons_of_sins:remnant_boots Expected: 3038 Got: 4205
[02Aug2025 00:49:35.838] [main/WARN] [net.minecraftforge.registries.ForgeRegistry/REGISTRIES]: Registry minecraft:item: Object did not get ID it asked for. Name: sons_of_sins:osseous_pickaxe Expected: 3039 Got: 4206
[02Aug2025 00:49:35.839] [main/WARN] [net.minecraftforge.registries.ForgeRegistry/REGISTRIES]: Registry minecraft:item: Object did not get ID it asked for. Name: sons_of_sins:osseous_axe Expected: 3040 Got: 4207
[02Aug2025 00:49:35.839] [main/WARN] [net.minecraftforge.registries.ForgeRegistry/REGISTRIES]: Registry minecraft:item: Object did not get ID it asked for. Name: sons_of_sins:osseous_sword Expected: 3041 Got: 4208
[02Aug2025 00:49:35.839] [main/WARN] [net.minecraftforge.registries.ForgeRegistry/REGISTRIES]: Registry minecraft:item: Object did not get ID it asked for. Name: sons_of_sins:osseous_shovel Expected: 3042 Got: 4209
[02Aug2025 00:49:35.839] [main/WARN] [net.minecraftforge.registries.ForgeRegistry/REGISTRIES]: Registry minecraft:item: Object did not get ID it asked for. Name: sons_of_sins:osseous_hoe Expected: 3043 Got: 4210
[02Aug2025 00:49:35.839] [main/WARN] [net.minecraftforge.registries.ForgeRegistry/REGISTRIES]: Registry minecraft:item: Object did not get ID it asked for. Name: sons_of_sins:ether_ashes Expected: 3044 Got: 4211
[02Aug2025 00:49:35.839] [main/WARN] [net.minecraftforge.registries.ForgeRegistry/REGISTRIES]: Registry minecraft:item: Object did not get ID it asked for. Name: sons_of_sins:soul_steel Expected: 3045 Got: 4212
[02Aug2025 00:49:35.839] [main/WARN] [net.minecraftforge.registries.ForgeRegistry/REGISTRIES]: Registry minecraft:item: Object did not get ID it asked for. Name: sons_of_sins:bottle_of_blood Expected: 3046 Got: 4213
[02Aug2025 00:49:35.840] [main/WARN] [net.minecraftforge.registries.ForgeRegistry/REGISTRIES]: Registry minecraft:item: Object did not get ID it asked for. Name: sons_of_sins:blood_bucket Expected: 3047 Got: 4214
[02Aug2025 00:49:35.840] [main/WARN] [net.minecraftforge.registries.ForgeRegistry/REGISTRIES]: Registry minecraft:item: Object did not get ID it asked for. Name: sons_of_sins:urn Expected: 3048 Got: 4215
[02Aug2025 00:49:35.840] [main/WARN] [net.minecraftforge.registries.ForgeRegistry/REGISTRIES]: Registry minecraft:item: Object did not get ID it asked for. Name: sons_of_sins:ether_sword Expected: 3049 Got: 4216
[02Aug2025 00:49:35.840] [main/WARN] [net.minecraftforge.registries.ForgeRegistry/REGISTRIES]: Registry minecraft:item: Object did not get ID it asked for. Name: sons_of_sins:shape_shifting_tool Expected: 3050 Got: 4217
[02Aug2025 00:49:35.840] [main/WARN] [net.minecraftforge.registries.ForgeRegistry/REGISTRIES]: Registry minecraft:item: Object did not get ID it asked for. Name: sons_of_sins:crystallized_ether Expected: 3051 Got: 4218
[02Aug2025 00:49:35.840] [main/WARN] [net.minecraftforge.registries.ForgeRegistry/REGISTRIES]: Registry minecraft:item: Object did not get ID it asked for. Name: sons_of_sins:gulber_spawn_egg Expected: 3052 Got: 4219
[02Aug2025 00:49:35.841] [main/WARN] [net.minecraftforge.registries.ForgeRegistry/REGISTRIES]: Registry minecraft:item: Object did not get ID it asked for. Name: sons_of_sins:devourer_spawn_egg Expected: 3053 Got: 4220
[02Aug2025 00:49:35.841] [main/WARN] [net.minecraftforge.registries.ForgeRegistry/REGISTRIES]: Registry minecraft:item: Object did not get ID it asked for. Name: sons_of_sins:grub_spawn_egg Expected: 3054 Got: 4221
[02Aug2025 00:49:35.841] [main/WARN] [net.minecraftforge.registries.ForgeRegistry/REGISTRIES]: Registry minecraft:item: Object did not get ID it asked for. Name: sons_of_sins:guzzler_spawn_egg Expected: 3055 Got: 4222
[02Aug2025 00:49:35.841] [main/WARN] [net.minecraftforge.registries.ForgeRegistry/REGISTRIES]: Registry minecraft:item: Object did not get ID it asked for. Name: sons_of_sins:nibbler_spawn_egg Expected: 3056 Got: 4223
[02Aug2025 00:49:35.841] [main/WARN] [net.minecraftforge.registries.ForgeRegistry/REGISTRIES]: Registry minecraft:item: Object did not get ID it asked for. Name: sons_of_sins:flesh_carcass Expected: 3057 Got: 4224
[02Aug2025 00:49:35.841] [main/WARN] [net.minecraftforge.registries.ForgeRegistry/REGISTRIES]: Registry minecraft:item: Object did not get ID it asked for. Name: sons_of_sins:flesh_of_demise Expected: 3058 Got: 4225
[02Aug2025 00:49:35.842] [main/WARN] [net.minecraftforge.registries.ForgeRegistry/REGISTRIES]: Registry minecraft:item: Object did not get ID it asked for. Name: sons_of_sins:ribs Expected: 3059 Got: 4226
[02Aug2025 00:49:35.842] [main/WARN] [net.minecraftforge.registries.ForgeRegistry/REGISTRIES]: Registry minecraft:item: Object did not get ID it asked for. Name: sons_of_sins:muscle Expected: 3060 Got: 4227
[02Aug2025 00:49:35.842] [main/WARN] [net.minecraftforge.registries.ForgeRegistry/REGISTRIES]: Registry minecraft:item: Object did not get ID it asked for. Name: sons_of_sins:heart Expected: 3061 Got: 4228
[02Aug2025 00:49:35.842] [main/WARN] [net.minecraftforge.registries.ForgeRegistry/REGISTRIES]: Registry minecraft:item: Object did not get ID it asked for. Name: sons_of_sins:flesh_block Expected: 3062 Got: 4229
[02Aug2025 00:49:35.842] [main/WARN] [net.minecraftforge.registries.ForgeRegistry/REGISTRIES]: Registry minecraft:item: Object did not get ID it asked for. Name: sons_of_sins:block_of_ribs Expected: 3063 Got: 4230
[02Aug2025 00:49:35.842] [main/WARN] [net.minecraftforge.registries.ForgeRegistry/REGISTRIES]: Registry minecraft:item: Object did not get ID it asked for. Name: sons_of_sins:block_of_muscles Expected: 3064 Got: 4231
[02Aug2025 00:49:35.843] [main/WARN] [net.minecraftforge.registries.ForgeRegistry/REGISTRIES]: Registry minecraft:item: Object did not get ID it asked for. Name: sons_of_sins:block_of_hearts Expected: 3065 Got: 4232
[02Aug2025 00:49:35.843] [main/WARN] [net.minecraftforge.registries.ForgeRegistry/REGISTRIES]: Registry minecraft:item: Object did not get ID it asked for. Name: sons_of_sins:creeper_ribs Expected: 3066 Got: 4233
[02Aug2025 00:49:35.843] [main/WARN] [net.minecraftforge.registries.ForgeRegistry/REGISTRIES]: Registry minecraft:item: Object did not get ID it asked for. Name: sons_of_sins:golem_cuirass Expected: 3067 Got: 4234
[02Aug2025 00:49:35.843] [main/WARN] [net.minecraftforge.registries.ForgeRegistry/REGISTRIES]: Registry minecraft:item: Object did not get ID it asked for. Name: sons_of_sins:slime_rear Expected: 3068 Got: 4235
[02Aug2025 00:49:35.843] [main/WARN] [net.minecraftforge.registries.ForgeRegistry/REGISTRIES]: Registry minecraft:item: Object did not get ID it asked for. Name: sons_of_sins:enderman_muscle Expected: 3069 Got: 4236
[02Aug2025 00:49:35.843] [main/WARN] [net.minecraftforge.registries.ForgeRegistry/REGISTRIES]: Registry minecraft:item: Object did not get ID it asked for. Name: sons_of_sins:strider_muscle Expected: 3070 Got: 4237
[02Aug2025 00:49:35.843] [main/WARN] [net.minecraftforge.registries.ForgeRegistry/REGISTRIES]: Registry minecraft:item: Object did not get ID it asked for. Name: sons_of_sins:ravager_muscle Expected: 3071 Got: 4238
[02Aug2025 00:49:35.844] [main/WARN] [net.minecraftforge.registries.ForgeRegistry/REGISTRIES]: Registry minecraft:item: Object did not get ID it asked for. Name: sons_of_sins:blazing_heart Expected: 3072 Got: 4239
[02Aug2025 00:49:35.844] [main/WARN] [net.minecraftforge.registries.ForgeRegistry/REGISTRIES]: Registry minecraft:item: Object did not get ID it asked for. Name: sons_of_sins:spider_heart Expected: 3073 Got: 4240
[02Aug2025 00:49:35.844] [main/WARN] [net.minecraftforge.registries.ForgeRegistry/REGISTRIES]: Registry minecraft:item: Object did not get ID it asked for. Name: sons_of_sins:ice_heart Expected: 3074 Got: 4241
[02Aug2025 00:49:35.844] [main/WARN] [net.minecraftforge.registries.ForgeRegistry/REGISTRIES]: Registry minecraft:item: Object did not get ID it asked for. Name: sons_of_sins:block_of_creeper_ribs Expected: 3075 Got: 4242
[02Aug2025 00:49:35.845] [main/WARN] [net.minecraftforge.registries.ForgeRegistry/REGISTRIES]: Registry minecraft:item: Object did not get ID it asked for. Name: sons_of_sins:block_of_golem_cuirass Expected: 3076 Got: 4243
[02Aug2025 00:49:35.845] [main/WARN] [net.minecraftforge.registries.ForgeRegistry/REGISTRIES]: Registry minecraft:item: Object did not get ID it asked for. Name: sons_of_sins:block_of_slime_rear Expected: 3077 Got: 4244
[02Aug2025 00:49:35.845] [main/WARN] [net.minecraftforge.registries.ForgeRegistry/REGISTRIES]: Registry minecraft:item: Object did not get ID it asked for. Name: sons_of_sins:block_of_enderman_muscles Expected: 3078 Got: 4245
[02Aug2025 00:49:35.845] [main/WARN] [net.minecraftforge.registries.ForgeRegistry/REGISTRIES]: Registry minecraft:item: Object did not get ID it asked for. Name: sons_of_sins:block_of_strider_muscle Expected: 3079 Got: 4246
[02Aug2025 00:49:35.845] [main/WARN] [net.minecraftforge.registries.ForgeRegistry/REGISTRIES]: Registry minecraft:item: Object did not get ID it asked for. Name: sons_of_sins:block_of_ravager_muscle Expected: 3080 Got: 4247
[02Aug2025 00:49:35.845] [main/WARN] [net.minecraftforge.registries.ForgeRegistry/REGISTRIES]: Registry minecraft:item: Object did not get ID it asked for. Name: sons_of_sins:block_of_blazing_hearts Expected: 3081 Got: 4248
[02Aug2025 00:49:35.845] [main/WARN] [net.minecraftforge.registries.ForgeRegistry/REGISTRIES]: Registry minecraft:item: Object did not get ID it asked for. Name: sons_of_sins:block_of_spider_heart Expected: 3082 Got: 4249
[02Aug2025 00:49:35.846] [main/WARN] [net.minecraftforge.registries.ForgeRegistry/REGISTRIES]: Registry minecraft:item: Object did not get ID it asked for. Name: sons_of_sins:block_of_ice_heart Expected: 3083 Got: 4250
[02Aug2025 00:49:35.846] [main/WARN] [net.minecraftforge.registries.ForgeRegistry/REGISTRIES]: Registry minecraft:item: Object did not get ID it asked for. Name: sons_of_sins:wistiver_spawn_egg Expected: 3084 Got: 4251
[02Aug2025 00:49:35.846] [main/WARN] [net.minecraftforge.registries.ForgeRegistry/REGISTRIES]: Registry minecraft:item: Object did not get ID it asked for. Name: sons_of_sins:walking_bed_spawn_egg Expected: 3085 Got: 4252
[02Aug2025 00:49:35.846] [main/WARN] [net.minecraftforge.registries.ForgeRegistry/REGISTRIES]: Registry minecraft:item: Object did not get ID it asked for. Name: sons_of_sins:prowler_spawn_egg Expected: 3086 Got: 4253
[02Aug2025 00:49:35.846] [main/WARN] [net.minecraftforge.registries.ForgeRegistry/REGISTRIES]: Registry minecraft:item: Object did not get ID it asked for. Name: sons_of_sins:kelvin_spawn_egg Expected: 3087 Got: 4254
[02Aug2025 00:49:35.846] [main/WARN] [net.minecraftforge.registries.ForgeRegistry/REGISTRIES]: Registry minecraft:item: Object did not get ID it asked for. Name: sons_of_sins:curse_spawn_egg Expected: 3088 Got: 4255
[02Aug2025 00:49:35.846] [main/WARN] [net.minecraftforge.registries.ForgeRegistry/REGISTRIES]: Registry minecraft:item: Object did not get ID it asked for. Name: sons_of_sins:blud_spawn_egg Expected: 3089 Got: 4256
[02Aug2025 00:49:35.847] [main/WARN] [net.minecraftforge.registries.ForgeRegistry/REGISTRIES]: Registry minecraft:item: Object did not get ID it asked for. Name: sons_of_sins:butcher_spawn_egg Expected: 3090 Got: 4257
[02Aug2025 00:49:35.847] [main/WARN] [net.minecraftforge.registries.ForgeRegistry/REGISTRIES]: Registry minecraft:item: Object did not get ID it asked for. Name: sons_of_sins:bloody_bone Expected: 3091 Got: 4258
[02Aug2025 00:49:35.847] [main/WARN] [net.minecraftforge.registries.ForgeRegistry/REGISTRIES]: Registry minecraft:item: Object did not get ID it asked for. Name: sons_of_sins:sins_music_disc Expected: 3092 Got: 4259
[02Aug2025 00:49:35.847] [main/WARN] [net.minecraftforge.registries.ForgeRegistry/REGISTRIES]: Registry minecraft:item: Object did not get ID it asked for. Name: sons_of_sins:wistivers_jaws Expected: 3093 Got: 4260
[02Aug2025 00:49:35.847] [main/WARN] [net.minecraftforge.registries.ForgeRegistry/REGISTRIES]: Registry minecraft:item: Object did not get ID it asked for. Name: sons_of_sins:puppet_of_strife Expected: 3094 Got: 4261
[02Aug2025 00:49:35.847] [main/WARN] [net.minecraftforge.registries.ForgeRegistry/REGISTRIES]: Registry minecraft:item: Object did not get ID it asked for. Name: sons_of_sins:hand_of_riot Expected: 3095 Got: 4262
[02Aug2025 00:49:35.848] [main/WARN] [net.minecraftforge.registries.ForgeRegistry/REGISTRIES]: Registry minecraft:item: Object did not get ID it asked for. Name: sons_of_sins:ether_engine Expected: 3096 Got: 4263
[02Aug2025 00:49:35.848] [main/WARN] [net.minecraftforge.registries.ForgeRegistry/REGISTRIES]: Registry minecraft:item: Object did not get ID it asked for. Name: sons_of_sins:cursed_head Expected: 3097 Got: 4264
[02Aug2025 00:49:35.848] [main/WARN] [net.minecraftforge.registries.ForgeRegistry/REGISTRIES]: Registry minecraft:item: Object did not get ID it asked for. Name: sons_of_sins:touch_of_greed Expected: 3098 Got: 4265
[02Aug2025 00:49:35.848] [main/WARN] [net.minecraftforge.registries.ForgeRegistry/REGISTRIES]: Registry minecraft:item: Object did not get ID it asked for. Name: sons_of_sins:butcher_cleaver Expected: 3099 Got: 4266
[02Aug2025 00:49:35.848] [main/WARN] [net.minecraftforge.registries.ForgeRegistry/REGISTRIES]: Registry minecraft:item: Object did not get ID it asked for. Name: sons_of_sins:sinful_pickaxe Expected: 3100 Got: 4267
[02Aug2025 00:49:35.848] [main/WARN] [net.minecraftforge.registries.ForgeRegistry/REGISTRIES]: Registry minecraft:item: Object did not get ID it asked for. Name: sons_of_sins:sinful_axe Expected: 3101 Got: 4268
[02Aug2025 00:49:35.848] [main/WARN] [net.minecraftforge.registries.ForgeRegistry/REGISTRIES]: Registry minecraft:item: Object did not get ID it asked for. Name: sons_of_sins:sinful_sword Expected: 3102 Got: 4269
[02Aug2025 00:49:35.848] [main/WARN] [net.minecraftforge.registries.ForgeRegistry/REGISTRIES]: Registry minecraft:item: Object did not get ID it asked for. Name: sons_of_sins:sinful_shovel Expected: 3103 Got: 4270
[02Aug2025 00:49:35.849] [main/WARN] [net.minecraftforge.registries.ForgeRegistry/REGISTRIES]: Registry minecraft:item: Object did not get ID it asked for. Name: sons_of_sins:sinful_hoe Expected: 3104 Got: 4271
[02Aug2025 00:49:35.849] [main/WARN] [net.minecraftforge.registries.ForgeRegistry/REGISTRIES]: Registry minecraft:item: Object did not get ID it asked for. Name: sons_of_sins:betrayed_guzzler_spawn_egg Expected: 3105 Got: 4272
[02Aug2025 00:49:35.849] [main/WARN] [net.minecraftforge.registries.ForgeRegistry/REGISTRIES]: Registry minecraft:item: Object did not get ID it asked for. Name: sons_of_sins:blood_ball Expected: 3106 Got: 4273
[02Aug2025 00:49:35.849] [main/WARN] [net.minecraftforge.registries.ForgeRegistry/REGISTRIES]: Registry minecraft:item: Object did not get ID it asked for. Name: sons_of_sins:ditched_spawn_egg Expected: 3107 Got: 4274
[02Aug2025 00:49:35.849] [main/WARN] [net.minecraftforge.registries.ForgeRegistry/REGISTRIES]: Registry minecraft:item: Object did not get ID it asked for. Name: sons_of_sins:iron_and_ether Expected: 3108 Got: 4275
[02Aug2025 00:49:35.849] [main/WARN] [net.minecraftforge.registries.ForgeRegistry/REGISTRIES]: Registry minecraft:item: Object did not get ID it asked for. Name: sons_of_sins:flesh_pickaxe Expected: 3109 Got: 4276
[02Aug2025 00:49:35.849] [main/WARN] [net.minecraftforge.registries.ForgeRegistry/REGISTRIES]: Registry minecraft:item: Object did not get ID it asked for. Name: sons_of_sins:flesh_axe Expected: 3110 Got: 4277
[02Aug2025 00:49:35.850] [main/WARN] [net.minecraftforge.registries.ForgeRegistry/REGISTRIES]: Registry minecraft:item: Object did not get ID it asked for. Name: sons_of_sins:flesh_sword Expected: 3111 Got: 4278
[02Aug2025 00:49:35.850] [main/WARN] [net.minecraftforge.registries.ForgeRegistry/REGISTRIES]: Registry minecraft:item: Object did not get ID it asked for. Name: sons_of_sins:flesh_shovel Expected: 3112 Got: 4279
[02Aug2025 00:49:35.850] [main/WARN] [net.minecraftforge.registries.ForgeRegistry/REGISTRIES]: Registry minecraft:item: Object did not get ID it asked for. Name: sons_of_sins:flesh_hoe Expected: 3113 Got: 4280
[02Aug2025 00:49:35.850] [main/WARN] [net.minecraftforge.registries.ForgeRegistry/REGISTRIES]: Registry minecraft:item: Object did not get ID it asked for. Name: sons_of_sins:charged_creeper_ribs Expected: 3114 Got: 4281
[02Aug2025 00:49:35.850] [main/WARN] [net.minecraftforge.registries.ForgeRegistry/REGISTRIES]: Registry minecraft:item: Object did not get ID it asked for. Name: sons_of_sins:urn_block Expected: 3115 Got: 4282
[02Aug2025 00:49:35.850] [main/WARN] [net.minecraftforge.registries.ForgeRegistry/REGISTRIES]: Registry minecraft:item: Object did not get ID it asked for. Name: animatedmobsmod:ender_king_spawn_egg Expected: 4110 Got: 4283
[02Aug2025 00:49:35.851] [main/WARN] [net.minecraftforge.registries.ForgeRegistry/REGISTRIES]: Registry minecraft:item: Object did not get ID it asked for. Name: animatedmobsmod:ender_fiend_spawn_egg Expected: 4111 Got: 4284
[02Aug2025 00:49:35.851] [main/WARN] [net.minecraftforge.registries.ForgeRegistry/REGISTRIES]: Registry minecraft:item: Object did not get ID it asked for. Name: animatedmobsmod:snake_spawn_egg Expected: 4112 Got: 4285
[02Aug2025 00:49:35.851] [main/WARN] [net.minecraftforge.registries.ForgeRegistry/REGISTRIES]: Registry minecraft:item: Object did not get ID it asked for. Name: animatedmobsmod:black_mamba_spawn_egg Expected: 4113 Got: 4286
[02Aug2025 00:49:35.851] [main/WARN] [net.minecraftforge.registries.ForgeRegistry/REGISTRIES]: Registry minecraft:item: Object did not get ID it asked for. Name: animatedmobsmod:ministerial_rune Expected: 4114 Got: 4287
[02Aug2025 00:49:35.851] [main/WARN] [net.minecraftforge.registries.ForgeRegistry/REGISTRIES]: Registry minecraft:item: Object did not get ID it asked for. Name: animatedmobsmod:ender_spectre Expected: 4115 Got: 4288
[02Aug2025 00:49:35.851] [main/WARN] [net.minecraftforge.registries.ForgeRegistry/REGISTRIES]: Registry minecraft:item: Object did not get ID it asked for. Name: animatedmobsmod:ender_fiend_egg Expected: 4116 Got: 4289
[02Aug2025 00:49:35.851] [main/WARN] [net.minecraftforge.registries.ForgeRegistry/REGISTRIES]: Registry minecraft:item: Object did not get ID it asked for. Name: animatedmobsmod:fiend_booster Expected: 4117 Got: 4290
[02Aug2025 00:49:35.852] [main/WARN] [net.minecraftforge.registries.ForgeRegistry/REGISTRIES]: Registry minecraft:item: Object did not get ID it asked for. Name: animatedmobsmod:ender_fiend_armor Expected: 4118 Got: 4291
[02Aug2025 00:49:35.852] [main/WARN] [net.minecraftforge.registries.ForgeRegistry/REGISTRIES]: Registry minecraft:item: Object did not get ID it asked for. Name: animatedmobsmod:ender_fiend_meat Expected: 4119 Got: 4292
[02Aug2025 00:49:35.852] [main/WARN] [net.minecraftforge.registries.ForgeRegistry/REGISTRIES]: Registry minecraft:item: Object did not get ID it asked for. Name: animatedmobsmod:snake_meat Expected: 4120 Got: 4293
[02Aug2025 00:49:35.852] [main/WARN] [net.minecraftforge.registries.ForgeRegistry/REGISTRIES]: Registry minecraft:item: Object did not get ID it asked for. Name: animatedmobsmod:cooked_snake_meet Expected: 4121 Got: 4294
[02Aug2025 00:49:35.852] [main/WARN] [net.minecraftforge.registries.ForgeRegistry/REGISTRIES]: Registry minecraft:item: Object did not get ID it asked for. Name: animatedmobsmod:snake_teeth Expected: 4122 Got: 4295
[02Aug2025 00:49:35.852] [main/WARN] [net.minecraftforge.registries.ForgeRegistry/REGISTRIES]: Registry minecraft:item: Object did not get ID it asked for. Name: animatedmobsmod:snake_teeth_dagger Expected: 4123 Got: 4296
[02Aug2025 00:49:35.853] [main/WARN] [net.minecraftforge.registries.ForgeRegistry/REGISTRIES]: Registry minecraft:item: Object did not get ID it asked for. Name: animatedmobsmod:black_mamba_teeth Expected: 4124 Got: 4297
[02Aug2025 00:49:35.853] [main/WARN] [net.minecraftforge.registries.ForgeRegistry/REGISTRIES]: Registry minecraft:item: Object did not get ID it asked for. Name: animatedmobsmod:black_mamba_teeth_dagger Expected: 4125 Got: 4298
[02Aug2025 00:49:35.853] [main/WARN] [net.minecraftforge.registries.ForgeRegistry/REGISTRIES]: Registry minecraft:item: Object did not get ID it asked for. Name: animatedmobsmod:fake_wood Expected: 4126 Got: 4299
[02Aug2025 00:49:35.853] [main/WARN] [net.minecraftforge.registries.ForgeRegistry/REGISTRIES]: Registry minecraft:mob_effect: Object did not get ID it asked for. Name: sons_of_sins:allure Expected: 97 Got: 160
[02Aug2025 00:49:35.853] [main/WARN] [net.minecraftforge.registries.ForgeRegistry/REGISTRIES]: Registry minecraft:mob_effect: Object did not get ID it asked for. Name: sons_of_sins:last_breath Expected: 98 Got: 161
[02Aug2025 00:49:35.853] [main/WARN] [net.minecraftforge.registries.ForgeRegistry/REGISTRIES]: Registry minecraft:mob_effect: Object did not get ID it asked for. Name: sons_of_sins:instinct Expected: 99 Got: 162
[02Aug2025 00:49:35.854] [main/WARN] [net.minecraftforge.registries.ForgeRegistry/REGISTRIES]: Registry minecraft:mob_effect: Object did not get ID it asked for. Name: sons_of_sins:boiling Expected: 100 Got: 163
[02Aug2025 00:49:35.854] [main/WARN] [net.minecraftforge.registries.ForgeRegistry/REGISTRIES]: Registry minecraft:mob_effect: Object did not get ID it asked for. Name: sons_of_sins:insanity Expected: 101 Got: 164
[02Aug2025 00:49:35.854] [main/WARN] [net.minecraftforge.registries.ForgeRegistry/REGISTRIES]: Registry minecraft:mob_effect: Object did not get ID it asked for. Name: sons_of_sins:greed Expected: 102 Got: 165
[02Aug2025 00:49:35.854] [main/WARN] [net.minecraftforge.registries.ForgeRegistry/REGISTRIES]: Registry minecraft:mob_effect: Object did not get ID it asked for. Name: sons_of_sins:acid_bloodstream Expected: 103 Got: 166
[02Aug2025 00:49:35.854] [main/WARN] [net.minecraftforge.registries.ForgeRegistry/REGISTRIES]: Registry minecraft:mob_effect: Object did not get ID it asked for. Name: sons_of_sins:arctic_cells Expected: 104 Got: 167
[02Aug2025 00:49:35.854] [main/WARN] [net.minecraftforge.registries.ForgeRegistry/REGISTRIES]: Registry minecraft:mob_effect: Object did not get ID it asked for. Name: sons_of_sins:hercules_fury Expected: 105 Got: 168
[02Aug2025 00:49:35.854] [main/WARN] [net.minecraftforge.registries.ForgeRegistry/REGISTRIES]: Registry minecraft:mob_effect: Object did not get ID it asked for. Name: sons_of_sins:hydrophobia Expected: 106 Got: 169
[02Aug2025 00:49:35.855] [main/WARN] [net.minecraftforge.registries.ForgeRegistry/REGISTRIES]: Registry minecraft:mob_effect: Object did not get ID it asked for. Name: sons_of_sins:stretchy_tendons Expected: 107 Got: 170
[02Aug2025 00:49:35.855] [main/WARN] [net.minecraftforge.registries.ForgeRegistry/REGISTRIES]: Registry minecraft:mob_effect: Object did not get ID it asked for. Name: sons_of_sins:cell_division Expected: 108 Got: 171
[02Aug2025 00:49:35.855] [main/WARN] [net.minecraftforge.registries.ForgeRegistry/REGISTRIES]: Registry minecraft:mob_effect: Object did not get ID it asked for. Name: animatedmobsmod:stun Expected: 167 Got: 172
[02Aug2025 00:49:35.855] [main/WARN] [net.minecraftforge.registries.ForgeRegistry/REGISTRIES]: Registry minecraft:mob_effect: Object did not get ID it asked for. Name: animatedmobsmod:fear Expected: 168 Got: 173
[02Aug2025 00:49:35.855] [main/WARN] [net.minecraftforge.registries.ForgeRegistry/REGISTRIES]: Registry minecraft:mob_effect: Object did not get ID it asked for. Name: animatedmobsmod:black_mamba_poison Expected: 169 Got: 174
[02Aug2025 00:49:35.856] [main/WARN] [net.minecraftforge.registries.ForgeRegistry/REGISTRIES]: Registry minecraft:sound_event: Object did not get ID it asked for. Name: sons_of_sins:sickle_hit Expected: 2095 Got: 2348
[02Aug2025 00:49:35.856] [main/WARN] [net.minecraftforge.registries.ForgeRegistry/REGISTRIES]: Registry minecraft:sound_event: Object did not get ID it asked for. Name: sons_of_sins:sickle_kill Expected: 2096 Got: 2349
[02Aug2025 00:49:35.856] [main/WARN] [net.minecraftforge.registries.ForgeRegistry/REGISTRIES]: Registry minecraft:sound_event: Object did not get ID it asked for. Name: sons_of_sins:remnant_tanking Expected: 2097 Got: 2350
[02Aug2025 00:49:35.856] [main/WARN] [net.minecraftforge.registries.ForgeRegistry/REGISTRIES]: Registry minecraft:sound_event: Object did not get ID it asked for. Name: sons_of_sins:ether_scream Expected: 2098 Got: 2351
[02Aug2025 00:49:35.856] [main/WARN] [net.minecraftforge.registries.ForgeRegistry/REGISTRIES]: Registry minecraft:sound_event: Object did not get ID it asked for. Name: sons_of_sins:ether_ambient Expected: 2099 Got: 2352
[02Aug2025 00:49:35.857] [main/WARN] [net.minecraftforge.registries.ForgeRegistry/REGISTRIES]: Registry minecraft:sound_event: Object did not get ID it asked for. Name: sons_of_sins:soul_steel_dig Expected: 2100 Got: 2353
[02Aug2025 00:49:35.857] [main/WARN] [net.minecraftforge.registries.ForgeRegistry/REGISTRIES]: Registry minecraft:sound_event: Object did not get ID it asked for. Name: sons_of_sins:soul_steel_step Expected: 2101 Got: 2354
[02Aug2025 00:49:35.857] [main/WARN] [net.minecraftforge.registries.ForgeRegistry/REGISTRIES]: Registry minecraft:sound_event: Object did not get ID it asked for. Name: sons_of_sins:wight_hurt Expected: 2102 Got: 2355
[02Aug2025 00:49:35.857] [main/WARN] [net.minecraftforge.registries.ForgeRegistry/REGISTRIES]: Registry minecraft:sound_event: Object did not get ID it asked for. Name: sons_of_sins:wight_death Expected: 2103 Got: 2356
[02Aug2025 00:49:35.857] [main/WARN] [net.minecraftforge.registries.ForgeRegistry/REGISTRIES]: Registry minecraft:sound_event: Object did not get ID it asked for. Name: sons_of_sins:wight_ambient Expected: 2104 Got: 2357
[02Aug2025 00:49:35.857] [main/WARN] [net.minecraftforge.registries.ForgeRegistry/REGISTRIES]: Registry minecraft:sound_event: Object did not get ID it asked for. Name: sons_of_sins:curse_ambient Expected: 2105 Got: 2358
[02Aug2025 00:49:35.857] [main/WARN] [net.minecraftforge.registries.ForgeRegistry/REGISTRIES]: Registry minecraft:sound_event: Object did not get ID it asked for. Name: sons_of_sins:curse_hurt Expected: 2106 Got: 2359
[02Aug2025 00:49:35.858] [main/WARN] [net.minecraftforge.registries.ForgeRegistry/REGISTRIES]: Registry minecraft:sound_event: Object did not get ID it asked for. Name: sons_of_sins:curse_death Expected: 2107 Got: 2360
[02Aug2025 00:49:35.858] [main/WARN] [net.minecraftforge.registries.ForgeRegistry/REGISTRIES]: Registry minecraft:sound_event: Object did not get ID it asked for. Name: sons_of_sins:sin_summon Expected: 2108 Got: 2361
[02Aug2025 00:49:35.858] [main/WARN] [net.minecraftforge.registries.ForgeRegistry/REGISTRIES]: Registry minecraft:sound_event: Object did not get ID it asked for. Name: sons_of_sins:tension Expected: 2109 Got: 2362
[02Aug2025 00:49:35.858] [main/WARN] [net.minecraftforge.registries.ForgeRegistry/REGISTRIES]: Registry minecraft:sound_event: Object did not get ID it asked for. Name: sons_of_sins:sins_redwolf Expected: 2110 Got: 2363
[02Aug2025 00:49:35.858] [main/WARN] [net.minecraftforge.registries.ForgeRegistry/REGISTRIES]: Registry minecraft:sound_event: Object did not get ID it asked for. Name: sons_of_sins:devourer_ambient Expected: 2111 Got: 2364
[02Aug2025 00:49:35.858] [main/WARN] [net.minecraftforge.registries.ForgeRegistry/REGISTRIES]: Registry minecraft:sound_event: Object did not get ID it asked for. Name: sons_of_sins:devourer_death Expected: 2112 Got: 2365
[02Aug2025 00:49:35.858] [main/WARN] [net.minecraftforge.registries.ForgeRegistry/REGISTRIES]: Registry minecraft:sound_event: Object did not get ID it asked for. Name: sons_of_sins:devourer_hurt Expected: 2113 Got: 2366
[02Aug2025 00:49:35.859] [main/WARN] [net.minecraftforge.registries.ForgeRegistry/REGISTRIES]: Registry minecraft:sound_event: Object did not get ID it asked for. Name: sons_of_sins:grub_ambient Expected: 2114 Got: 2367
[02Aug2025 00:49:35.859] [main/WARN] [net.minecraftforge.registries.ForgeRegistry/REGISTRIES]: Registry minecraft:sound_event: Object did not get ID it asked for. Name: sons_of_sins:grub_death Expected: 2115 Got: 2368
[02Aug2025 00:49:35.859] [main/WARN] [net.minecraftforge.registries.ForgeRegistry/REGISTRIES]: Registry minecraft:sound_event: Object did not get ID it asked for. Name: sons_of_sins:grub_hurt Expected: 2116 Got: 2369
[02Aug2025 00:49:35.859] [main/WARN] [net.minecraftforge.registries.ForgeRegistry/REGISTRIES]: Registry minecraft:sound_event: Object did not get ID it asked for. Name: sons_of_sins:guzzler_ambient Expected: 2117 Got: 2370
[02Aug2025 00:49:35.859] [main/WARN] [net.minecraftforge.registries.ForgeRegistry/REGISTRIES]: Registry minecraft:sound_event: Object did not get ID it asked for. Name: sons_of_sins:guzzler_death Expected: 2118 Got: 2371
[02Aug2025 00:49:35.859] [main/WARN] [net.minecraftforge.registries.ForgeRegistry/REGISTRIES]: Registry minecraft:sound_event: Object did not get ID it asked for. Name: sons_of_sins:guzzler_hurt Expected: 2119 Got: 2372
[02Aug2025 00:49:35.859] [main/WARN] [net.minecraftforge.registries.ForgeRegistry/REGISTRIES]: Registry minecraft:sound_event: Object did not get ID it asked for. Name: sons_of_sins:blud_ambient Expected: 2120 Got: 2373
[02Aug2025 00:49:35.860] [main/WARN] [net.minecraftforge.registries.ForgeRegistry/REGISTRIES]: Registry minecraft:sound_event: Object did not get ID it asked for. Name: sons_of_sins:blud_death Expected: 2121 Got: 2374
[02Aug2025 00:49:35.860] [main/WARN] [net.minecraftforge.registries.ForgeRegistry/REGISTRIES]: Registry minecraft:sound_event: Object did not get ID it asked for. Name: sons_of_sins:blud_hurt Expected: 2122 Got: 2375
[02Aug2025 00:49:35.860] [main/WARN] [net.minecraftforge.registries.ForgeRegistry/REGISTRIES]: Registry minecraft:sound_event: Object did not get ID it asked for. Name: sons_of_sins:butcher_ambient Expected: 2123 Got: 2376
[02Aug2025 00:49:35.860] [main/WARN] [net.minecraftforge.registries.ForgeRegistry/REGISTRIES]: Registry minecraft:sound_event: Object did not get ID it asked for. Name: sons_of_sins:butcher_death Expected: 2124 Got: 2377
[02Aug2025 00:49:35.860] [main/WARN] [net.minecraftforge.registries.ForgeRegistry/REGISTRIES]: Registry minecraft:sound_event: Object did not get ID it asked for. Name: sons_of_sins:butcher_hurt Expected: 2125 Got: 2378
[02Aug2025 00:49:35.860] [main/WARN] [net.minecraftforge.registries.ForgeRegistry/REGISTRIES]: Registry minecraft:sound_event: Object did not get ID it asked for. Name: sons_of_sins:the_curse_ambient Expected: 2126 Got: 2379
[02Aug2025 00:49:35.860] [main/WARN] [net.minecraftforge.registries.ForgeRegistry/REGISTRIES]: Registry minecraft:sound_event: Object did not get ID it asked for. Name: sons_of_sins:the_curse_death Expected: 2127 Got: 2380
[02Aug2025 00:49:35.861] [main/WARN] [net.minecraftforge.registries.ForgeRegistry/REGISTRIES]: Registry minecraft:sound_event: Object did not get ID it asked for. Name: sons_of_sins:the_curse_hurt Expected: 2128 Got: 2381
[02Aug2025 00:49:35.861] [main/WARN] [net.minecraftforge.registries.ForgeRegistry/REGISTRIES]: Registry minecraft:sound_event: Object did not get ID it asked for. Name: sons_of_sins:kelvin_ambient Expected: 2129 Got: 2382
[02Aug2025 00:49:35.861] [main/WARN] [net.minecraftforge.registries.ForgeRegistry/REGISTRIES]: Registry minecraft:sound_event: Object did not get ID it asked for. Name: sons_of_sins:kelvin_death Expected: 2130 Got: 2383
[02Aug2025 00:49:35.861] [main/WARN] [net.minecraftforge.registries.ForgeRegistry/REGISTRIES]: Registry minecraft:sound_event: Object did not get ID it asked for. Name: sons_of_sins:kelvin_hurt Expected: 2131 Got: 2384
[02Aug2025 00:49:35.861] [main/WARN] [net.minecraftforge.registries.ForgeRegistry/REGISTRIES]: Registry minecraft:sound_event: Object did not get ID it asked for. Name: sons_of_sins:prowler_ambient Expected: 2132 Got: 2385
[02Aug2025 00:49:35.861] [main/WARN] [net.minecraftforge.registries.ForgeRegistry/REGISTRIES]: Registry minecraft:sound_event: Object did not get ID it asked for. Name: sons_of_sins:prowler_death Expected: 2133 Got: 2386
[02Aug2025 00:49:35.861] [main/WARN] [net.minecraftforge.registries.ForgeRegistry/REGISTRIES]: Registry minecraft:sound_event: Object did not get ID it asked for. Name: sons_of_sins:prowler_hurt Expected: 2134 Got: 2387
[02Aug2025 00:49:35.861] [main/WARN] [net.minecraftforge.registries.ForgeRegistry/REGISTRIES]: Registry minecraft:sound_event: Object did not get ID it asked for. Name: sons_of_sins:walking_bed_death Expected: 2135 Got: 2388
[02Aug2025 00:49:35.862] [main/WARN] [net.minecraftforge.registries.ForgeRegistry/REGISTRIES]: Registry minecraft:sound_event: Object did not get ID it asked for. Name: sons_of_sins:walking_bed_hurt Expected: 2136 Got: 2389
[02Aug2025 00:49:35.862] [main/WARN] [net.minecraftforge.registries.ForgeRegistry/REGISTRIES]: Registry minecraft:sound_event: Object did not get ID it asked for. Name: sons_of_sins:wistiver_ambient Expected: 2137 Got: 2390
[02Aug2025 00:49:35.862] [main/WARN] [net.minecraftforge.registries.ForgeRegistry/REGISTRIES]: Registry minecraft:sound_event: Object did not get ID it asked for. Name: sons_of_sins:wistiver_death Expected: 2138 Got: 2391
[02Aug2025 00:49:35.862] [main/WARN] [net.minecraftforge.registries.ForgeRegistry/REGISTRIES]: Registry minecraft:sound_event: Object did not get ID it asked for. Name: sons_of_sins:wistiver_hurt Expected: 2139 Got: 2392
[02Aug2025 00:49:35.862] [main/WARN] [net.minecraftforge.registries.ForgeRegistry/REGISTRIES]: Registry minecraft:sound_event: Object did not get ID it asked for. Name: sons_of_sins:walking_bed_ambient Expected: 2140 Got: 2393
[02Aug2025 00:49:35.862] [main/WARN] [net.minecraftforge.registries.ForgeRegistry/REGISTRIES]: Registry minecraft:sound_event: Object did not get ID it asked for. Name: sons_of_sins:blood_bucket_emptying Expected: 2141 Got: 2394
[02Aug2025 00:49:35.862] [main/WARN] [net.minecraftforge.registries.ForgeRegistry/REGISTRIES]: Registry minecraft:sound_event: Object did not get ID it asked for. Name: sons_of_sins:nibbler_hurt Expected: 2142 Got: 2395
[02Aug2025 00:49:35.863] [main/WARN] [net.minecraftforge.registries.ForgeRegistry/REGISTRIES]: Registry minecraft:sound_event: Object did not get ID it asked for. Name: sons_of_sins:nibbler_death Expected: 2143 Got: 2396
[02Aug2025 00:49:35.863] [main/WARN] [net.minecraftforge.registries.ForgeRegistry/REGISTRIES]: Registry minecraft:sound_event: Object did not get ID it asked for. Name: sons_of_sins:nibbler_ambient Expected: 2144 Got: 2397
[02Aug2025 00:49:35.863] [main/WARN] [net.minecraftforge.registries.ForgeRegistry/REGISTRIES]: Registry minecraft:sound_event: Object did not get ID it asked for. Name: animatedmobsmod:ender_king_theme Expected: 2389 Got: 2398
[02Aug2025 00:49:35.863] [main/WARN] [net.minecraftforge.registries.ForgeRegistry/REGISTRIES]: Registry minecraft:sound_event: Object did not get ID it asked for. Name: animatedmobsmod:snake_ambient Expected: 2390 Got: 2399
[02Aug2025 00:49:35.863] [main/WARN] [net.minecraftforge.registries.ForgeRegistry/REGISTRIES]: Registry minecraft:sound_event: Object did not get ID it asked for. Name: animatedmobsmod:fiend_ambient Expected: 2391 Got: 2400
[02Aug2025 00:49:35.863] [main/WARN] [net.minecraftforge.registries.ForgeRegistry/REGISTRIES]: Registry minecraft:sound_event: Object did not get ID it asked for. Name: animatedmobsmod:fiend_attack Expected: 2392 Got: 2401
[02Aug2025 00:49:35.863] [main/WARN] [net.minecraftforge.registries.ForgeRegistry/REGISTRIES]: Registry minecraft:sound_event: Object did not get ID it asked for. Name: animatedmobsmod:fiend_scream Expected: 2393 Got: 2402
[02Aug2025 00:49:35.863] [main/WARN] [net.minecraftforge.registries.ForgeRegistry/REGISTRIES]: Registry minecraft:sound_event: Object did not get ID it asked for. Name: animatedmobsmod:ender_king_boss_music Expected: 2394 Got: 2403
[02Aug2025 00:49:35.864] [main/WARN] [net.minecraftforge.registries.ForgeRegistry/REGISTRIES]: Registry minecraft:sound_event: Object did not get ID it asked for. Name: animatedmobsmod:snake_hissing Expected: 2395 Got: 2404
[02Aug2025 00:49:35.864] [main/WARN] [net.minecraftforge.registries.ForgeRegistry/REGISTRIES]: Registry minecraft:entity_type: Object did not get ID it asked for. Name: sons_of_sins:gulber Expected: 437 Got: 688
[02Aug2025 00:49:35.864] [main/WARN] [net.minecraftforge.registries.ForgeRegistry/REGISTRIES]: Registry minecraft:entity_type: Object did not get ID it asked for. Name: sons_of_sins:devourer Expected: 438 Got: 689
[02Aug2025 00:49:35.864] [main/WARN] [net.minecraftforge.registries.ForgeRegistry/REGISTRIES]: Registry minecraft:entity_type: Object did not get ID it asked for. Name: sons_of_sins:grub Expected: 439 Got: 690
[02Aug2025 00:49:35.865] [main/WARN] [net.minecraftforge.registries.ForgeRegistry/REGISTRIES]: Registry minecraft:entity_type: Object did not get ID it asked for. Name: sons_of_sins:guzzler Expected: 440 Got: 691
[02Aug2025 00:49:35.865] [main/WARN] [net.minecraftforge.registries.ForgeRegistry/REGISTRIES]: Registry minecraft:entity_type: Object did not get ID it asked for. Name: sons_of_sins:nibbler Expected: 441 Got: 692
[02Aug2025 00:49:35.865] [main/WARN] [net.minecraftforge.registries.ForgeRegistry/REGISTRIES]: Registry minecraft:entity_type: Object did not get ID it asked for. Name: sons_of_sins:wistiver Expected: 442 Got: 693
[02Aug2025 00:49:35.865] [main/WARN] [net.minecraftforge.registries.ForgeRegistry/REGISTRIES]: Registry minecraft:entity_type: Object did not get ID it asked for. Name: sons_of_sins:walking_bed Expected: 443 Got: 694
[02Aug2025 00:49:35.865] [main/WARN] [net.minecraftforge.registries.ForgeRegistry/REGISTRIES]: Registry minecraft:entity_type: Object did not get ID it asked for. Name: sons_of_sins:prowler Expected: 444 Got: 695
[02Aug2025 00:49:35.865] [main/WARN] [net.minecraftforge.registries.ForgeRegistry/REGISTRIES]: Registry minecraft:entity_type: Object did not get ID it asked for. Name: sons_of_sins:kelvin Expected: 445 Got: 696
[02Aug2025 00:49:35.865] [main/WARN] [net.minecraftforge.registries.ForgeRegistry/REGISTRIES]: Registry minecraft:entity_type: Object did not get ID it asked for. Name: sons_of_sins:curse Expected: 446 Got: 697
[02Aug2025 00:49:35.866] [main/WARN] [net.minecraftforge.registries.ForgeRegistry/REGISTRIES]: Registry minecraft:entity_type: Object did not get ID it asked for. Name: sons_of_sins:blud Expected: 447 Got: 698
[02Aug2025 00:49:35.866] [main/WARN] [net.minecraftforge.registries.ForgeRegistry/REGISTRIES]: Registry minecraft:entity_type: Object did not get ID it asked for. Name: sons_of_sins:butcher Expected: 448 Got: 699
[02Aug2025 00:49:35.866] [main/WARN] [net.minecraftforge.registries.ForgeRegistry/REGISTRIES]: Registry minecraft:entity_type: Object did not get ID it asked for. Name: sons_of_sins:betrayed_guzzler Expected: 449 Got: 700
[02Aug2025 00:49:35.866] [main/WARN] [net.minecraftforge.registries.ForgeRegistry/REGISTRIES]: Registry minecraft:entity_type: Object did not get ID it asked for. Name: sons_of_sins:projectile_blood_pr Expected: 450 Got: 701
[02Aug2025 00:49:35.866] [main/WARN] [net.minecraftforge.registries.ForgeRegistry/REGISTRIES]: Registry minecraft:entity_type: Object did not get ID it asked for. Name: sons_of_sins:ditched Expected: 451 Got: 702
[02Aug2025 00:49:35.866] [main/WARN] [net.minecraftforge.registries.ForgeRegistry/REGISTRIES]: Registry minecraft:entity_type: Object did not get ID it asked for. Name: sons_of_sins:gulber_organs Expected: 452 Got: 703
[02Aug2025 00:49:35.866] [main/WARN] [net.minecraftforge.registries.ForgeRegistry/REGISTRIES]: Registry minecraft:entity_type: Object did not get ID it asked for. Name: sons_of_sins:grub_organs Expected: 453 Got: 704
[02Aug2025 00:49:35.867] [main/WARN] [net.minecraftforge.registries.ForgeRegistry/REGISTRIES]: Registry minecraft:entity_type: Object did not get ID it asked for. Name: sons_of_sins:devourer_organs Expected: 454 Got: 705
[02Aug2025 00:49:35.867] [main/WARN] [net.minecraftforge.registries.ForgeRegistry/REGISTRIES]: Registry minecraft:entity_type: Object did not get ID it asked for. Name: sons_of_sins:guzzler_organs Expected: 455 Got: 706
[02Aug2025 00:49:35.867] [main/WARN] [net.minecraftforge.registries.ForgeRegistry/REGISTRIES]: Registry minecraft:entity_type: Object did not get ID it asked for. Name: sons_of_sins:nibbler_organs Expected: 456 Got: 707
[02Aug2025 00:49:35.867] [main/WARN] [net.minecraftforge.registries.ForgeRegistry/REGISTRIES]: Registry minecraft:entity_type: Object did not get ID it asked for. Name: animatedmobsmod:ender_king Expected: 677 Got: 708
[02Aug2025 00:49:35.867] [main/WARN] [net.minecraftforge.registries.ForgeRegistry/REGISTRIES]: Registry minecraft:entity_type: Object did not get ID it asked for. Name: animatedmobsmod:ender_fiend Expected: 678 Got: 709
[02Aug2025 00:49:35.867] [main/WARN] [net.minecraftforge.registries.ForgeRegistry/REGISTRIES]: Registry minecraft:entity_type: Object did not get ID it asked for. Name: animatedmobsmod:snake Expected: 679 Got: 710
[02Aug2025 00:49:35.867] [main/WARN] [net.minecraftforge.registries.ForgeRegistry/REGISTRIES]: Registry minecraft:entity_type: Object did not get ID it asked for. Name: animatedmobsmod:black_mamba Expected: 680 Got: 711
[02Aug2025 00:49:35.868] [main/WARN] [net.minecraftforge.registries.ForgeRegistry/REGISTRIES]: Registry minecraft:entity_type: Object did not get ID it asked for. Name: animatedmobsmod:magician_king Expected: 681 Got: 712
[02Aug2025 00:49:35.868] [main/WARN] [net.minecraftforge.registries.ForgeRegistry/REGISTRIES]: Registry minecraft:entity_type: Object did not get ID it asked for. Name: animatedmobsmod:magician_king_clone Expected: 682 Got: 713
[02Aug2025 00:49:35.868] [main/WARN] [net.minecraftforge.registries.ForgeRegistry/REGISTRIES]: Registry minecraft:entity_type: Object did not get ID it asked for. Name: animatedmobsmod:projectile_ender_spectre Expected: 683 Got: 714
[02Aug2025 00:49:35.868] [main/WARN] [net.minecraftforge.registries.ForgeRegistry/REGISTRIES]: Registry minecraft:entity_type: Object did not get ID it asked for. Name: animatedmobsmod:ender_projectile Expected: 684 Got: 715
[02Aug2025 00:49:35.868] [main/WARN] [net.minecraftforge.registries.ForgeRegistry/REGISTRIES]: Registry minecraft:entity_type: Object did not get ID it asked for. Name: animatedmobsmod:trap Expected: 685 Got: 716
[02Aug2025 00:49:35.868] [main/WARN] [net.minecraftforge.registries.ForgeRegistry/REGISTRIES]: Registry minecraft:entity_type: Object did not get ID it asked for. Name: animatedmobsmod:ground_slam Expected: 686 Got: 717
[02Aug2025 00:49:35.868] [main/WARN] [net.minecraftforge.registries.ForgeRegistry/REGISTRIES]: Registry minecraft:entity_type: Object did not get ID it asked for. Name: animatedmobsmod:ender_king_damage Expected: 687 Got: 718
[02Aug2025 00:49:35.869] [main/WARN] [net.minecraftforge.registries.ForgeRegistry/REGISTRIES]: Registry minecraft:entity_type: Object did not get ID it asked for. Name: animatedmobsmod:ender_king_death Expected: 688 Got: 719
[02Aug2025 00:49:35.869] [main/WARN] [net.minecraftforge.registries.ForgeRegistry/REGISTRIES]: Registry minecraft:entity_type: Object did not get ID it asked for. Name: animatedmobsmod:impact_point Expected: 689 Got: 720
[02Aug2025 00:49:35.869] [main/WARN] [net.minecraftforge.registries.ForgeRegistry/REGISTRIES]: Registry minecraft:entity_type: Object did not get ID it asked for. Name: animatedmobsmod:ender_king_clone Expected: 690 Got: 721
[02Aug2025 00:49:35.869] [main/WARN] [net.minecraftforge.registries.ForgeRegistry/REGISTRIES]: Registry minecraft:entity_type: Object did not get ID it asked for. Name: animatedmobsmod:sitting_ender_fiend Expected: 691 Got: 722
[02Aug2025 00:49:35.869] [main/WARN] [net.minecraftforge.registries.ForgeRegistry/REGISTRIES]: Registry minecraft:entity_type: Object did not get ID it asked for. Name: animatedmobsmod:facing_key Expected: 692 Got: 723
[02Aug2025 00:49:35.869] [main/WARN] [net.minecraftforge.registries.ForgeRegistry/REGISTRIES]: Registry minecraft:entity_type: Object did not get ID it asked for. Name: animatedmobsmod:highlighted_block Expected: 693 Got: 724
[02Aug2025 00:49:35.869] [main/WARN] [net.minecraftforge.registries.ForgeRegistry/REGISTRIES]: Registry minecraft:entity_type: Object did not get ID it asked for. Name: animatedmobsmod:flame Expected: 694 Got: 725
[02Aug2025 00:49:37.292] [main/WARN] [net.minecraft.server.packs.VanillaPackResourcesBuilder/]: Assets URL 'union:/workspaces/cosecha/servidor_minecraft/libraries/net/minecraft/server/1.20.1-20230612.114412/server-1.20.1-20230612.114412-srg.jar%23271!/assets/.mcassetsroot' uses unexpected schema
[02Aug2025 00:49:37.292] [main/WARN] [net.minecraft.server.packs.VanillaPackResourcesBuilder/]: Assets URL 'union:/workspaces/cosecha/servidor_minecraft/libraries/net/minecraft/server/1.20.1-20230612.114412/server-1.20.1-20230612.114412-srg.jar%23271!/data/.mcassetsroot' uses unexpected schema
[02Aug2025 00:49:37.312] [main/DEBUG] [mixin/]: Mixing WorldLoaderPackConfigMixin from blueprint.mixins.json into net.minecraft.server.WorldLoader$PackConfig
[02Aug2025 00:49:37.321] [main/DEBUG] [mixin/]: Mixing reach.compat1204minus.compat119plus.ServerPlayerInteractionManagerMixin from pehkui.mixins.json into net.minecraft.server.level.ServerPlayerGameMode
[02Aug2025 00:49:37.344] [main/DEBUG] [net.minecraftforge.server.ServerLifecycleHooks/CORE]: Generating PackInfo named mod:betterdungeons for mod file /workspaces/cosecha/servidor_minecraft/mods/YungsBetterDungeons-1.20-Forge-4.0.4.jar
[02Aug2025 00:49:37.344] [main/DEBUG] [net.minecraftforge.server.ServerLifecycleHooks/CORE]: Generating PackInfo named mod:ati_structures for mod file /workspaces/cosecha/servidor_minecraft/mods/ati_structures(1.20)_v1.1.0_FORGE.jar
[02Aug2025 00:49:37.344] [main/DEBUG] [net.minecraftforge.server.ServerLifecycleHooks/CORE]: Generating PackInfo named mod:netherexp for mod file /workspaces/cosecha/servidor_minecraft/mods/Jadens-Nether-Expansion-2.3.2.jar
[02Aug2025 00:49:37.345] [main/DEBUG] [net.minecraftforge.server.ServerLifecycleHooks/CORE]: Generating PackInfo named mod:formationsnether for mod file /workspaces/cosecha/servidor_minecraft/mods/formationsnether-1.0.5.jar
[02Aug2025 00:49:37.345] [main/DEBUG] [net.minecraftforge.server.ServerLifecycleHooks/CORE]: Generating PackInfo named mod:elysium_api for mod file /workspaces/cosecha/servidor_minecraft/mods/ElysiumApi-1.20.1-1.1.0.jar
[02Aug2025 00:49:37.345] [main/DEBUG] [net.minecraftforge.server.ServerLifecycleHooks/CORE]: Generating PackInfo named mod:blazegear for mod file /workspaces/cosecha/servidor_minecraft/mods/blazegear-1.4.2.jar
[02Aug2025 00:49:37.345] [main/DEBUG] [net.minecraftforge.server.ServerLifecycleHooks/CORE]: Generating PackInfo named mod:nethers_exoticism for mod file /workspaces/cosecha/servidor_minecraft/mods/nether-s-exoticism-1.20.1-1.2.9.jar
[02Aug2025 00:49:37.345] [main/DEBUG] [net.minecraftforge.server.ServerLifecycleHooks/CORE]: Generating PackInfo named mod:realmrpg_demons for mod file /workspaces/cosecha/servidor_minecraft/mods/realmrpg_imps_and_demons_0.9.0_forge_1.20.1.jar
[02Aug2025 00:49:37.345] [main/DEBUG] [net.minecraftforge.server.ServerLifecycleHooks/CORE]: Generating PackInfo named mod:jei for mod file /workspaces/cosecha/servidor_minecraft/mods/jei-1.20.1-forge-15.3.0.4.jar
[02Aug2025 00:49:37.346] [main/DEBUG] [net.minecraftforge.server.ServerLifecycleHooks/CORE]: Generating PackInfo named mod:pehkui for mod file /workspaces/cosecha/servidor_minecraft/mods/Pehkui-3.8.2+1.20.1-forge.jar
[02Aug2025 00:49:37.346] [main/DEBUG] [net.minecraftforge.server.ServerLifecycleHooks/CORE]: Generating PackInfo named mod:stalwart_dungeons for mod file /workspaces/cosecha/servidor_minecraft/mods/stalwart-dungeons-1.20.1-1.2.8.jar
[02Aug2025 00:49:37.346] [main/DEBUG] [net.minecraftforge.server.ServerLifecycleHooks/CORE]: Generating PackInfo named mod:obscure_api for mod file /workspaces/cosecha/servidor_minecraft/mods/obscure_api-15.jar
[02Aug2025 00:49:37.346] [main/DEBUG] [net.minecraftforge.server.ServerLifecycleHooks/CORE]: Generating PackInfo named mod:incendium for mod file /workspaces/cosecha/servidor_minecraft/mods/Incendium_1.20.x_v5.3.5.jar
[02Aug2025 00:49:37.347] [main/DEBUG] [net.minecraftforge.server.ServerLifecycleHooks/CORE]: Generating PackInfo named mod:sophisticatedcore for mod file /workspaces/cosecha/servidor_minecraft/mods/sophisticatedcore-1.20.1-0.6.21.609.jar
[02Aug2025 00:49:37.347] [main/DEBUG] [net.minecraftforge.server.ServerLifecycleHooks/CORE]: Generating PackInfo named mod:netheroverhaul for mod file /workspaces/cosecha/servidor_minecraft/mods/Nether's Overhaul-1.20.1_V1.3.6.jar
[02Aug2025 00:49:37.347] [main/DEBUG] [net.minecraftforge.server.ServerLifecycleHooks/CORE]: Generating PackInfo named mod:kleeslabs for mod file /workspaces/cosecha/servidor_minecraft/mods/kleeslabs-forge-1.20-15.0.0.jar
[02Aug2025 00:49:37.347] [main/DEBUG] [net.minecraftforge.server.ServerLifecycleHooks/CORE]: Generating PackInfo named mod:enlightened_end for mod file /workspaces/cosecha/servidor_minecraft/mods/enlightend-5.0.14-1.20.1.jar
[02Aug2025 00:49:37.347] [main/DEBUG] [net.minecraftforge.server.ServerLifecycleHooks/CORE]: Generating PackInfo named mod:waystones for mod file /workspaces/cosecha/servidor_minecraft/mods/waystones-forge-1.20-14.1.3.jar
[02Aug2025 00:49:37.347] [main/DEBUG] [net.minecraftforge.server.ServerLifecycleHooks/CORE]: Generating PackInfo named mod:piglinproliferation for mod file /workspaces/cosecha/servidor_minecraft/mods/piglinproliferation-1.20.1-1.2.5.jar
[02Aug2025 00:49:37.348] [main/DEBUG] [net.minecraftforge.server.ServerLifecycleHooks/CORE]: Generating PackInfo named mod:journeymap for mod file /workspaces/cosecha/servidor_minecraft/mods/journeymap-1.20.1-5.10.3-forge.jar
[02Aug2025 00:49:37.348] [main/DEBUG] [net.minecraftforge.server.ServerLifecycleHooks/CORE]: Generating PackInfo named mod:dungeonnowloading for mod file /workspaces/cosecha/servidor_minecraft/mods/Dungeon Now Loading-forge-1.20.1-1.5.jar
[02Aug2025 00:49:37.348] [main/DEBUG] [net.minecraftforge.server.ServerLifecycleHooks/CORE]: Generating PackInfo named mod:betterendcities for mod file /workspaces/cosecha/servidor_minecraft/mods/betterendcities-1.0.0-1.20.1.jar
[02Aug2025 00:49:37.348] [main/DEBUG] [net.minecraftforge.server.ServerLifecycleHooks/CORE]: Generating PackInfo named mod:citadel for mod file /workspaces/cosecha/servidor_minecraft/mods/citadel-2.5.4-1.20.1.jar
[02Aug2025 00:49:37.348] [main/DEBUG] [net.minecraftforge.server.ServerLifecycleHooks/CORE]: Generating PackInfo named mod:alexsmobs for mod file /workspaces/cosecha/servidor_minecraft/mods/alexsmobs-1.22.8.jar
[02Aug2025 00:49:37.348] [main/DEBUG] [net.minecraftforge.server.ServerLifecycleHooks/CORE]: Generating PackInfo named mod:yungsapi for mod file /workspaces/cosecha/servidor_minecraft/mods/YungsApi-1.20-Forge-4.0.6.jar
[02Aug2025 00:49:37.349] [main/DEBUG] [net.minecraftforge.server.ServerLifecycleHooks/CORE]: Generating PackInfo named mod:outer_end for mod file /workspaces/cosecha/servidor_minecraft/mods/TheOuterEnd-1.0.10.jar
[02Aug2025 00:49:37.349] [main/DEBUG] [net.minecraftforge.server.ServerLifecycleHooks/CORE]: Generating PackInfo named mod:mixinextras for mod file 
[02Aug2025 00:49:37.349] [main/DEBUG] [net.minecraftforge.server.ServerLifecycleHooks/CORE]: Generating PackInfo named mod:dungeoncrawl for mod file /workspaces/cosecha/servidor_minecraft/mods/Dungeon Crawl-1.20.1-2.3.15.jar
[02Aug2025 00:49:37.349] [main/DEBUG] [net.minecraftforge.server.ServerLifecycleHooks/CORE]: Generating PackInfo named mod:call_of_yucutan for mod file /workspaces/cosecha/servidor_minecraft/mods/call_of_yucatan-1.0.12-forge-1.20.1.jar
[02Aug2025 00:49:37.349] [main/DEBUG] [net.minecraftforge.server.ServerLifecycleHooks/CORE]: Generating PackInfo named mod:sophisticatedbackpacks for mod file /workspaces/cosecha/servidor_minecraft/mods/sophisticatedbackpacks-1.20.1-3.20.5.1044.jar
[02Aug2025 00:49:37.349] [main/DEBUG] [net.minecraftforge.server.ServerLifecycleHooks/CORE]: Generating PackInfo named mod:takesapillage for mod file /workspaces/cosecha/servidor_minecraft/mods/takesapillage-1.0.3-1.20.1.jar
[02Aug2025 00:49:37.349] [main/DEBUG] [net.minecraftforge.server.ServerLifecycleHooks/CORE]: Generating PackInfo named mod:balm for mod file /workspaces/cosecha/servidor_minecraft/mods/balm-forge-1.20.1-7.2.2.jar
[02Aug2025 00:49:37.350] [main/DEBUG] [net.minecraftforge.server.ServerLifecycleHooks/CORE]: Generating PackInfo named mod:bosses_of_mass_destruction for mod file /workspaces/cosecha/servidor_minecraft/mods/BOMD-Forge-1.20.1-1.1.1.jar
[02Aug2025 00:49:37.350] [main/DEBUG] [net.minecraftforge.server.ServerLifecycleHooks/CORE]: Generating PackInfo named mod:blueprint for mod file /workspaces/cosecha/servidor_minecraft/mods/blueprint-1.20.1-7.1.3.jar
[02Aug2025 00:49:37.350] [main/DEBUG] [net.minecraftforge.server.ServerLifecycleHooks/CORE]: Generating PackInfo named mod:jeresources for mod file /workspaces/cosecha/servidor_minecraft/mods/JustEnoughResources-1.20.1-1.4.0.247.jar
[02Aug2025 00:49:37.350] [main/DEBUG] [net.minecraftforge.server.ServerLifecycleHooks/CORE]: Generating PackInfo named mod:faded_conquest_2 for mod file /workspaces/cosecha/servidor_minecraft/mods/faded_conquest_2-1.3.0B-forge-1.20.1.jar
[02Aug2025 00:49:37.350] [main/DEBUG] [net.minecraftforge.server.ServerLifecycleHooks/CORE]: Generating PackInfo named mod:formations for mod file /workspaces/cosecha/servidor_minecraft/mods/formations-1.0.3-forge-mc1.20.2.jar
[02Aug2025 00:49:37.351] [main/DEBUG] [net.minecraftforge.server.ServerLifecycleHooks/CORE]: Generating PackInfo named mod:betterfortresses for mod file /workspaces/cosecha/servidor_minecraft/mods/YungsBetterNetherFortresses-1.20-Forge-2.0.6.jar
[02Aug2025 00:49:37.351] [main/DEBUG] [net.minecraftforge.server.ServerLifecycleHooks/CORE]: Generating PackInfo named mod:dungeons_arise_seven_seas for mod file /workspaces/cosecha/servidor_minecraft/mods/DungeonsAriseSevenSeas-1.20.x-1.0.2-forge.jar
[02Aug2025 00:49:37.351] [main/DEBUG] [net.minecraftforge.server.ServerLifecycleHooks/CORE]: Generating PackInfo named mod:cloth_config for mod file /workspaces/cosecha/servidor_minecraft/mods/cloth-config-11.1.118-forge.jar
[02Aug2025 00:49:37.351] [main/DEBUG] [net.minecraftforge.server.ServerLifecycleHooks/CORE]: Generating PackInfo named mod:forge for mod file /workspaces/cosecha/servidor_minecraft/libraries/net/minecraftforge/forge/1.20.1-47.3.7/forge-1.20.1-47.3.7-universal.jar
[02Aug2025 00:49:37.351] [main/DEBUG] [net.minecraftforge.server.ServerLifecycleHooks/CORE]: Generating PackInfo named mod:konkrete for mod file /workspaces/cosecha/servidor_minecraft/mods/konkrete_forge_1.8.0_MC_1.20-1.20.1.jar
[02Aug2025 00:49:37.351] [main/DEBUG] [net.minecraftforge.server.ServerLifecycleHooks/CORE]: Generating PackInfo named mod:just_in_nether for mod file /workspaces/cosecha/servidor_minecraft/mods/just_in_nether-1.1.7-forge-1.20.1.jar
[02Aug2025 00:49:37.352] [main/DEBUG] [net.minecraftforge.server.ServerLifecycleHooks/CORE]: Generating PackInfo named mod:structure_gel for mod file /workspaces/cosecha/servidor_minecraft/mods/structure_gel-1.20.1-2.16.2.jar
[02Aug2025 00:49:37.352] [main/DEBUG] [net.minecraftforge.server.ServerLifecycleHooks/CORE]: Generating PackInfo named mod:dungeons_arise for mod file /workspaces/cosecha/servidor_minecraft/mods/DungeonsArise-1.20.x-2.1.58-release.jar
[02Aug2025 00:49:37.352] [main/DEBUG] [net.minecraftforge.server.ServerLifecycleHooks/CORE]: Generating PackInfo named mod:hearths for mod file /workspaces/cosecha/servidor_minecraft/mods/Hearths v1.0.3 f12-71.jar
[02Aug2025 00:49:37.352] [main/DEBUG] [net.minecraftforge.server.ServerLifecycleHooks/CORE]: Generating PackInfo named mod:call_of_drowner for mod file /workspaces/cosecha/servidor_minecraft/mods/call_of_drowner-0.1.0-forge-1.20.1.jar
[02Aug2025 00:49:37.352] [main/DEBUG] [net.minecraftforge.server.ServerLifecycleHooks/CORE]: Generating PackInfo named mod:endergetic for mod file /workspaces/cosecha/servidor_minecraft/mods/endergetic-1.20.1-5.0.1.jar
[02Aug2025 00:49:37.352] [main/DEBUG] [net.minecraftforge.server.ServerLifecycleHooks/CORE]: Generating PackInfo named mod:echoes_of_the_end__structures_ for mod file /workspaces/cosecha/servidor_minecraft/mods/echoes_of_the_end__structures_-1.00.2-forge-1.20.1.jar
[02Aug2025 00:49:37.353] [main/DEBUG] [net.minecraftforge.server.ServerLifecycleHooks/CORE]: Generating PackInfo named mod:nordic_structures for mod file /workspaces/cosecha/servidor_minecraft/mods/nordic_structures-1.6.9-forge-1.20.1.jar
[02Aug2025 00:49:37.353] [main/DEBUG] [net.minecraftforge.server.ServerLifecycleHooks/CORE]: Generating PackInfo named mod:sons_of_sins for mod file /workspaces/cosecha/servidor_minecraft/mods/sons-of-sins-1.20.1-2.1.6.jar
[02Aug2025 00:49:37.353] [main/DEBUG] [net.minecraftforge.server.ServerLifecycleHooks/CORE]: Generating PackInfo named mod:netherdungeons for mod file /workspaces/cosecha/servidor_minecraft/mods/netherdungeons-1.1.0-snapshot4.jar
[02Aug2025 00:49:37.353] [main/DEBUG] [net.minecraftforge.server.ServerLifecycleHooks/CORE]: Generating PackInfo named mod:taxcp for mod file /workspaces/cosecha/servidor_minecraft/mods/TaxCastlePillager+M.1.20.1+ForM.1.0.1.jar
[02Aug2025 00:49:37.353] [main/DEBUG] [net.minecraftforge.server.ServerLifecycleHooks/CORE]: Generating PackInfo named mod:jade for mod file /workspaces/cosecha/servidor_minecraft/mods/Jade-1.20.1-forge-11.8.0.jar
[02Aug2025 00:49:37.353] [main/DEBUG] [net.minecraftforge.server.ServerLifecycleHooks/CORE]: Generating PackInfo named mod:endrem for mod file /workspaces/cosecha/servidor_minecraft/mods/endrem_forge-5.3.3-R-1.20.1.jar
[02Aug2025 00:49:37.354] [main/DEBUG] [net.minecraftforge.server.ServerLifecycleHooks/CORE]: Generating PackInfo named mod:mofus_better_end_ for mod file /workspaces/cosecha/servidor_minecraft/mods/mofus_broken_constellation-0.9.0-forge-1.20.1.jar
[02Aug2025 00:49:37.354] [main/DEBUG] [net.minecraftforge.server.ServerLifecycleHooks/CORE]: Generating PackInfo named mod:hoporp for mod file /workspaces/cosecha/servidor_minecraft/mods/HopoBetterRuinedPortals-[1.20-1.20.2]-1.3.7b.jar
[02Aug2025 00:49:37.354] [main/DEBUG] [net.minecraftforge.server.ServerLifecycleHooks/CORE]: Generating PackInfo named mod:dungeons_plus for mod file /workspaces/cosecha/servidor_minecraft/mods/dungeons_plus-1.3.0-forge-1.20.1.jar
[02Aug2025 00:49:37.354] [main/DEBUG] [net.minecraftforge.server.ServerLifecycleHooks/CORE]: Generating PackInfo named mod:bfendcities for mod file /workspaces/cosecha/servidor_minecraft/mods/bfendcities-1.0.jar
[02Aug2025 00:49:37.354] [main/DEBUG] [net.minecraftforge.server.ServerLifecycleHooks/CORE]: Generating PackInfo named mod:cleanswing for mod file /workspaces/cosecha/servidor_minecraft/mods/cleanswing-1.20-1.2.jar
[02Aug2025 00:49:37.354] [main/DEBUG] [net.minecraftforge.server.ServerLifecycleHooks/CORE]: Generating PackInfo named mod:lionfishapi for mod file /workspaces/cosecha/servidor_minecraft/mods/lionfishapi-1.9.jar
[02Aug2025 00:49:37.355] [main/DEBUG] [net.minecraftforge.server.ServerLifecycleHooks/CORE]: Generating PackInfo named mod:dungeons_enhanced for mod file /workspaces/cosecha/servidor_minecraft/mods/dungeons_enhanced-1.20.1-5.3.0.jar
[02Aug2025 00:49:37.355] [main/DEBUG] [net.minecraftforge.server.ServerLifecycleHooks/CORE]: Generating PackInfo named mod:cnb for mod file /workspaces/cosecha/servidor_minecraft/mods/CNB-1.20.1-1.5.8.jar
[02Aug2025 00:49:37.355] [main/DEBUG] [net.minecraftforge.server.ServerLifecycleHooks/CORE]: Generating PackInfo named mod:geckolib for mod file /workspaces/cosecha/servidor_minecraft/mods/geckolib-forge-1.20.1-4.7.1.2.jar
[02Aug2025 00:49:37.355] [main/DEBUG] [net.minecraftforge.server.ServerLifecycleHooks/CORE]: Generating PackInfo named mod:cataclysm for mod file /workspaces/cosecha/servidor_minecraft/mods/L_Enders_Cataclysm-2.16 - 1.20.1.jar
[02Aug2025 00:49:37.355] [main/DEBUG] [net.minecraftforge.server.ServerLifecycleHooks/CORE]: Generating PackInfo named mod:curios for mod file /workspaces/cosecha/servidor_minecraft/mods/curios-forge-5.10.0+1.20.1.jar
[02Aug2025 00:49:37.355] [main/DEBUG] [net.minecraftforge.server.ServerLifecycleHooks/CORE]: Generating PackInfo named mod:mes for mod file /workspaces/cosecha/servidor_minecraft/mods/mes-1.3.4-1.20-forge.jar
[02Aug2025 00:49:37.356] [main/DEBUG] [net.minecraftforge.server.ServerLifecycleHooks/CORE]: Generating PackInfo named mod:collective for mod file /workspaces/cosecha/servidor_minecraft/mods/collective-1.20.1-7.56.jar
[02Aug2025 00:49:37.356] [main/DEBUG] [net.minecraftforge.server.ServerLifecycleHooks/CORE]: Generating PackInfo named mod:tcrm for mod file /workspaces/cosecha/servidor_minecraft/mods/The Crop Reaping Mod-1.20.1-2.1.jar
[02Aug2025 00:49:37.356] [main/DEBUG] [net.minecraftforge.server.ServerLifecycleHooks/CORE]: Generating PackInfo named mod:cerbons_api for mod file /workspaces/cosecha/servidor_minecraft/mods/CerbonsApi-Forge-1.20.1-1.0.0.jar
[02Aug2025 00:49:37.356] [main/DEBUG] [net.minecraftforge.server.ServerLifecycleHooks/CORE]: Generating PackInfo named mod:legendary_monsters for mod file /workspaces/cosecha/servidor_minecraft/mods/legendarymonsters-1.4.6 MC 1.20.1.jar
[02Aug2025 00:49:37.356] [main/DEBUG] [net.minecraftforge.server.ServerLifecycleHooks/CORE]: Generating PackInfo named mod:mr_dungeons_andtaverns for mod file /workspaces/cosecha/servidor_minecraft/mods/dungeons-and-taverns-3.0.3.f[Forge].jar
[02Aug2025 00:49:37.356] [main/DEBUG] [net.minecraftforge.server.ServerLifecycleHooks/CORE]: Generating PackInfo named mod:inventoryhud for mod file /workspaces/cosecha/servidor_minecraft/mods/invhud.forge.1.20.1-3.4.18.jar
[02Aug2025 00:49:37.357] [main/DEBUG] [net.minecraftforge.server.ServerLifecycleHooks/CORE]: Generating PackInfo named mod:tombstone for mod file /workspaces/cosecha/servidor_minecraft/mods/tombstone-1.20.1-8.9.0.jar
[02Aug2025 00:49:37.360] [main/DEBUG] [net.minecraftforge.server.ServerLifecycleHooks/CORE]: Generating PackInfo named mod:mr_qraftys_endvillages for mod file /workspaces/cosecha/servidor_minecraft/mods/qraftys-end-villages-1.jar
[02Aug2025 00:49:37.360] [main/DEBUG] [net.minecraftforge.server.ServerLifecycleHooks/CORE]: Generating PackInfo named mod:tlc for mod file /workspaces/cosecha/servidor_minecraft/mods/tlc_forge-1.0.3-R-1.20.X.jar
[02Aug2025 00:49:37.361] [main/DEBUG] [net.minecraftforge.server.ServerLifecycleHooks/CORE]: Generating PackInfo named mod:mr_limesplatus_ending for mod file /workspaces/cosecha/servidor_minecraft/mods/tru.e-ending-v1.1.0c.jar
[02Aug2025 00:49:37.361] [main/DEBUG] [net.minecraftforge.server.ServerLifecycleHooks/CORE]: Generating PackInfo named mod:globalxp for mod file /workspaces/cosecha/servidor_minecraft/mods/globalxp-forge-1.20.1-1.11.jar
[02Aug2025 00:49:37.361] [main/DEBUG] [net.minecraftforge.server.ServerLifecycleHooks/CORE]: Generating PackInfo named mod:animatedmobsmod for mod file /workspaces/cosecha/servidor_minecraft/mods/AME's Mobs 1.4.1 - 1.20.1.jar
[02Aug2025 00:49:37.361] [main/DEBUG] [net.minecraftforge.server.ServerLifecycleHooks/CORE]: Generating PackInfo named mod:betterendisland for mod file /workspaces/cosecha/servidor_minecraft/mods/YungsBetterEndIsland-1.20-Forge-2.0.6.jar
[02Aug2025 00:49:37.361] [main/DEBUG] [net.minecraftforge.server.ServerLifecycleHooks/CORE]: Generating PackInfo named mod:justzoom for mod file /workspaces/cosecha/servidor_minecraft/mods/justzoom_forge_1.0.2_MC_1.20.1.jar
[02Aug2025 00:49:37.361] [main/DEBUG] [net.minecraftforge.server.ServerLifecycleHooks/CORE]: Generating PackInfo named mod:extra_dungeons for mod file /workspaces/cosecha/servidor_minecraft/mods/extra_dungeons-1.0.4-forge-1.20.1.jar
[02Aug2025 00:49:37.361] [main/DEBUG] [net.minecraftforge.server.ServerLifecycleHooks/CORE]: Generating PackInfo named mod:mns for mod file /workspaces/cosecha/servidor_minecraft/mods/mns-1.0.3-1.20-forge.jar
[02Aug2025 00:49:37.362] [main/DEBUG] [net.minecraftforge.server.ServerLifecycleHooks/CORE]: Generating PackInfo named mod:luminous_nether for mod file /workspaces/cosecha/servidor_minecraft/mods/Luminous Nether V1.2.6 - Forge 1.20.1.jar
[02Aug2025 00:49:37.362] [main/DEBUG] [net.minecraftforge.server.ServerLifecycleHooks/CORE]: Generating PackInfo named mod:scaffoldingdropsnearby for mod file /workspaces/cosecha/servidor_minecraft/mods/scaffoldingdropsnearby-1.20.1-3.1.jar
[02Aug2025 00:49:37.362] [main/DEBUG] [net.minecraftforge.server.ServerLifecycleHooks/CORE]: Generating PackInfo named mod:hs_bosses for mod file /workspaces/cosecha/servidor_minecraft/mods/hs_bosses-0.0.3.jar
[02Aug2025 00:49:37.376] [main/DEBUG] [mixin/]: Mixing resources.NamespaceResourceManagerAccessor from mes-common.mixins.json into net.minecraft.server.packs.resources.FallbackResourceManager
[02Aug2025 00:49:37.376] [main/DEBUG] [mixin/]: Mixing resources.NamespaceResourceManagerAccessor from mns-common.mixins.json into net.minecraft.server.packs.resources.FallbackResourceManager
[02Aug2025 00:49:37.401] [main/INFO] [com.teamabnormals.blueprint.core.Blueprint/]: Successfully loaded 0 data remolders!
[02Aug2025 00:49:38.496] [main/DEBUG] [mixin/]: Mixing PrimaryLevelDataMixin from betterendisland.mixins.json into net.minecraft.world.level.storage.PrimaryLevelData
[02Aug2025 00:49:38.500] [main/DEBUG] [mixin/]: Mixing PrimaryLevelDataMixin from collective_forge.mixins.json into net.minecraft.world.level.storage.PrimaryLevelData
[02Aug2025 00:49:38.500] [main/DEBUG] [mixin/]: Mixing PrimaryLevelDataMixin from obscure_api.mixins.json into net.minecraft.world.level.storage.PrimaryLevelData
[02Aug2025 00:49:38.513] [main/DEBUG] [mixin/]: Mixing EndDragonFightMixin from betterendisland.mixins.json into net.minecraft.world.level.dimension.end.EndDragonFight
[02Aug2025 00:49:38.514] [main/DEBUG] [mixin/]: Renaming synthetic method lambda$betterendisland$setDragonRespawnStage$6(Lnet/minecraft/util/RandomSource;FLnet/minecraft/core/BlockPos;)V to md530ed7$lambda$betterendisland$setDragonRespawnStage$6$0 in betterendisland.mixins.json:EndDragonFightMixin
[02Aug2025 00:49:38.514] [main/DEBUG] [mixin/]: Renaming synthetic method lambda$betterendisland$setDragonRespawnStage$5(FLjava/lang/Integer;)V to md530ed7$lambda$betterendisland$setDragonRespawnStage$5$1 in betterendisland.mixins.json:EndDragonFightMixin
[02Aug2025 00:49:38.514] [main/DEBUG] [mixin/]: Renaming synthetic method lambda$betterendisland$setDragonRespawnStage$4(Lnet/minecraft/util/RandomSource;FLnet/minecraft/core/BlockPos;)V to md530ed7$lambda$betterendisland$setDragonRespawnStage$4$2 in betterendisland.mixins.json:EndDragonFightMixin
[02Aug2025 00:49:38.514] [main/DEBUG] [mixin/]: Renaming synthetic method lambda$betterendisland$setDragonRespawnStage$3(Lnet/minecraft/server/level/ServerPlayer;)V to md530ed7$lambda$betterendisland$setDragonRespawnStage$3$3 in betterendisland.mixins.json:EndDragonFightMixin
[02Aug2025 00:49:38.514] [main/DEBUG] [mixin/]: Renaming synthetic method lambda$betterendisland_setDragonKilled$2(ILnet/minecraft/world/level/levelgen/feature/SpikeFeature$EndSpike;)V to md530ed7$lambda$betterendisland_setDragonKilled$2$4 in betterendisland.mixins.json:EndDragonFightMixin
[02Aug2025 00:49:38.514] [main/DEBUG] [mixin/]: Renaming synthetic method lambda$betterendisland$reset$1(Lnet/minecraft/core/BlockPos;)V to md530ed7$lambda$betterendisland$reset$1$5 in betterendisland.mixins.json:EndDragonFightMixin
[02Aug2025 00:49:38.514] [main/DEBUG] [mixin/]: Renaming synthetic method lambda$betterendisland$reset$0(Lnet/minecraft/world/level/levelgen/feature/SpikeFeature$EndSpike;)V to md530ed7$lambda$betterendisland$reset$0$6 in betterendisland.mixins.json:EndDragonFightMixin
[02Aug2025 00:49:38.594] [main/DEBUG] [mixin/]: Mixing DataCommandInvoker$Get from pehkui.mixins.json into net.minecraft.server.commands.data.DataCommands
[02Aug2025 00:49:38.595] [main/DEBUG] [mixin/]: Renaming @Invoker method callExecuteGet(Lnet/minecraft/commands/CommandSourceStack;Lnet/minecraft/server/commands/data/DataAccessor;)I to callExecuteGet_$md$530ed7$0 in pehkui.mixins.json:DataCommandInvoker$Get
[02Aug2025 00:49:38.595] [main/DEBUG] [mixin/]: Mixing DataCommandInvoker$Path from pehkui.mixins.json into net.minecraft.server.commands.data.DataCommands
[02Aug2025 00:49:38.595] [main/DEBUG] [mixin/]: Renaming @Invoker method callExecuteGet(Lnet/minecraft/commands/CommandSourceStack;Lnet/minecraft/server/commands/data/DataAccessor;Lnet/minecraft/commands/arguments/NbtPathArgument$NbtPath;)I to callExecuteGet_$md$530ed7$1 in pehkui.mixins.json:DataCommandInvoker$Path
[02Aug2025 00:49:38.595] [main/DEBUG] [mixin/]: Mixing DataCommandInvoker$Scaled from pehkui.mixins.json into net.minecraft.server.commands.data.DataCommands
[02Aug2025 00:49:38.595] [main/DEBUG] [mixin/]: Renaming @Invoker method callExecuteGet(Lnet/minecraft/commands/CommandSourceStack;Lnet/minecraft/server/commands/data/DataAccessor;Lnet/minecraft/commands/arguments/NbtPathArgument$NbtPath;D)I to callExecuteGet_$md$530ed7$2 in pehkui.mixins.json:DataCommandInvoker$Scaled
[02Aug2025 00:49:38.668] [main/DEBUG] [mixin/]: Mixing LocateSmallNetherDungeonCommandMixin from betterdungeons.mixins.json into net.minecraft.server.commands.LocateCommand
[02Aug2025 00:49:38.669] [main/DEBUG] [mixin/]: Mixing LocateVanillaFortressCommandMixin from betterfortresses.mixins.json into net.minecraft.server.commands.LocateCommand
[02Aug2025 00:49:38.669] [main/DEBUG] [mixin/]: Mixing structures.LocateCommandMixin from mes-common.mixins.json into net.minecraft.server.commands.LocateCommand
[02Aug2025 00:49:38.670] [main/DEBUG] [mixin/]: Renaming synthetic method lambda$mes_increaseLocateRadius$0(Lnet/minecraft/core/Holder;)Z to md530ed7$lambda$mes_increaseLocateRadius$0$0 in mes-common.mixins.json:structures.LocateCommandMixin
[02Aug2025 00:49:38.671] [main/DEBUG] [mixin/]: Mixing structures.LocateCommandMixin from mns-common.mixins.json into net.minecraft.server.commands.LocateCommand
[02Aug2025 00:49:38.671] [main/DEBUG] [mixin/]: Renaming synthetic method lambda$mns_increaseLocateRadius$0(Lnet/minecraft/core/Holder;)Z to md530ed7$lambda$mns_increaseLocateRadius$0$1 in mns-common.mixins.json:structures.LocateCommandMixin
[02Aug2025 00:49:38.694] [main/DEBUG] [mixin/]: Mixing TemplateMixins$PlaceCommandMixin from structure_gel.mixins.json into net.minecraft.server.commands.PlaceCommand
[02Aug2025 00:49:38.721] [main/DEBUG] [net.minecraftforge.coremod.transformer.CoreModBaseTransformer/COREMOD]: Transforming net/minecraft/server/commands/SummonCommand
[02Aug2025 00:49:38.818] [main/DEBUG] [mixin/]: Mixing ForgeEventFactoryMixin from blueprint.mixins.json into net.minecraftforge.event.ForgeEventFactory
[02Aug2025 00:49:38.909] [main/INFO] [com.github.alexthe666.alexsmobs.AlexsMobs/]: Adding datapack listener capsid_recipes
[02Aug2025 00:49:38.922] [main/DEBUG] [mixin/]: Mixing SimpleReloadInstanceMixin from blueprint.mixins.json into net.minecraft.server.packs.resources.SimpleReloadInstance
[02Aug2025 00:49:39.031] [Worker-Main-3/ERROR] [net.minecraft.tags.TagLoader/]: Couldn't load tag legendary_monsters:ancient_stronghold_biomes as it is missing following references: minecraft:spruce_forest (from legendarymonsters-1.4.6 MC 1.20.1.jar)
[02Aug2025 00:49:39.028] [Worker-Main-1/ERROR] [net.minecraft.tags.TagLoader/]: Couldn't load tag forge:vital_vein_tools as it is missing following references: #forge:vital_vein_hammer (from just_in_nether-1.1.7-forge-1.20.1.jar)
[02Aug2025 00:49:39.036] [Worker-Main-1/ERROR] [net.minecraft.tags.TagLoader/]: Couldn't load tag quark:vertical_slabs as it is missing following references: outer_end:azure_vertical_slab (from TheOuterEnd-1.0.10.jar), 
	outer_end:himmel_vertical_slab (from TheOuterEnd-1.0.10.jar), 
	outer_end:violite_vertical_slab (from TheOuterEnd-1.0.10.jar), 
	outer_end:violite_brick_vertical_slab (from TheOuterEnd-1.0.10.jar), 
	outer_end:mossy_violite_brick_vertical_slab (from TheOuterEnd-1.0.10.jar), 
	outer_end:violite_tile_vertical_slab (from TheOuterEnd-1.0.10.jar), 
	outer_end:mossy_violite_tile_vertical_slab (from TheOuterEnd-1.0.10.jar)
[02Aug2025 00:49:39.040] [Worker-Main-1/ERROR] [net.minecraft.tags.TagLoader/]: Couldn't load tag enlightened_end:cerulean_stalk_blocks as it is missing following references: enlightened_end:cerulean_stalk_block (from enlightend-5.0.14-1.20.1.jar), 
	enlightened_end:stripped_cerulean_stalk_block (from enlightend-5.0.14-1.20.1.jar)
[02Aug2025 00:49:39.043] [Worker-Main-2/ERROR] [net.minecraft.tags.TagLoader/]: Couldn't load tag minecraft:mushroom_grow_block as it is missing following references: netherdungeons:growth_mauve (from netherdungeons-1.1.0-snapshot4.jar)
[02Aug2025 00:49:39.044] [Worker-Main-2/ERROR] [net.minecraft.tags.TagLoader/]: Couldn't load tag fabric:mineable/needs_tool_level_3 as it is missing following references: enlightened_end:enduring_waste (from enlightend-5.0.14-1.20.1.jar), 
	enlightened_end:voidsteel_block (from enlightend-5.0.14-1.20.1.jar), 
	enlightened_end:adamantite_plate_block (from enlightend-5.0.14-1.20.1.jar), 
	enlightened_end:adamantite_glass (from enlightend-5.0.14-1.20.1.jar), 
	enlightened_end:adamantite_glass_pane (from enlightend-5.0.14-1.20.1.jar)
[02Aug2025 00:49:39.044] [Worker-Main-2/ERROR] [net.minecraft.tags.TagLoader/]: Couldn't load tag fabric:mineable/needs_tool_level_0 as it is missing following references: enlightened_end:chiseled_purpur (from enlightend-5.0.14-1.20.1.jar), 
	enlightened_end:purpur_lamp (from enlightend-5.0.14-1.20.1.jar), 
	enlightened_end:infested_end_stone (from enlightend-5.0.14-1.20.1.jar), 
	enlightened_end:congealed_eylium (from enlightend-5.0.14-1.20.1.jar), 
	enlightened_end:nullstone (from enlightend-5.0.14-1.20.1.jar), 
	enlightened_end:nullstone_slab (from enlightend-5.0.14-1.20.1.jar), 
	enlightened_end:nullstone_stairs (from enlightend-5.0.14-1.20.1.jar), 
	enlightened_end:nullstone_wall (from enlightend-5.0.14-1.20.1.jar), 
	enlightened_end:polished_nullstone (from enlightend-5.0.14-1.20.1.jar), 
	enlightened_end:polished_nullstone_slab (from enlightend-5.0.14-1.20.1.jar), 
	enlightened_end:polished_nullstone_stairs (from enlightend-5.0.14-1.20.1.jar), 
	enlightened_end:polished_nullstone_wall (from enlightend-5.0.14-1.20.1.jar), 
	enlightened_end:cracked_nullstone_bricks (from enlightend-5.0.14-1.20.1.jar), 
	enlightened_end:nullstone_bricks (from enlightend-5.0.14-1.20.1.jar), 
	enlightened_end:nullstone_brick_slab (from enlightend-5.0.14-1.20.1.jar), 
	enlightened_end:nullstone_brick_stairs (from enlightend-5.0.14-1.20.1.jar), 
	enlightened_end:nullstone_brick_wall (from enlightend-5.0.14-1.20.1.jar), 
	enlightened_end:nullstone_pillar (from enlightend-5.0.14-1.20.1.jar), 
	enlightened_end:chiseled_nullstone (from enlightend-5.0.14-1.20.1.jar), 
	enlightened_end:nullstone_lamp (from enlightend-5.0.14-1.20.1.jar), 
	enlightened_end:voikrust_lamp (from enlightend-5.0.14-1.20.1.jar)
[02Aug2025 00:49:39.046] [Worker-Main-2/ERROR] [net.minecraft.tags.TagLoader/]: Couldn't load tag fabric:mineable/needs_tool_level_2 as it is missing following references: enlightened_end:waxed_bismuth_stairs (from enlightend-5.0.14-1.20.1.jar), 
	enlightened_end:waxed_bismuth_slab (from enlightend-5.0.14-1.20.1.jar), 
	enlightened_end:infernal_bismuth_sheets (from enlightend-5.0.14-1.20.1.jar), 
	enlightened_end:infernal_bismuth_sheet_stairs (from enlightend-5.0.14-1.20.1.jar), 
	enlightened_end:infernal_bismuth_sheet_slab (from enlightend-5.0.14-1.20.1.jar), 
	enlightened_end:warm_bismuth_sheets (from enlightend-5.0.14-1.20.1.jar), 
	enlightened_end:warm_bismuth_stairs (from enlightend-5.0.14-1.20.1.jar), 
	enlightened_end:warm_bismuth_slab (from enlightend-5.0.14-1.20.1.jar), 
	enlightened_end:temperate_bismuth_sheets (from enlightend-5.0.14-1.20.1.jar), 
	enlightened_end:temperate_bismuth_stairs (from enlightend-5.0.14-1.20.1.jar), 
	enlightened_end:temperate_bismuth_slab (from enlightend-5.0.14-1.20.1.jar), 
	enlightened_end:frosty_bismuth_sheets (from enlightend-5.0.14-1.20.1.jar), 
	enlightened_end:frosty_bismuth_stairs (from enlightend-5.0.14-1.20.1.jar), 
	enlightened_end:frosty_bismuth_slab (from enlightend-5.0.14-1.20.1.jar), 
	enlightened_end:aquatic_bismuth_sheets (from enlightend-5.0.14-1.20.1.jar), 
	enlightened_end:aquatic_bismuth_stairs (from enlightend-5.0.14-1.20.1.jar), 
	enlightened_end:aquatic_bismuth_slab (from enlightend-5.0.14-1.20.1.jar), 
	enlightened_end:dark_bismuth_sheets (from enlightend-5.0.14-1.20.1.jar), 
	enlightened_end:dark_bismuth_sheet_stairs (from enlightend-5.0.14-1.20.1.jar), 
	enlightened_end:dark_bismuth_slab (from enlightend-5.0.14-1.20.1.jar), 
	enlightened_end:nebulous_bismuth_sheets (from enlightend-5.0.14-1.20.1.jar), 
	enlightened_end:nebulous_bismuth_stairs (from enlightend-5.0.14-1.20.1.jar), 
	enlightened_end:nebulous_bismuth_sheet_slab (from enlightend-5.0.14-1.20.1.jar), 
	enlightened_end:prismatic_bismuth_sheets (from enlightend-5.0.14-1.20.1.jar), 
	enlightened_end:prismatic_bismuth_stairs (from enlightend-5.0.14-1.20.1.jar), 
	enlightened_end:prismatic_bismuth_slab (from enlightend-5.0.14-1.20.1.jar), 
	enlightened_end:repulsium_block (from enlightend-5.0.14-1.20.1.jar), 
	enlightened_end:repulsium_cluster (from enlightend-5.0.14-1.20.1.jar), 
	enlightened_end:atractonite_block (from enlightend-5.0.14-1.20.1.jar), 
	enlightened_end:atractonite_cluster (from enlightend-5.0.14-1.20.1.jar)
[02Aug2025 00:49:39.048] [Worker-Main-2/ERROR] [net.minecraft.tags.TagLoader/]: Couldn't load tag fabric:mineable/needs_tool_level_1 as it is missing following references: enlightened_end:malachite_pillar (from enlightend-5.0.14-1.20.1.jar), 
	enlightened_end:smooth_malachite (from enlightend-5.0.14-1.20.1.jar), 
	enlightened_end:smooth_malachite_stairs (from enlightend-5.0.14-1.20.1.jar), 
	enlightened_end:smooth_malachite_slab (from enlightend-5.0.14-1.20.1.jar), 
	enlightened_end:smooth_malachite_wall (from enlightend-5.0.14-1.20.1.jar), 
	enlightened_end:voikrust (from enlightend-5.0.14-1.20.1.jar), 
	enlightened_end:voikrust_stairs (from enlightend-5.0.14-1.20.1.jar), 
	enlightened_end:voikrust_slab (from enlightend-5.0.14-1.20.1.jar), 
	enlightened_end:voikrust_pressure_plate (from enlightend-5.0.14-1.20.1.jar), 
	enlightened_end:voikrust_button (from enlightend-5.0.14-1.20.1.jar), 
	enlightened_end:voikrust_wall (from enlightend-5.0.14-1.20.1.jar), 
	enlightened_end:polished_voikrust (from enlightend-5.0.14-1.20.1.jar), 
	enlightened_end:polished_voikrust_stairs (from enlightend-5.0.14-1.20.1.jar), 
	enlightened_end:polished_voikrust_slab (from enlightend-5.0.14-1.20.1.jar), 
	enlightened_end:polished_voikrust_wall (from enlightend-5.0.14-1.20.1.jar), 
	enlightened_end:voikrust_bricks (from enlightend-5.0.14-1.20.1.jar), 
	enlightened_end:voikrust_brick_stairs (from enlightend-5.0.14-1.20.1.jar), 
	enlightened_end:voikrust_brick_slab (from enlightend-5.0.14-1.20.1.jar), 
	enlightened_end:voikrust_brick_wall (from enlightend-5.0.14-1.20.1.jar), 
	enlightened_end:chiseled_voikrust (from enlightend-5.0.14-1.20.1.jar), 
	enlightened_end:cracked_voikrust_bricks (from enlightend-5.0.14-1.20.1.jar), 
	enlightened_end:voikrust_pillar (from enlightend-5.0.14-1.20.1.jar), 
	enlightened_end:mossy_voikrust (from enlightend-5.0.14-1.20.1.jar), 
	enlightened_end:mossy_voikrust_stairs (from enlightend-5.0.14-1.20.1.jar), 
	enlightened_end:mossy_voikrust_slab (from enlightend-5.0.14-1.20.1.jar), 
	enlightened_end:mossy_voikrust_wall (from enlightend-5.0.14-1.20.1.jar), 
	enlightened_end:mossy_voikrust_bricks (from enlightend-5.0.14-1.20.1.jar), 
	enlightened_end:mossy_voikrust_brick_stairs (from enlightend-5.0.14-1.20.1.jar), 
	enlightened_end:mossy_voikrust_brick_slab (from enlightend-5.0.14-1.20.1.jar), 
	enlightened_end:mossy_voikrust_brick_wall (from enlightend-5.0.14-1.20.1.jar), 
	enlightened_end:end_biome_placer (from enlightend-5.0.14-1.20.1.jar), 
	enlightened_end:transitioning_end_portal (from enlightend-5.0.14-1.20.1.jar), 
	enlightened_end:biome_replace_block (from enlightend-5.0.14-1.20.1.jar), 
	enlightened_end:biome_replace_chance (from enlightend-5.0.14-1.20.1.jar), 
	enlightened_end:enderneath_tunnel (from enlightend-5.0.14-1.20.1.jar), 
	enlightened_end:ennegel_hang_generate (from enlightend-5.0.14-1.20.1.jar), 
	enlightened_end:enderneath_replace (from enlightend-5.0.14-1.20.1.jar), 
	enlightened_end:enderneath_replace_chance (from enlightend-5.0.14-1.20.1.jar)
[02Aug2025 00:49:39.052] [Worker-Main-2/ERROR] [net.minecraft.tags.TagLoader/]: Couldn't load tag quark:vertical_slabs as it is missing following references: outer_end:azure_vertical_slab (from TheOuterEnd-1.0.10.jar), 
	outer_end:himmel_vertical_slab (from TheOuterEnd-1.0.10.jar), 
	outer_end:violite_vertical_slab (from TheOuterEnd-1.0.10.jar), 
	outer_end:violite_brick_vertical_slab (from TheOuterEnd-1.0.10.jar), 
	outer_end:mossy_violite_brick_vertical_slab (from TheOuterEnd-1.0.10.jar), 
	outer_end:violite_tile_vertical_slab (from TheOuterEnd-1.0.10.jar), 
	outer_end:mossy_violite_tile_vertical_slab (from TheOuterEnd-1.0.10.jar)
[02Aug2025 00:49:39.054] [Worker-Main-2/ERROR] [net.minecraft.tags.TagLoader/]: Couldn't load tag fabric:needs_tool_level_1 as it is missing following references: nordic_structures:dwarfcavernspawner_1 (from nordic_structures-1.6.9-forge-1.20.1.jar), 
	nordic_structures:dwarfcavernspawner_2 (from nordic_structures-1.6.9-forge-1.20.1.jar), 
	nordic_structures:abandonednordicmine_1spawner (from nordic_structures-1.6.9-forge-1.20.1.jar), 
	nordic_structures:abandonednordicmine_2spawner (from nordic_structures-1.6.9-forge-1.20.1.jar), 
	nordic_structures:steelore (from nordic_structures-1.6.9-forge-1.20.1.jar)
[02Aug2025 00:49:39.101] [Worker-Main-3/DEBUG] [mixin/]: Mixing NbtPredicateMixin from pehkui.mixins.json into net.minecraft.advancements.critereon.NbtPredicate
[02Aug2025 00:49:39.102] [Worker-Main-3/DEBUG] [mixin/]: Mixing MixinNbtPredicate from curios.mixins.json into net.minecraft.advancements.critereon.NbtPredicate
[02Aug2025 00:49:39.112] [Worker-Main-3/DEBUG] [net.minecraftforge.coremod.transformer.CoreModBaseTransformer/COREMOD]: Transforming net/minecraft/world/entity/raid/Raid
[02Aug2025 00:49:39.442] [Worker-Main-3/DEBUG] [mixin/]: Mixing EntitySelectorMixin from pehkui.mixins.json into net.minecraft.commands.arguments.selector.EntitySelector
[02Aug2025 00:49:39.459] [Worker-Main-3/DEBUG] [mixin/]: Mixing ItemInputMixin from tombstone.mixins.json into net.minecraft.commands.arguments.item.ItemInput
[02Aug2025 00:49:39.698] [Worker-Main-2/ERROR] [net.minecraftforge.common.ForgeHooks/]: Couldn't parse element loot_tables:outer_end:blocks/azure_vertical_slab
java.lang.IllegalArgumentException: Can't find block outer_end:azure_vertical_slab
	at net.minecraft.world.level.storage.loot.predicates.LootItemBlockStatePropertyCondition$Serializer.m_81802_(LootItemBlockStatePropertyCondition.java:79) ~[server-1.20.1-20230612.114412-srg.jar%23271!/:?]
	at java.util.Optional.orElseThrow(Optional.java:403) ~[?:?]
	at net.minecraft.world.level.storage.loot.predicates.LootItemBlockStatePropertyCondition$Serializer.m_7561_(LootItemBlockStatePropertyCondition.java:79) ~[server-1.20.1-20230612.114412-srg.jar%23271!/:?]
	at net.minecraft.world.level.storage.loot.predicates.LootItemBlockStatePropertyCondition$Serializer.m_7561_(LootItemBlockStatePropertyCondition.java:68) ~[server-1.20.1-20230612.114412-srg.jar%23271!/:?]
	at net.minecraft.world.level.storage.loot.GsonAdapterFactory$JsonAdapter.deserialize(GsonAdapterFactory.java:102) ~[server-1.20.1-20230612.114412-srg.jar%23271!/:?]
	at com.google.gson.internal.bind.TreeTypeAdapter.read(TreeTypeAdapter.java:76) ~[gson-2.10.jar%2372!/:?]
	at com.google.gson.internal.bind.TypeAdapterRuntimeTypeWrapper.read(TypeAdapterRuntimeTypeWrapper.java:40) ~[gson-2.10.jar%2372!/:?]
	at com.google.gson.internal.bind.ArrayTypeAdapter.read(ArrayTypeAdapter.java:72) ~[gson-2.10.jar%2372!/:?]
	at com.google.gson.Gson.fromJson(Gson.java:1214) ~[gson-2.10.jar%2372!/:?]
	at com.google.gson.Gson.fromJson(Gson.java:1319) ~[gson-2.10.jar%2372!/:?]
	at com.google.gson.Gson.fromJson(Gson.java:1290) ~[gson-2.10.jar%2372!/:?]
	at com.google.gson.internal.bind.TreeTypeAdapter$GsonContextImpl.deserialize(TreeTypeAdapter.java:179) ~[gson-2.10.jar%2372!/:?]
	at net.minecraft.util.GsonHelper.m_13808_(GsonHelper.java:463) ~[server-1.20.1-20230612.114412-srg.jar%23271!/:?]
	at net.minecraft.util.GsonHelper.m_13845_(GsonHelper.java:481) ~[server-1.20.1-20230612.114412-srg.jar%23271!/:?]
	at net.minecraft.world.level.storage.loot.functions.LootItemConditionalFunction$Serializer.m_7561_(LootItemConditionalFunction.java:98) ~[server-1.20.1-20230612.114412-srg.jar%23271!/:?]
	at net.minecraft.world.level.storage.loot.functions.LootItemConditionalFunction$Serializer.m_7561_(LootItemConditionalFunction.java:88) ~[server-1.20.1-20230612.114412-srg.jar%23271!/:?]
	at net.minecraft.world.level.storage.loot.GsonAdapterFactory$JsonAdapter.deserialize(GsonAdapterFactory.java:102) ~[server-1.20.1-20230612.114412-srg.jar%23271!/:?]
	at com.google.gson.internal.bind.TreeTypeAdapter.read(TreeTypeAdapter.java:76) ~[gson-2.10.jar%2372!/:?]
	at com.google.gson.internal.bind.TypeAdapterRuntimeTypeWrapper.read(TypeAdapterRuntimeTypeWrapper.java:40) ~[gson-2.10.jar%2372!/:?]
	at com.google.gson.internal.bind.ArrayTypeAdapter.read(ArrayTypeAdapter.java:72) ~[gson-2.10.jar%2372!/:?]
	at com.google.gson.Gson.fromJson(Gson.java:1214) ~[gson-2.10.jar%2372!/:?]
	at com.google.gson.Gson.fromJson(Gson.java:1319) ~[gson-2.10.jar%2372!/:?]
	at com.google.gson.Gson.fromJson(Gson.java:1290) ~[gson-2.10.jar%2372!/:?]
	at com.google.gson.internal.bind.TreeTypeAdapter$GsonContextImpl.deserialize(TreeTypeAdapter.java:179) ~[gson-2.10.jar%2372!/:?]
	at net.minecraft.util.GsonHelper.m_13808_(GsonHelper.java:463) ~[server-1.20.1-20230612.114412-srg.jar%23271!/:?]
	at net.minecraft.util.GsonHelper.m_13845_(GsonHelper.java:481) ~[server-1.20.1-20230612.114412-srg.jar%23271!/:?]
	at net.minecraft.world.level.storage.loot.entries.LootPoolSingletonContainer$Serializer.m_5921_(LootPoolSingletonContainer.java:149) ~[server-1.20.1-20230612.114412-srg.jar%23271!/:?]
	at net.minecraft.world.level.storage.loot.entries.LootPoolSingletonContainer$Serializer.m_5921_(LootPoolSingletonContainer.java:129) ~[server-1.20.1-20230612.114412-srg.jar%23271!/:?]
	at net.minecraft.world.level.storage.loot.entries.LootPoolEntryContainer$Serializer.m_7561_(LootPoolEntryContainer.java:86) ~[server-1.20.1-20230612.114412-srg.jar%23271!/:?]
	at net.minecraft.world.level.storage.loot.entries.LootPoolEntryContainer$Serializer.m_7561_(LootPoolEntryContainer.java:74) ~[server-1.20.1-20230612.114412-srg.jar%23271!/:?]
	at net.minecraft.world.level.storage.loot.GsonAdapterFactory$JsonAdapter.deserialize(GsonAdapterFactory.java:102) ~[server-1.20.1-20230612.114412-srg.jar%23271!/:?]
	at com.google.gson.internal.bind.TreeTypeAdapter.read(TreeTypeAdapter.java:76) ~[gson-2.10.jar%2372!/:?]
	at com.google.gson.internal.bind.TypeAdapterRuntimeTypeWrapper.read(TypeAdapterRuntimeTypeWrapper.java:40) ~[gson-2.10.jar%2372!/:?]
	at com.google.gson.internal.bind.ArrayTypeAdapter.read(ArrayTypeAdapter.java:72) ~[gson-2.10.jar%2372!/:?]
	at com.google.gson.Gson.fromJson(Gson.java:1214) ~[gson-2.10.jar%2372!/:?]
	at com.google.gson.Gson.fromJson(Gson.java:1319) ~[gson-2.10.jar%2372!/:?]
	at com.google.gson.Gson.fromJson(Gson.java:1290) ~[gson-2.10.jar%2372!/:?]
	at com.google.gson.internal.bind.TreeTypeAdapter$GsonContextImpl.deserialize(TreeTypeAdapter.java:179) ~[gson-2.10.jar%2372!/:?]
	at net.minecraft.util.GsonHelper.m_13808_(GsonHelper.java:463) ~[server-1.20.1-20230612.114412-srg.jar%23271!/:?]
	at net.minecraft.util.GsonHelper.m_13836_(GsonHelper.java:471) ~[server-1.20.1-20230612.114412-srg.jar%23271!/:?]
	at net.minecraft.world.level.storage.loot.LootPool$Serializer.deserialize(LootPool.java:192) ~[server-1.20.1-20230612.114412-srg.jar%23271!/:?]
	at net.minecraft.world.level.storage.loot.LootPool$Serializer.deserialize(LootPool.java:189) ~[server-1.20.1-20230612.114412-srg.jar%23271!/:?]
	at com.google.gson.internal.bind.TreeTypeAdapter.read(TreeTypeAdapter.java:76) ~[gson-2.10.jar%2372!/:?]
	at com.google.gson.internal.bind.TypeAdapterRuntimeTypeWrapper.read(TypeAdapterRuntimeTypeWrapper.java:40) ~[gson-2.10.jar%2372!/:?]
	at com.google.gson.internal.bind.ArrayTypeAdapter.read(ArrayTypeAdapter.java:72) ~[gson-2.10.jar%2372!/:?]
	at com.google.gson.Gson.fromJson(Gson.java:1214) ~[gson-2.10.jar%2372!/:?]
	at com.google.gson.Gson.fromJson(Gson.java:1319) ~[gson-2.10.jar%2372!/:?]
	at com.google.gson.Gson.fromJson(Gson.java:1290) ~[gson-2.10.jar%2372!/:?]
	at com.google.gson.internal.bind.TreeTypeAdapter$GsonContextImpl.deserialize(TreeTypeAdapter.java:179) ~[gson-2.10.jar%2372!/:?]
	at net.minecraft.util.GsonHelper.m_13808_(GsonHelper.java:463) ~[server-1.20.1-20230612.114412-srg.jar%23271!/:?]
	at net.minecraft.util.GsonHelper.m_13845_(GsonHelper.java:481) ~[server-1.20.1-20230612.114412-srg.jar%23271!/:?]
	at net.minecraft.world.level.storage.loot.LootTable$Serializer.deserialize(LootTable.java:294) ~[server-1.20.1-20230612.114412-srg.jar%23271!/:?]
	at net.minecraft.world.level.storage.loot.LootTable$Serializer.deserialize(LootTable.java:291) ~[server-1.20.1-20230612.114412-srg.jar%23271!/:?]
	at com.google.gson.internal.bind.TreeTypeAdapter.read(TreeTypeAdapter.java:76) ~[gson-2.10.jar%2372!/:?]
	at com.google.gson.Gson.fromJson(Gson.java:1214) ~[gson-2.10.jar%2372!/:?]
	at com.google.gson.Gson.fromJson(Gson.java:1319) ~[gson-2.10.jar%2372!/:?]
	at com.google.gson.Gson.fromJson(Gson.java:1261) ~[gson-2.10.jar%2372!/:?]
	at net.minecraftforge.common.ForgeHooks.loadLootTable(ForgeHooks.java:871) ~[forge-1.20.1-47.3.7-universal.jar%23276!/:?]
	at net.minecraftforge.common.ForgeHooks.lambda$getLootTableDeserializer$3(ForgeHooks.java:848) ~[forge-1.20.1-47.3.7-universal.jar%23276!/:?]
	at net.minecraft.world.level.storage.loot.LootDataType.deserialize(LootDataType.java:45) ~[server-1.20.1-20230612.114412-srg.jar%23271!/:?]
	at net.minecraft.world.level.storage.loot.LootDataManager.lambda$scheduleElementParse$4(LootDataManager.java:56) ~[server-1.20.1-20230612.114412-srg.jar%23271!/:?]
	at java.util.HashMap.forEach(HashMap.java:1421) ~[?:?]
	at net.minecraft.world.level.storage.loot.LootDataManager.m_278660_(LootDataManager.java:55) ~[server-1.20.1-20230612.114412-srg.jar%23271!/:?]
	at java.util.concurrent.CompletableFuture$AsyncRun.run(CompletableFuture.java:1804) ~[?:?]
	at java.util.concurrent.CompletableFuture$AsyncRun.exec(CompletableFuture.java:1796) ~[?:?]
	at java.util.concurrent.ForkJoinTask.doExec(ForkJoinTask.java:373) ~[?:?]
	at java.util.concurrent.ForkJoinPool$WorkQueue.topLevelExec(ForkJoinPool.java:1182) ~[?:?]
	at java.util.concurrent.ForkJoinPool.scan(ForkJoinPool.java:1655) ~[?:?]
	at java.util.concurrent.ForkJoinPool.runWorker(ForkJoinPool.java:1622) ~[?:?]
	at java.util.concurrent.ForkJoinWorkerThread.run(ForkJoinWorkerThread.java:165) ~[?:?]
[02Aug2025 00:49:39.738] [Worker-Main-2/ERROR] [net.minecraftforge.common.ForgeHooks/]: Couldn't parse element loot_tables:outer_end:blocks/azure_ladder
com.google.gson.JsonSyntaxException: Expected name to be an item, was unknown string 'outer_end:azure_ladder'
	at net.minecraft.util.GsonHelper.m_13866_(GsonHelper.java:145) ~[server-1.20.1-20230612.114412-srg.jar%23271!/:?]
	at java.util.Optional.orElseThrow(Optional.java:403) ~[?:?]
	at net.minecraft.util.GsonHelper.m_13874_(GsonHelper.java:145) ~[server-1.20.1-20230612.114412-srg.jar%23271!/:?]
	at net.minecraft.util.GsonHelper.m_13909_(GsonHelper.java:153) ~[server-1.20.1-20230612.114412-srg.jar%23271!/:?]
	at net.minecraft.world.level.storage.loot.entries.LootItem$Serializer.m_7267_(LootItem.java:55) ~[server-1.20.1-20230612.114412-srg.jar%23271!/:?]
	at net.minecraft.world.level.storage.loot.entries.LootItem$Serializer.m_7267_(LootItem.java:40) ~[server-1.20.1-20230612.114412-srg.jar%23271!/:?]
	at net.minecraft.world.level.storage.loot.entries.LootPoolSingletonContainer$Serializer.m_5921_(LootPoolSingletonContainer.java:151) ~[server-1.20.1-20230612.114412-srg.jar%23271!/:?]
	at net.minecraft.world.level.storage.loot.entries.LootPoolSingletonContainer$Serializer.m_5921_(LootPoolSingletonContainer.java:129) ~[server-1.20.1-20230612.114412-srg.jar%23271!/:?]
	at net.minecraft.world.level.storage.loot.entries.LootPoolEntryContainer$Serializer.m_7561_(LootPoolEntryContainer.java:86) ~[server-1.20.1-20230612.114412-srg.jar%23271!/:?]
	at net.minecraft.world.level.storage.loot.entries.LootPoolEntryContainer$Serializer.m_7561_(LootPoolEntryContainer.java:74) ~[server-1.20.1-20230612.114412-srg.jar%23271!/:?]
	at net.minecraft.world.level.storage.loot.GsonAdapterFactory$JsonAdapter.deserialize(GsonAdapterFactory.java:102) ~[server-1.20.1-20230612.114412-srg.jar%23271!/:?]
	at com.google.gson.internal.bind.TreeTypeAdapter.read(TreeTypeAdapter.java:76) ~[gson-2.10.jar%2372!/:?]
	at com.google.gson.internal.bind.TypeAdapterRuntimeTypeWrapper.read(TypeAdapterRuntimeTypeWrapper.java:40) ~[gson-2.10.jar%2372!/:?]
	at com.google.gson.internal.bind.ArrayTypeAdapter.read(ArrayTypeAdapter.java:72) ~[gson-2.10.jar%2372!/:?]
	at com.google.gson.Gson.fromJson(Gson.java:1214) ~[gson-2.10.jar%2372!/:?]
	at com.google.gson.Gson.fromJson(Gson.java:1319) ~[gson-2.10.jar%2372!/:?]
	at com.google.gson.Gson.fromJson(Gson.java:1290) ~[gson-2.10.jar%2372!/:?]
	at com.google.gson.internal.bind.TreeTypeAdapter$GsonContextImpl.deserialize(TreeTypeAdapter.java:179) ~[gson-2.10.jar%2372!/:?]
	at net.minecraft.util.GsonHelper.m_13808_(GsonHelper.java:463) ~[server-1.20.1-20230612.114412-srg.jar%23271!/:?]
	at net.minecraft.util.GsonHelper.m_13836_(GsonHelper.java:471) ~[server-1.20.1-20230612.114412-srg.jar%23271!/:?]
	at net.minecraft.world.level.storage.loot.LootPool$Serializer.deserialize(LootPool.java:192) ~[server-1.20.1-20230612.114412-srg.jar%23271!/:?]
	at net.minecraft.world.level.storage.loot.LootPool$Serializer.deserialize(LootPool.java:189) ~[server-1.20.1-20230612.114412-srg.jar%23271!/:?]
	at com.google.gson.internal.bind.TreeTypeAdapter.read(TreeTypeAdapter.java:76) ~[gson-2.10.jar%2372!/:?]
	at com.google.gson.internal.bind.TypeAdapterRuntimeTypeWrapper.read(TypeAdapterRuntimeTypeWrapper.java:40) ~[gson-2.10.jar%2372!/:?]
	at com.google.gson.internal.bind.ArrayTypeAdapter.read(ArrayTypeAdapter.java:72) ~[gson-2.10.jar%2372!/:?]
	at com.google.gson.Gson.fromJson(Gson.java:1214) ~[gson-2.10.jar%2372!/:?]
	at com.google.gson.Gson.fromJson(Gson.java:1319) ~[gson-2.10.jar%2372!/:?]
	at com.google.gson.Gson.fromJson(Gson.java:1290) ~[gson-2.10.jar%2372!/:?]
	at com.google.gson.internal.bind.TreeTypeAdapter$GsonContextImpl.deserialize(TreeTypeAdapter.java:179) ~[gson-2.10.jar%2372!/:?]
	at net.minecraft.util.GsonHelper.m_13808_(GsonHelper.java:463) ~[server-1.20.1-20230612.114412-srg.jar%23271!/:?]
	at net.minecraft.util.GsonHelper.m_13845_(GsonHelper.java:481) ~[server-1.20.1-20230612.114412-srg.jar%23271!/:?]
	at net.minecraft.world.level.storage.loot.LootTable$Serializer.deserialize(LootTable.java:294) ~[server-1.20.1-20230612.114412-srg.jar%23271!/:?]
	at net.minecraft.world.level.storage.loot.LootTable$Serializer.deserialize(LootTable.java:291) ~[server-1.20.1-20230612.114412-srg.jar%23271!/:?]
	at com.google.gson.internal.bind.TreeTypeAdapter.read(TreeTypeAdapter.java:76) ~[gson-2.10.jar%2372!/:?]
	at com.google.gson.Gson.fromJson(Gson.java:1214) ~[gson-2.10.jar%2372!/:?]
	at com.google.gson.Gson.fromJson(Gson.java:1319) ~[gson-2.10.jar%2372!/:?]
	at com.google.gson.Gson.fromJson(Gson.java:1261) ~[gson-2.10.jar%2372!/:?]
	at net.minecraftforge.common.ForgeHooks.loadLootTable(ForgeHooks.java:871) ~[forge-1.20.1-47.3.7-universal.jar%23276!/:?]
	at net.minecraftforge.common.ForgeHooks.lambda$getLootTableDeserializer$3(ForgeHooks.java:848) ~[forge-1.20.1-47.3.7-universal.jar%23276!/:?]
	at net.minecraft.world.level.storage.loot.LootDataType.deserialize(LootDataType.java:45) ~[server-1.20.1-20230612.114412-srg.jar%23271!/:?]
	at net.minecraft.world.level.storage.loot.LootDataManager.lambda$scheduleElementParse$4(LootDataManager.java:56) ~[server-1.20.1-20230612.114412-srg.jar%23271!/:?]
	at java.util.HashMap.forEach(HashMap.java:1421) ~[?:?]
	at net.minecraft.world.level.storage.loot.LootDataManager.m_278660_(LootDataManager.java:55) ~[server-1.20.1-20230612.114412-srg.jar%23271!/:?]
	at java.util.concurrent.CompletableFuture$AsyncRun.run(CompletableFuture.java:1804) ~[?:?]
	at java.util.concurrent.CompletableFuture$AsyncRun.exec(CompletableFuture.java:1796) ~[?:?]
	at java.util.concurrent.ForkJoinTask.doExec(ForkJoinTask.java:373) ~[?:?]
	at java.util.concurrent.ForkJoinPool$WorkQueue.topLevelExec(ForkJoinPool.java:1182) ~[?:?]
	at java.util.concurrent.ForkJoinPool.scan(ForkJoinPool.java:1655) ~[?:?]
	at java.util.concurrent.ForkJoinPool.runWorker(ForkJoinPool.java:1622) ~[?:?]
	at java.util.concurrent.ForkJoinWorkerThread.run(ForkJoinWorkerThread.java:165) ~[?:?]
[02Aug2025 00:49:39.910] [Worker-Main-2/ERROR] [net.minecraftforge.common.ForgeHooks/]: Couldn't parse element loot_tables:outer_end:blocks/azure_vertical_planks
com.google.gson.JsonSyntaxException: Expected name to be an item, was unknown string 'outer_end:azure_vertical_planks'
	at net.minecraft.util.GsonHelper.m_13866_(GsonHelper.java:145) ~[server-1.20.1-20230612.114412-srg.jar%23271!/:?]
	at java.util.Optional.orElseThrow(Optional.java:403) ~[?:?]
	at net.minecraft.util.GsonHelper.m_13874_(GsonHelper.java:145) ~[server-1.20.1-20230612.114412-srg.jar%23271!/:?]
	at net.minecraft.util.GsonHelper.m_13909_(GsonHelper.java:153) ~[server-1.20.1-20230612.114412-srg.jar%23271!/:?]
	at net.minecraft.world.level.storage.loot.entries.LootItem$Serializer.m_7267_(LootItem.java:55) ~[server-1.20.1-20230612.114412-srg.jar%23271!/:?]
	at net.minecraft.world.level.storage.loot.entries.LootItem$Serializer.m_7267_(LootItem.java:40) ~[server-1.20.1-20230612.114412-srg.jar%23271!/:?]
	at net.minecraft.world.level.storage.loot.entries.LootPoolSingletonContainer$Serializer.m_5921_(LootPoolSingletonContainer.java:151) ~[server-1.20.1-20230612.114412-srg.jar%23271!/:?]
	at net.minecraft.world.level.storage.loot.entries.LootPoolSingletonContainer$Serializer.m_5921_(LootPoolSingletonContainer.java:129) ~[server-1.20.1-20230612.114412-srg.jar%23271!/:?]
	at net.minecraft.world.level.storage.loot.entries.LootPoolEntryContainer$Serializer.m_7561_(LootPoolEntryContainer.java:86) ~[server-1.20.1-20230612.114412-srg.jar%23271!/:?]
	at net.minecraft.world.level.storage.loot.entries.LootPoolEntryContainer$Serializer.m_7561_(LootPoolEntryContainer.java:74) ~[server-1.20.1-20230612.114412-srg.jar%23271!/:?]
	at net.minecraft.world.level.storage.loot.GsonAdapterFactory$JsonAdapter.deserialize(GsonAdapterFactory.java:102) ~[server-1.20.1-20230612.114412-srg.jar%23271!/:?]
	at com.google.gson.internal.bind.TreeTypeAdapter.read(TreeTypeAdapter.java:76) ~[gson-2.10.jar%2372!/:?]
	at com.google.gson.internal.bind.TypeAdapterRuntimeTypeWrapper.read(TypeAdapterRuntimeTypeWrapper.java:40) ~[gson-2.10.jar%2372!/:?]
	at com.google.gson.internal.bind.ArrayTypeAdapter.read(ArrayTypeAdapter.java:72) ~[gson-2.10.jar%2372!/:?]
	at com.google.gson.Gson.fromJson(Gson.java:1214) ~[gson-2.10.jar%2372!/:?]
	at com.google.gson.Gson.fromJson(Gson.java:1319) ~[gson-2.10.jar%2372!/:?]
	at com.google.gson.Gson.fromJson(Gson.java:1290) ~[gson-2.10.jar%2372!/:?]
	at com.google.gson.internal.bind.TreeTypeAdapter$GsonContextImpl.deserialize(TreeTypeAdapter.java:179) ~[gson-2.10.jar%2372!/:?]
	at net.minecraft.util.GsonHelper.m_13808_(GsonHelper.java:463) ~[server-1.20.1-20230612.114412-srg.jar%23271!/:?]
	at net.minecraft.util.GsonHelper.m_13836_(GsonHelper.java:471) ~[server-1.20.1-20230612.114412-srg.jar%23271!/:?]
	at net.minecraft.world.level.storage.loot.LootPool$Serializer.deserialize(LootPool.java:192) ~[server-1.20.1-20230612.114412-srg.jar%23271!/:?]
	at net.minecraft.world.level.storage.loot.LootPool$Serializer.deserialize(LootPool.java:189) ~[server-1.20.1-20230612.114412-srg.jar%23271!/:?]
	at com.google.gson.internal.bind.TreeTypeAdapter.read(TreeTypeAdapter.java:76) ~[gson-2.10.jar%2372!/:?]
	at com.google.gson.internal.bind.TypeAdapterRuntimeTypeWrapper.read(TypeAdapterRuntimeTypeWrapper.java:40) ~[gson-2.10.jar%2372!/:?]
	at com.google.gson.internal.bind.ArrayTypeAdapter.read(ArrayTypeAdapter.java:72) ~[gson-2.10.jar%2372!/:?]
	at com.google.gson.Gson.fromJson(Gson.java:1214) ~[gson-2.10.jar%2372!/:?]
	at com.google.gson.Gson.fromJson(Gson.java:1319) ~[gson-2.10.jar%2372!/:?]
	at com.google.gson.Gson.fromJson(Gson.java:1290) ~[gson-2.10.jar%2372!/:?]
	at com.google.gson.internal.bind.TreeTypeAdapter$GsonContextImpl.deserialize(TreeTypeAdapter.java:179) ~[gson-2.10.jar%2372!/:?]
	at net.minecraft.util.GsonHelper.m_13808_(GsonHelper.java:463) ~[server-1.20.1-20230612.114412-srg.jar%23271!/:?]
	at net.minecraft.util.GsonHelper.m_13845_(GsonHelper.java:481) ~[server-1.20.1-20230612.114412-srg.jar%23271!/:?]
	at net.minecraft.world.level.storage.loot.LootTable$Serializer.deserialize(LootTable.java:294) ~[server-1.20.1-20230612.114412-srg.jar%23271!/:?]
	at net.minecraft.world.level.storage.loot.LootTable$Serializer.deserialize(LootTable.java:291) ~[server-1.20.1-20230612.114412-srg.jar%23271!/:?]
	at com.google.gson.internal.bind.TreeTypeAdapter.read(TreeTypeAdapter.java:76) ~[gson-2.10.jar%2372!/:?]
	at com.google.gson.Gson.fromJson(Gson.java:1214) ~[gson-2.10.jar%2372!/:?]
	at com.google.gson.Gson.fromJson(Gson.java:1319) ~[gson-2.10.jar%2372!/:?]
	at com.google.gson.Gson.fromJson(Gson.java:1261) ~[gson-2.10.jar%2372!/:?]
	at net.minecraftforge.common.ForgeHooks.loadLootTable(ForgeHooks.java:871) ~[forge-1.20.1-47.3.7-universal.jar%23276!/:?]
	at net.minecraftforge.common.ForgeHooks.lambda$getLootTableDeserializer$3(ForgeHooks.java:848) ~[forge-1.20.1-47.3.7-universal.jar%23276!/:?]
	at net.minecraft.world.level.storage.loot.LootDataType.deserialize(LootDataType.java:45) ~[server-1.20.1-20230612.114412-srg.jar%23271!/:?]
	at net.minecraft.world.level.storage.loot.LootDataManager.lambda$scheduleElementParse$4(LootDataManager.java:56) ~[server-1.20.1-20230612.114412-srg.jar%23271!/:?]
	at java.util.HashMap.forEach(HashMap.java:1421) ~[?:?]
	at net.minecraft.world.level.storage.loot.LootDataManager.m_278660_(LootDataManager.java:55) ~[server-1.20.1-20230612.114412-srg.jar%23271!/:?]
	at java.util.concurrent.CompletableFuture$AsyncRun.run(CompletableFuture.java:1804) ~[?:?]
	at java.util.concurrent.CompletableFuture$AsyncRun.exec(CompletableFuture.java:1796) ~[?:?]
	at java.util.concurrent.ForkJoinTask.doExec(ForkJoinTask.java:373) ~[?:?]
	at java.util.concurrent.ForkJoinPool$WorkQueue.topLevelExec(ForkJoinPool.java:1182) ~[?:?]
	at java.util.concurrent.ForkJoinPool.scan(ForkJoinPool.java:1655) ~[?:?]
	at java.util.concurrent.ForkJoinPool.runWorker(ForkJoinPool.java:1622) ~[?:?]
	at java.util.concurrent.ForkJoinWorkerThread.run(ForkJoinWorkerThread.java:165) ~[?:?]
[02Aug2025 00:49:39.915] [Worker-Main-2/ERROR] [net.minecraftforge.common.ForgeHooks/]: Couldn't parse element loot_tables:outer_end:blocks/azure_post
com.google.gson.JsonSyntaxException: Expected name to be an item, was unknown string 'outer_end:azure_post'
	at net.minecraft.util.GsonHelper.m_13866_(GsonHelper.java:145) ~[server-1.20.1-20230612.114412-srg.jar%23271!/:?]
	at java.util.Optional.orElseThrow(Optional.java:403) ~[?:?]
	at net.minecraft.util.GsonHelper.m_13874_(GsonHelper.java:145) ~[server-1.20.1-20230612.114412-srg.jar%23271!/:?]
	at net.minecraft.util.GsonHelper.m_13909_(GsonHelper.java:153) ~[server-1.20.1-20230612.114412-srg.jar%23271!/:?]
	at net.minecraft.world.level.storage.loot.entries.LootItem$Serializer.m_7267_(LootItem.java:55) ~[server-1.20.1-20230612.114412-srg.jar%23271!/:?]
	at net.minecraft.world.level.storage.loot.entries.LootItem$Serializer.m_7267_(LootItem.java:40) ~[server-1.20.1-20230612.114412-srg.jar%23271!/:?]
	at net.minecraft.world.level.storage.loot.entries.LootPoolSingletonContainer$Serializer.m_5921_(LootPoolSingletonContainer.java:151) ~[server-1.20.1-20230612.114412-srg.jar%23271!/:?]
	at net.minecraft.world.level.storage.loot.entries.LootPoolSingletonContainer$Serializer.m_5921_(LootPoolSingletonContainer.java:129) ~[server-1.20.1-20230612.114412-srg.jar%23271!/:?]
	at net.minecraft.world.level.storage.loot.entries.LootPoolEntryContainer$Serializer.m_7561_(LootPoolEntryContainer.java:86) ~[server-1.20.1-20230612.114412-srg.jar%23271!/:?]
	at net.minecraft.world.level.storage.loot.entries.LootPoolEntryContainer$Serializer.m_7561_(LootPoolEntryContainer.java:74) ~[server-1.20.1-20230612.114412-srg.jar%23271!/:?]
	at net.minecraft.world.level.storage.loot.GsonAdapterFactory$JsonAdapter.deserialize(GsonAdapterFactory.java:102) ~[server-1.20.1-20230612.114412-srg.jar%23271!/:?]
	at com.google.gson.internal.bind.TreeTypeAdapter.read(TreeTypeAdapter.java:76) ~[gson-2.10.jar%2372!/:?]
	at com.google.gson.internal.bind.TypeAdapterRuntimeTypeWrapper.read(TypeAdapterRuntimeTypeWrapper.java:40) ~[gson-2.10.jar%2372!/:?]
	at com.google.gson.internal.bind.ArrayTypeAdapter.read(ArrayTypeAdapter.java:72) ~[gson-2.10.jar%2372!/:?]
	at com.google.gson.Gson.fromJson(Gson.java:1214) ~[gson-2.10.jar%2372!/:?]
	at com.google.gson.Gson.fromJson(Gson.java:1319) ~[gson-2.10.jar%2372!/:?]
	at com.google.gson.Gson.fromJson(Gson.java:1290) ~[gson-2.10.jar%2372!/:?]
	at com.google.gson.internal.bind.TreeTypeAdapter$GsonContextImpl.deserialize(TreeTypeAdapter.java:179) ~[gson-2.10.jar%2372!/:?]
	at net.minecraft.util.GsonHelper.m_13808_(GsonHelper.java:463) ~[server-1.20.1-20230612.114412-srg.jar%23271!/:?]
	at net.minecraft.util.GsonHelper.m_13836_(GsonHelper.java:471) ~[server-1.20.1-20230612.114412-srg.jar%23271!/:?]
	at net.minecraft.world.level.storage.loot.LootPool$Serializer.deserialize(LootPool.java:192) ~[server-1.20.1-20230612.114412-srg.jar%23271!/:?]
	at net.minecraft.world.level.storage.loot.LootPool$Serializer.deserialize(LootPool.java:189) ~[server-1.20.1-20230612.114412-srg.jar%23271!/:?]
	at com.google.gson.internal.bind.TreeTypeAdapter.read(TreeTypeAdapter.java:76) ~[gson-2.10.jar%2372!/:?]
	at com.google.gson.internal.bind.TypeAdapterRuntimeTypeWrapper.read(TypeAdapterRuntimeTypeWrapper.java:40) ~[gson-2.10.jar%2372!/:?]
	at com.google.gson.internal.bind.ArrayTypeAdapter.read(ArrayTypeAdapter.java:72) ~[gson-2.10.jar%2372!/:?]
	at com.google.gson.Gson.fromJson(Gson.java:1214) ~[gson-2.10.jar%2372!/:?]
	at com.google.gson.Gson.fromJson(Gson.java:1319) ~[gson-2.10.jar%2372!/:?]
	at com.google.gson.Gson.fromJson(Gson.java:1290) ~[gson-2.10.jar%2372!/:?]
	at com.google.gson.internal.bind.TreeTypeAdapter$GsonContextImpl.deserialize(TreeTypeAdapter.java:179) ~[gson-2.10.jar%2372!/:?]
	at net.minecraft.util.GsonHelper.m_13808_(GsonHelper.java:463) ~[server-1.20.1-20230612.114412-srg.jar%23271!/:?]
	at net.minecraft.util.GsonHelper.m_13845_(GsonHelper.java:481) ~[server-1.20.1-20230612.114412-srg.jar%23271!/:?]
	at net.minecraft.world.level.storage.loot.LootTable$Serializer.deserialize(LootTable.java:294) ~[server-1.20.1-20230612.114412-srg.jar%23271!/:?]
	at net.minecraft.world.level.storage.loot.LootTable$Serializer.deserialize(LootTable.java:291) ~[server-1.20.1-20230612.114412-srg.jar%23271!/:?]
	at com.google.gson.internal.bind.TreeTypeAdapter.read(TreeTypeAdapter.java:76) ~[gson-2.10.jar%2372!/:?]
	at com.google.gson.Gson.fromJson(Gson.java:1214) ~[gson-2.10.jar%2372!/:?]
	at com.google.gson.Gson.fromJson(Gson.java:1319) ~[gson-2.10.jar%2372!/:?]
	at com.google.gson.Gson.fromJson(Gson.java:1261) ~[gson-2.10.jar%2372!/:?]
	at net.minecraftforge.common.ForgeHooks.loadLootTable(ForgeHooks.java:871) ~[forge-1.20.1-47.3.7-universal.jar%23276!/:?]
	at net.minecraftforge.common.ForgeHooks.lambda$getLootTableDeserializer$3(ForgeHooks.java:848) ~[forge-1.20.1-47.3.7-universal.jar%23276!/:?]
	at net.minecraft.world.level.storage.loot.LootDataType.deserialize(LootDataType.java:45) ~[server-1.20.1-20230612.114412-srg.jar%23271!/:?]
	at net.minecraft.world.level.storage.loot.LootDataManager.lambda$scheduleElementParse$4(LootDataManager.java:56) ~[server-1.20.1-20230612.114412-srg.jar%23271!/:?]
	at java.util.HashMap.forEach(HashMap.java:1421) ~[?:?]
	at net.minecraft.world.level.storage.loot.LootDataManager.m_278660_(LootDataManager.java:55) ~[server-1.20.1-20230612.114412-srg.jar%23271!/:?]
	at java.util.concurrent.CompletableFuture$AsyncRun.run(CompletableFuture.java:1804) ~[?:?]
	at java.util.concurrent.CompletableFuture$AsyncRun.exec(CompletableFuture.java:1796) ~[?:?]
	at java.util.concurrent.ForkJoinTask.doExec(ForkJoinTask.java:373) ~[?:?]
	at java.util.concurrent.ForkJoinPool$WorkQueue.topLevelExec(ForkJoinPool.java:1182) ~[?:?]
	at java.util.concurrent.ForkJoinPool.scan(ForkJoinPool.java:1655) ~[?:?]
	at java.util.concurrent.ForkJoinPool.runWorker(ForkJoinPool.java:1622) ~[?:?]
	at java.util.concurrent.ForkJoinWorkerThread.run(ForkJoinWorkerThread.java:165) ~[?:?]
[02Aug2025 00:49:39.955] [Worker-Main-2/ERROR] [net.minecraftforge.common.ForgeHooks/]: Couldn't parse element loot_tables:outer_end:blocks/himmel_vertical_slab
java.lang.IllegalArgumentException: Can't find block outer_end:himmel_vertical_slab
	at net.minecraft.world.level.storage.loot.predicates.LootItemBlockStatePropertyCondition$Serializer.m_81802_(LootItemBlockStatePropertyCondition.java:79) ~[server-1.20.1-20230612.114412-srg.jar%23271!/:?]
	at java.util.Optional.orElseThrow(Optional.java:403) ~[?:?]
	at net.minecraft.world.level.storage.loot.predicates.LootItemBlockStatePropertyCondition$Serializer.m_7561_(LootItemBlockStatePropertyCondition.java:79) ~[server-1.20.1-20230612.114412-srg.jar%23271!/:?]
	at net.minecraft.world.level.storage.loot.predicates.LootItemBlockStatePropertyCondition$Serializer.m_7561_(LootItemBlockStatePropertyCondition.java:68) ~[server-1.20.1-20230612.114412-srg.jar%23271!/:?]
	at net.minecraft.world.level.storage.loot.GsonAdapterFactory$JsonAdapter.deserialize(GsonAdapterFactory.java:102) ~[server-1.20.1-20230612.114412-srg.jar%23271!/:?]
	at com.google.gson.internal.bind.TreeTypeAdapter.read(TreeTypeAdapter.java:76) ~[gson-2.10.jar%2372!/:?]
	at com.google.gson.internal.bind.TypeAdapterRuntimeTypeWrapper.read(TypeAdapterRuntimeTypeWrapper.java:40) ~[gson-2.10.jar%2372!/:?]
	at com.google.gson.internal.bind.ArrayTypeAdapter.read(ArrayTypeAdapter.java:72) ~[gson-2.10.jar%2372!/:?]
	at com.google.gson.Gson.fromJson(Gson.java:1214) ~[gson-2.10.jar%2372!/:?]
	at com.google.gson.Gson.fromJson(Gson.java:1319) ~[gson-2.10.jar%2372!/:?]
	at com.google.gson.Gson.fromJson(Gson.java:1290) ~[gson-2.10.jar%2372!/:?]
	at com.google.gson.internal.bind.TreeTypeAdapter$GsonContextImpl.deserialize(TreeTypeAdapter.java:179) ~[gson-2.10.jar%2372!/:?]
	at net.minecraft.util.GsonHelper.m_13808_(GsonHelper.java:463) ~[server-1.20.1-20230612.114412-srg.jar%23271!/:?]
	at net.minecraft.util.GsonHelper.m_13845_(GsonHelper.java:481) ~[server-1.20.1-20230612.114412-srg.jar%23271!/:?]
	at net.minecraft.world.level.storage.loot.functions.LootItemConditionalFunction$Serializer.m_7561_(LootItemConditionalFunction.java:98) ~[server-1.20.1-20230612.114412-srg.jar%23271!/:?]
	at net.minecraft.world.level.storage.loot.functions.LootItemConditionalFunction$Serializer.m_7561_(LootItemConditionalFunction.java:88) ~[server-1.20.1-20230612.114412-srg.jar%23271!/:?]
	at net.minecraft.world.level.storage.loot.GsonAdapterFactory$JsonAdapter.deserialize(GsonAdapterFactory.java:102) ~[server-1.20.1-20230612.114412-srg.jar%23271!/:?]
	at com.google.gson.internal.bind.TreeTypeAdapter.read(TreeTypeAdapter.java:76) ~[gson-2.10.jar%2372!/:?]
	at com.google.gson.internal.bind.TypeAdapterRuntimeTypeWrapper.read(TypeAdapterRuntimeTypeWrapper.java:40) ~[gson-2.10.jar%2372!/:?]
	at com.google.gson.internal.bind.ArrayTypeAdapter.read(ArrayTypeAdapter.java:72) ~[gson-2.10.jar%2372!/:?]
	at com.google.gson.Gson.fromJson(Gson.java:1214) ~[gson-2.10.jar%2372!/:?]
	at com.google.gson.Gson.fromJson(Gson.java:1319) ~[gson-2.10.jar%2372!/:?]
	at com.google.gson.Gson.fromJson(Gson.java:1290) ~[gson-2.10.jar%2372!/:?]
	at com.google.gson.internal.bind.TreeTypeAdapter$GsonContextImpl.deserialize(TreeTypeAdapter.java:179) ~[gson-2.10.jar%2372!/:?]
	at net.minecraft.util.GsonHelper.m_13808_(GsonHelper.java:463) ~[server-1.20.1-20230612.114412-srg.jar%23271!/:?]
	at net.minecraft.util.GsonHelper.m_13845_(GsonHelper.java:481) ~[server-1.20.1-20230612.114412-srg.jar%23271!/:?]
	at net.minecraft.world.level.storage.loot.entries.LootPoolSingletonContainer$Serializer.m_5921_(LootPoolSingletonContainer.java:149) ~[server-1.20.1-20230612.114412-srg.jar%23271!/:?]
	at net.minecraft.world.level.storage.loot.entries.LootPoolSingletonContainer$Serializer.m_5921_(LootPoolSingletonContainer.java:129) ~[server-1.20.1-20230612.114412-srg.jar%23271!/:?]
	at net.minecraft.world.level.storage.loot.entries.LootPoolEntryContainer$Serializer.m_7561_(LootPoolEntryContainer.java:86) ~[server-1.20.1-20230612.114412-srg.jar%23271!/:?]
	at net.minecraft.world.level.storage.loot.entries.LootPoolEntryContainer$Serializer.m_7561_(LootPoolEntryContainer.java:74) ~[server-1.20.1-20230612.114412-srg.jar%23271!/:?]
	at net.minecraft.world.level.storage.loot.GsonAdapterFactory$JsonAdapter.deserialize(GsonAdapterFactory.java:102) ~[server-1.20.1-20230612.114412-srg.jar%23271!/:?]
	at com.google.gson.internal.bind.TreeTypeAdapter.read(TreeTypeAdapter.java:76) ~[gson-2.10.jar%2372!/:?]
	at com.google.gson.internal.bind.TypeAdapterRuntimeTypeWrapper.read(TypeAdapterRuntimeTypeWrapper.java:40) ~[gson-2.10.jar%2372!/:?]
	at com.google.gson.internal.bind.ArrayTypeAdapter.read(ArrayTypeAdapter.java:72) ~[gson-2.10.jar%2372!/:?]
	at com.google.gson.Gson.fromJson(Gson.java:1214) ~[gson-2.10.jar%2372!/:?]
	at com.google.gson.Gson.fromJson(Gson.java:1319) ~[gson-2.10.jar%2372!/:?]
	at com.google.gson.Gson.fromJson(Gson.java:1290) ~[gson-2.10.jar%2372!/:?]
	at com.google.gson.internal.bind.TreeTypeAdapter$GsonContextImpl.deserialize(TreeTypeAdapter.java:179) ~[gson-2.10.jar%2372!/:?]
	at net.minecraft.util.GsonHelper.m_13808_(GsonHelper.java:463) ~[server-1.20.1-20230612.114412-srg.jar%23271!/:?]
	at net.minecraft.util.GsonHelper.m_13836_(GsonHelper.java:471) ~[server-1.20.1-20230612.114412-srg.jar%23271!/:?]
	at net.minecraft.world.level.storage.loot.LootPool$Serializer.deserialize(LootPool.java:192) ~[server-1.20.1-20230612.114412-srg.jar%23271!/:?]
	at net.minecraft.world.level.storage.loot.LootPool$Serializer.deserialize(LootPool.java:189) ~[server-1.20.1-20230612.114412-srg.jar%23271!/:?]
	at com.google.gson.internal.bind.TreeTypeAdapter.read(TreeTypeAdapter.java:76) ~[gson-2.10.jar%2372!/:?]
	at com.google.gson.internal.bind.TypeAdapterRuntimeTypeWrapper.read(TypeAdapterRuntimeTypeWrapper.java:40) ~[gson-2.10.jar%2372!/:?]
	at com.google.gson.internal.bind.ArrayTypeAdapter.read(ArrayTypeAdapter.java:72) ~[gson-2.10.jar%2372!/:?]
	at com.google.gson.Gson.fromJson(Gson.java:1214) ~[gson-2.10.jar%2372!/:?]
	at com.google.gson.Gson.fromJson(Gson.java:1319) ~[gson-2.10.jar%2372!/:?]
	at com.google.gson.Gson.fromJson(Gson.java:1290) ~[gson-2.10.jar%2372!/:?]
	at com.google.gson.internal.bind.TreeTypeAdapter$GsonContextImpl.deserialize(TreeTypeAdapter.java:179) ~[gson-2.10.jar%2372!/:?]
	at net.minecraft.util.GsonHelper.m_13808_(GsonHelper.java:463) ~[server-1.20.1-20230612.114412-srg.jar%23271!/:?]
	at net.minecraft.util.GsonHelper.m_13845_(GsonHelper.java:481) ~[server-1.20.1-20230612.114412-srg.jar%23271!/:?]
	at net.minecraft.world.level.storage.loot.LootTable$Serializer.deserialize(LootTable.java:294) ~[server-1.20.1-20230612.114412-srg.jar%23271!/:?]
	at net.minecraft.world.level.storage.loot.LootTable$Serializer.deserialize(LootTable.java:291) ~[server-1.20.1-20230612.114412-srg.jar%23271!/:?]
	at com.google.gson.internal.bind.TreeTypeAdapter.read(TreeTypeAdapter.java:76) ~[gson-2.10.jar%2372!/:?]
	at com.google.gson.Gson.fromJson(Gson.java:1214) ~[gson-2.10.jar%2372!/:?]
	at com.google.gson.Gson.fromJson(Gson.java:1319) ~[gson-2.10.jar%2372!/:?]
	at com.google.gson.Gson.fromJson(Gson.java:1261) ~[gson-2.10.jar%2372!/:?]
	at net.minecraftforge.common.ForgeHooks.loadLootTable(ForgeHooks.java:871) ~[forge-1.20.1-47.3.7-universal.jar%23276!/:?]
	at net.minecraftforge.common.ForgeHooks.lambda$getLootTableDeserializer$3(ForgeHooks.java:848) ~[forge-1.20.1-47.3.7-universal.jar%23276!/:?]
	at net.minecraft.world.level.storage.loot.LootDataType.deserialize(LootDataType.java:45) ~[server-1.20.1-20230612.114412-srg.jar%23271!/:?]
	at net.minecraft.world.level.storage.loot.LootDataManager.lambda$scheduleElementParse$4(LootDataManager.java:56) ~[server-1.20.1-20230612.114412-srg.jar%23271!/:?]
	at java.util.HashMap.forEach(HashMap.java:1421) ~[?:?]
	at net.minecraft.world.level.storage.loot.LootDataManager.m_278660_(LootDataManager.java:55) ~[server-1.20.1-20230612.114412-srg.jar%23271!/:?]
	at java.util.concurrent.CompletableFuture$AsyncRun.run(CompletableFuture.java:1804) ~[?:?]
	at java.util.concurrent.CompletableFuture$AsyncRun.exec(CompletableFuture.java:1796) ~[?:?]
	at java.util.concurrent.ForkJoinTask.doExec(ForkJoinTask.java:373) ~[?:?]
	at java.util.concurrent.ForkJoinPool$WorkQueue.topLevelExec(ForkJoinPool.java:1182) ~[?:?]
	at java.util.concurrent.ForkJoinPool.scan(ForkJoinPool.java:1655) ~[?:?]
	at java.util.concurrent.ForkJoinPool.runWorker(ForkJoinPool.java:1622) ~[?:?]
	at java.util.concurrent.ForkJoinWorkerThread.run(ForkJoinWorkerThread.java:165) ~[?:?]
[02Aug2025 00:49:40.153] [Worker-Main-2/ERROR] [net.minecraftforge.common.ForgeHooks/]: Couldn't parse element loot_tables:enlightened_end:entities/sacrifice_statue_gift
com.google.gson.JsonSyntaxException: Unknown enchantment 'enlightened_end:frost_aspect'
	at net.minecraft.world.level.storage.loot.functions.EnchantRandomlyFunction$Serializer.m_80465_(EnchantRandomlyFunction.java:137) ~[server-1.20.1-20230612.114412-srg.jar%23271!/:?]
	at java.util.Optional.orElseThrow(Optional.java:403) ~[?:?]
	at net.minecraft.world.level.storage.loot.functions.EnchantRandomlyFunction$Serializer.m_6821_(EnchantRandomlyFunction.java:137) ~[server-1.20.1-20230612.114412-srg.jar%23271!/:?]
	at net.minecraft.world.level.storage.loot.functions.EnchantRandomlyFunction$Serializer.m_6821_(EnchantRandomlyFunction.java:111) ~[server-1.20.1-20230612.114412-srg.jar%23271!/:?]
	at net.minecraft.world.level.storage.loot.functions.LootItemConditionalFunction$Serializer.m_7561_(LootItemConditionalFunction.java:99) ~[server-1.20.1-20230612.114412-srg.jar%23271!/:?]
	at net.minecraft.world.level.storage.loot.functions.LootItemConditionalFunction$Serializer.m_7561_(LootItemConditionalFunction.java:88) ~[server-1.20.1-20230612.114412-srg.jar%23271!/:?]
	at net.minecraft.world.level.storage.loot.GsonAdapterFactory$JsonAdapter.deserialize(GsonAdapterFactory.java:102) ~[server-1.20.1-20230612.114412-srg.jar%23271!/:?]
	at com.google.gson.internal.bind.TreeTypeAdapter.read(TreeTypeAdapter.java:76) ~[gson-2.10.jar%2372!/:?]
	at com.google.gson.internal.bind.TypeAdapterRuntimeTypeWrapper.read(TypeAdapterRuntimeTypeWrapper.java:40) ~[gson-2.10.jar%2372!/:?]
	at com.google.gson.internal.bind.ArrayTypeAdapter.read(ArrayTypeAdapter.java:72) ~[gson-2.10.jar%2372!/:?]
	at com.google.gson.Gson.fromJson(Gson.java:1214) ~[gson-2.10.jar%2372!/:?]
	at com.google.gson.Gson.fromJson(Gson.java:1319) ~[gson-2.10.jar%2372!/:?]
	at com.google.gson.Gson.fromJson(Gson.java:1290) ~[gson-2.10.jar%2372!/:?]
	at com.google.gson.internal.bind.TreeTypeAdapter$GsonContextImpl.deserialize(TreeTypeAdapter.java:179) ~[gson-2.10.jar%2372!/:?]
	at net.minecraft.util.GsonHelper.m_13808_(GsonHelper.java:463) ~[server-1.20.1-20230612.114412-srg.jar%23271!/:?]
	at net.minecraft.util.GsonHelper.m_13845_(GsonHelper.java:481) ~[server-1.20.1-20230612.114412-srg.jar%23271!/:?]
	at net.minecraft.world.level.storage.loot.entries.LootPoolSingletonContainer$Serializer.m_5921_(LootPoolSingletonContainer.java:149) ~[server-1.20.1-20230612.114412-srg.jar%23271!/:?]
	at net.minecraft.world.level.storage.loot.entries.LootPoolSingletonContainer$Serializer.m_5921_(LootPoolSingletonContainer.java:129) ~[server-1.20.1-20230612.114412-srg.jar%23271!/:?]
	at net.minecraft.world.level.storage.loot.entries.LootPoolEntryContainer$Serializer.m_7561_(LootPoolEntryContainer.java:86) ~[server-1.20.1-20230612.114412-srg.jar%23271!/:?]
	at net.minecraft.world.level.storage.loot.entries.LootPoolEntryContainer$Serializer.m_7561_(LootPoolEntryContainer.java:74) ~[server-1.20.1-20230612.114412-srg.jar%23271!/:?]
	at net.minecraft.world.level.storage.loot.GsonAdapterFactory$JsonAdapter.deserialize(GsonAdapterFactory.java:102) ~[server-1.20.1-20230612.114412-srg.jar%23271!/:?]
	at com.google.gson.internal.bind.TreeTypeAdapter.read(TreeTypeAdapter.java:76) ~[gson-2.10.jar%2372!/:?]
	at com.google.gson.internal.bind.TypeAdapterRuntimeTypeWrapper.read(TypeAdapterRuntimeTypeWrapper.java:40) ~[gson-2.10.jar%2372!/:?]
	at com.google.gson.internal.bind.ArrayTypeAdapter.read(ArrayTypeAdapter.java:72) ~[gson-2.10.jar%2372!/:?]
	at com.google.gson.Gson.fromJson(Gson.java:1214) ~[gson-2.10.jar%2372!/:?]
	at com.google.gson.Gson.fromJson(Gson.java:1319) ~[gson-2.10.jar%2372!/:?]
	at com.google.gson.Gson.fromJson(Gson.java:1290) ~[gson-2.10.jar%2372!/:?]
	at com.google.gson.internal.bind.TreeTypeAdapter$GsonContextImpl.deserialize(TreeTypeAdapter.java:179) ~[gson-2.10.jar%2372!/:?]
	at net.minecraft.util.GsonHelper.m_13808_(GsonHelper.java:463) ~[server-1.20.1-20230612.114412-srg.jar%23271!/:?]
	at net.minecraft.util.GsonHelper.m_13836_(GsonHelper.java:471) ~[server-1.20.1-20230612.114412-srg.jar%23271!/:?]
	at net.minecraft.world.level.storage.loot.LootPool$Serializer.deserialize(LootPool.java:192) ~[server-1.20.1-20230612.114412-srg.jar%23271!/:?]
	at net.minecraft.world.level.storage.loot.LootPool$Serializer.deserialize(LootPool.java:189) ~[server-1.20.1-20230612.114412-srg.jar%23271!/:?]
	at com.google.gson.internal.bind.TreeTypeAdapter.read(TreeTypeAdapter.java:76) ~[gson-2.10.jar%2372!/:?]
	at com.google.gson.internal.bind.TypeAdapterRuntimeTypeWrapper.read(TypeAdapterRuntimeTypeWrapper.java:40) ~[gson-2.10.jar%2372!/:?]
	at com.google.gson.internal.bind.ArrayTypeAdapter.read(ArrayTypeAdapter.java:72) ~[gson-2.10.jar%2372!/:?]
	at com.google.gson.Gson.fromJson(Gson.java:1214) ~[gson-2.10.jar%2372!/:?]
	at com.google.gson.Gson.fromJson(Gson.java:1319) ~[gson-2.10.jar%2372!/:?]
	at com.google.gson.Gson.fromJson(Gson.java:1290) ~[gson-2.10.jar%2372!/:?]
	at com.google.gson.internal.bind.TreeTypeAdapter$GsonContextImpl.deserialize(TreeTypeAdapter.java:179) ~[gson-2.10.jar%2372!/:?]
	at net.minecraft.util.GsonHelper.m_13808_(GsonHelper.java:463) ~[server-1.20.1-20230612.114412-srg.jar%23271!/:?]
	at net.minecraft.util.GsonHelper.m_13845_(GsonHelper.java:481) ~[server-1.20.1-20230612.114412-srg.jar%23271!/:?]
	at net.minecraft.world.level.storage.loot.LootTable$Serializer.deserialize(LootTable.java:294) ~[server-1.20.1-20230612.114412-srg.jar%23271!/:?]
	at net.minecraft.world.level.storage.loot.LootTable$Serializer.deserialize(LootTable.java:291) ~[server-1.20.1-20230612.114412-srg.jar%23271!/:?]
	at com.google.gson.internal.bind.TreeTypeAdapter.read(TreeTypeAdapter.java:76) ~[gson-2.10.jar%2372!/:?]
	at com.google.gson.Gson.fromJson(Gson.java:1214) ~[gson-2.10.jar%2372!/:?]
	at com.google.gson.Gson.fromJson(Gson.java:1319) ~[gson-2.10.jar%2372!/:?]
	at com.google.gson.Gson.fromJson(Gson.java:1261) ~[gson-2.10.jar%2372!/:?]
	at net.minecraftforge.common.ForgeHooks.loadLootTable(ForgeHooks.java:871) ~[forge-1.20.1-47.3.7-universal.jar%23276!/:?]
	at net.minecraftforge.common.ForgeHooks.lambda$getLootTableDeserializer$3(ForgeHooks.java:848) ~[forge-1.20.1-47.3.7-universal.jar%23276!/:?]
	at net.minecraft.world.level.storage.loot.LootDataType.deserialize(LootDataType.java:45) ~[server-1.20.1-20230612.114412-srg.jar%23271!/:?]
	at net.minecraft.world.level.storage.loot.LootDataManager.lambda$scheduleElementParse$4(LootDataManager.java:56) ~[server-1.20.1-20230612.114412-srg.jar%23271!/:?]
	at java.util.HashMap.forEach(HashMap.java:1421) ~[?:?]
	at net.minecraft.world.level.storage.loot.LootDataManager.m_278660_(LootDataManager.java:55) ~[server-1.20.1-20230612.114412-srg.jar%23271!/:?]
	at java.util.concurrent.CompletableFuture$AsyncRun.run(CompletableFuture.java:1804) ~[?:?]
	at java.util.concurrent.CompletableFuture$AsyncRun.exec(CompletableFuture.java:1796) ~[?:?]
	at java.util.concurrent.ForkJoinTask.doExec(ForkJoinTask.java:373) ~[?:?]
	at java.util.concurrent.ForkJoinPool$WorkQueue.topLevelExec(ForkJoinPool.java:1182) ~[?:?]
	at java.util.concurrent.ForkJoinPool.scan(ForkJoinPool.java:1655) ~[?:?]
	at java.util.concurrent.ForkJoinPool.runWorker(ForkJoinPool.java:1622) ~[?:?]
	at java.util.concurrent.ForkJoinWorkerThread.run(ForkJoinWorkerThread.java:165) ~[?:?]
[02Aug2025 00:49:40.185] [Worker-Main-2/ERROR] [net.minecraftforge.common.ForgeHooks/]: Couldn't parse element loot_tables:outer_end:blocks/stripped_azure_post
com.google.gson.JsonSyntaxException: Expected name to be an item, was unknown string 'outer_end:stripped_azure_post'
	at net.minecraft.util.GsonHelper.m_13866_(GsonHelper.java:145) ~[server-1.20.1-20230612.114412-srg.jar%23271!/:?]
	at java.util.Optional.orElseThrow(Optional.java:403) ~[?:?]
	at net.minecraft.util.GsonHelper.m_13874_(GsonHelper.java:145) ~[server-1.20.1-20230612.114412-srg.jar%23271!/:?]
	at net.minecraft.util.GsonHelper.m_13909_(GsonHelper.java:153) ~[server-1.20.1-20230612.114412-srg.jar%23271!/:?]
	at net.minecraft.world.level.storage.loot.entries.LootItem$Serializer.m_7267_(LootItem.java:55) ~[server-1.20.1-20230612.114412-srg.jar%23271!/:?]
	at net.minecraft.world.level.storage.loot.entries.LootItem$Serializer.m_7267_(LootItem.java:40) ~[server-1.20.1-20230612.114412-srg.jar%23271!/:?]
	at net.minecraft.world.level.storage.loot.entries.LootPoolSingletonContainer$Serializer.m_5921_(LootPoolSingletonContainer.java:151) ~[server-1.20.1-20230612.114412-srg.jar%23271!/:?]
	at net.minecraft.world.level.storage.loot.entries.LootPoolSingletonContainer$Serializer.m_5921_(LootPoolSingletonContainer.java:129) ~[server-1.20.1-20230612.114412-srg.jar%23271!/:?]
	at net.minecraft.world.level.storage.loot.entries.LootPoolEntryContainer$Serializer.m_7561_(LootPoolEntryContainer.java:86) ~[server-1.20.1-20230612.114412-srg.jar%23271!/:?]
	at net.minecraft.world.level.storage.loot.entries.LootPoolEntryContainer$Serializer.m_7561_(LootPoolEntryContainer.java:74) ~[server-1.20.1-20230612.114412-srg.jar%23271!/:?]
	at net.minecraft.world.level.storage.loot.GsonAdapterFactory$JsonAdapter.deserialize(GsonAdapterFactory.java:102) ~[server-1.20.1-20230612.114412-srg.jar%23271!/:?]
	at com.google.gson.internal.bind.TreeTypeAdapter.read(TreeTypeAdapter.java:76) ~[gson-2.10.jar%2372!/:?]
	at com.google.gson.internal.bind.TypeAdapterRuntimeTypeWrapper.read(TypeAdapterRuntimeTypeWrapper.java:40) ~[gson-2.10.jar%2372!/:?]
	at com.google.gson.internal.bind.ArrayTypeAdapter.read(ArrayTypeAdapter.java:72) ~[gson-2.10.jar%2372!/:?]
	at com.google.gson.Gson.fromJson(Gson.java:1214) ~[gson-2.10.jar%2372!/:?]
	at com.google.gson.Gson.fromJson(Gson.java:1319) ~[gson-2.10.jar%2372!/:?]
	at com.google.gson.Gson.fromJson(Gson.java:1290) ~[gson-2.10.jar%2372!/:?]
	at com.google.gson.internal.bind.TreeTypeAdapter$GsonContextImpl.deserialize(TreeTypeAdapter.java:179) ~[gson-2.10.jar%2372!/:?]
	at net.minecraft.util.GsonHelper.m_13808_(GsonHelper.java:463) ~[server-1.20.1-20230612.114412-srg.jar%23271!/:?]
	at net.minecraft.util.GsonHelper.m_13836_(GsonHelper.java:471) ~[server-1.20.1-20230612.114412-srg.jar%23271!/:?]
	at net.minecraft.world.level.storage.loot.LootPool$Serializer.deserialize(LootPool.java:192) ~[server-1.20.1-20230612.114412-srg.jar%23271!/:?]
	at net.minecraft.world.level.storage.loot.LootPool$Serializer.deserialize(LootPool.java:189) ~[server-1.20.1-20230612.114412-srg.jar%23271!/:?]
	at com.google.gson.internal.bind.TreeTypeAdapter.read(TreeTypeAdapter.java:76) ~[gson-2.10.jar%2372!/:?]
	at com.google.gson.internal.bind.TypeAdapterRuntimeTypeWrapper.read(TypeAdapterRuntimeTypeWrapper.java:40) ~[gson-2.10.jar%2372!/:?]
	at com.google.gson.internal.bind.ArrayTypeAdapter.read(ArrayTypeAdapter.java:72) ~[gson-2.10.jar%2372!/:?]
	at com.google.gson.Gson.fromJson(Gson.java:1214) ~[gson-2.10.jar%2372!/:?]
	at com.google.gson.Gson.fromJson(Gson.java:1319) ~[gson-2.10.jar%2372!/:?]
	at com.google.gson.Gson.fromJson(Gson.java:1290) ~[gson-2.10.jar%2372!/:?]
	at com.google.gson.internal.bind.TreeTypeAdapter$GsonContextImpl.deserialize(TreeTypeAdapter.java:179) ~[gson-2.10.jar%2372!/:?]
	at net.minecraft.util.GsonHelper.m_13808_(GsonHelper.java:463) ~[server-1.20.1-20230612.114412-srg.jar%23271!/:?]
	at net.minecraft.util.GsonHelper.m_13845_(GsonHelper.java:481) ~[server-1.20.1-20230612.114412-srg.jar%23271!/:?]
	at net.minecraft.world.level.storage.loot.LootTable$Serializer.deserialize(LootTable.java:294) ~[server-1.20.1-20230612.114412-srg.jar%23271!/:?]
	at net.minecraft.world.level.storage.loot.LootTable$Serializer.deserialize(LootTable.java:291) ~[server-1.20.1-20230612.114412-srg.jar%23271!/:?]
	at com.google.gson.internal.bind.TreeTypeAdapter.read(TreeTypeAdapter.java:76) ~[gson-2.10.jar%2372!/:?]
	at com.google.gson.Gson.fromJson(Gson.java:1214) ~[gson-2.10.jar%2372!/:?]
	at com.google.gson.Gson.fromJson(Gson.java:1319) ~[gson-2.10.jar%2372!/:?]
	at com.google.gson.Gson.fromJson(Gson.java:1261) ~[gson-2.10.jar%2372!/:?]
	at net.minecraftforge.common.ForgeHooks.loadLootTable(ForgeHooks.java:871) ~[forge-1.20.1-47.3.7-universal.jar%23276!/:?]
	at net.minecraftforge.common.ForgeHooks.lambda$getLootTableDeserializer$3(ForgeHooks.java:848) ~[forge-1.20.1-47.3.7-universal.jar%23276!/:?]
	at net.minecraft.world.level.storage.loot.LootDataType.deserialize(LootDataType.java:45) ~[server-1.20.1-20230612.114412-srg.jar%23271!/:?]
	at net.minecraft.world.level.storage.loot.LootDataManager.lambda$scheduleElementParse$4(LootDataManager.java:56) ~[server-1.20.1-20230612.114412-srg.jar%23271!/:?]
	at java.util.HashMap.forEach(HashMap.java:1421) ~[?:?]
	at net.minecraft.world.level.storage.loot.LootDataManager.m_278660_(LootDataManager.java:55) ~[server-1.20.1-20230612.114412-srg.jar%23271!/:?]
	at java.util.concurrent.CompletableFuture$AsyncRun.run(CompletableFuture.java:1804) ~[?:?]
	at java.util.concurrent.CompletableFuture$AsyncRun.exec(CompletableFuture.java:1796) ~[?:?]
	at java.util.concurrent.ForkJoinTask.doExec(ForkJoinTask.java:373) ~[?:?]
	at java.util.concurrent.ForkJoinPool$WorkQueue.topLevelExec(ForkJoinPool.java:1182) ~[?:?]
	at java.util.concurrent.ForkJoinPool.scan(ForkJoinPool.java:1655) ~[?:?]
	at java.util.concurrent.ForkJoinPool.runWorker(ForkJoinPool.java:1622) ~[?:?]
	at java.util.concurrent.ForkJoinWorkerThread.run(ForkJoinWorkerThread.java:165) ~[?:?]
[02Aug2025 00:49:40.217] [main/INFO] [com.teamabnormals.blueprint.core.Blueprint/]: Loot Modification Manager has loaded 1 modifier groups
[02Aug2025 00:49:40.271] [main/WARN] [net.minecraft.world.level.storage.loot.LootDataManager/]: Found loot table element validation problem in {loot_tables:just_in_nether:entities/pigmar}.pools[0].entries[1].functions[1]: Parameters [<parameter minecraft:tool>] are not provided in this context
[02Aug2025 00:49:40.271] [main/WARN] [net.minecraft.world.level.storage.loot.LootDataManager/]: Found loot table element validation problem in {loot_tables:mofus_better_end_:entities/bloodworm}.pools[0].entries[1].functions[1]: Parameters [<parameter minecraft:tool>] are not provided in this context
[02Aug2025 00:49:40.271] [main/WARN] [net.minecraft.world.level.storage.loot.LootDataManager/]: Found loot table element validation problem in {loot_tables:just_in_nether:entities/dullkin}.pools[0].entries[0].functions[1]: Parameters [<parameter minecraft:tool>] are not provided in this context
[02Aug2025 00:49:40.271] [main/WARN] [net.minecraft.world.level.storage.loot.LootDataManager/]: Found loot table element validation problem in {loot_tables:mofus_better_end_:entities/bloodworm}.pools[0].entries[0].functions[1]: Parameters [<parameter minecraft:tool>] are not provided in this context
[02Aug2025 00:49:40.271] [main/WARN] [net.minecraft.world.level.storage.loot.LootDataManager/]: Found loot table element validation problem in {loot_tables:just_in_nether:entities/pigmar}.pools[0].entries[0].functions[1]: Parameters [<parameter minecraft:tool>] are not provided in this context
[02Aug2025 00:49:40.271] [main/WARN] [net.minecraft.world.level.storage.loot.LootDataManager/]: Found loot table element validation problem in {loot_tables:just_in_nether:entities/bullkindar}.pools[0].entries[0].functions[1]: Parameters [<parameter minecraft:tool>] are not provided in this context
[02Aug2025 00:49:40.271] [main/WARN] [net.minecraft.world.level.storage.loot.LootDataManager/]: Found loot table element validation problem in {loot_tables:mofus_better_end_:entities/crown_squid}.pools[0].entries[1].functions[1]: Parameters [<parameter minecraft:tool>] are not provided in this context
[02Aug2025 00:49:40.271] [main/WARN] [net.minecraft.world.level.storage.loot.LootDataManager/]: Found loot table element validation problem in {loot_tables:sons_of_sins:entities/walking_bed}.pools[0].entries[0].functions[1]: Parameters [<parameter minecraft:tool>] are not provided in this context
[02Aug2025 00:49:40.271] [main/WARN] [net.minecraft.world.level.storage.loot.LootDataManager/]: Found loot table element validation problem in {loot_tables:luminous_nether:entities/ghost}.pools[0].entries[0].functions[1]: Parameters [<parameter minecraft:tool>] are not provided in this context
[02Aug2025 00:49:40.271] [main/WARN] [net.minecraft.world.level.storage.loot.LootDataManager/]: Found loot table element validation problem in {loot_tables:just_in_nether:entities/dullkin}.pools[0].entries[1].functions[1]: Parameters [<parameter minecraft:tool>] are not provided in this context
[02Aug2025 00:49:40.272] [main/WARN] [net.minecraft.world.level.storage.loot.LootDataManager/]: Found loot table element validation problem in {loot_tables:sons_of_sins:entities/blud}.pools[0].entries[0].functions[1]: Parameters [<parameter minecraft:tool>] are not provided in this context
[02Aug2025 00:49:40.272] [main/WARN] [net.minecraft.world.level.storage.loot.LootDataManager/]: Found loot table element validation problem in {loot_tables:sons_of_sins:entities/prowler}.pools[0].entries[0].functions[1]: Parameters [<parameter minecraft:tool>] are not provided in this context
[02Aug2025 00:49:40.272] [main/WARN] [net.minecraft.world.level.storage.loot.LootDataManager/]: Found loot table element validation problem in {loot_tables:just_in_nether:entities/bullkindar}.pools[0].entries[1].functions[1]: Parameters [<parameter minecraft:tool>] are not provided in this context
[02Aug2025 00:49:40.272] [main/WARN] [net.minecraft.world.level.storage.loot.LootDataManager/]: Found loot table element validation problem in {loot_tables:luminous_nether:entities/piglin_ghost}.pools[0].entries[0].functions[1]: Parameters [<parameter minecraft:tool>] are not provided in this context
[02Aug2025 00:49:40.272] [main/WARN] [net.minecraft.world.level.storage.loot.LootDataManager/]: Found loot table element validation problem in {loot_tables:sons_of_sins:entities/butcher}.pools[0].entries[0].functions[1]: Parameters [<parameter minecraft:tool>] are not provided in this context
[02Aug2025 00:49:40.274] [main/INFO] [net.minecraft.world.item.crafting.RecipeManager/]: Skipping loading recipe outer_end:violite/tiles/vertical_slab_from_violite_stonecutting as it's serializer returned null
[02Aug2025 00:49:40.280] [main/INFO] [net.minecraft.world.item.crafting.RecipeManager/]: Skipping loading recipe outer_end:violite/bricks/vertical_slab_violite_stonecutting as it's serializer returned null
[02Aug2025 00:49:40.282] [main/INFO] [net.minecraft.world.item.crafting.RecipeManager/]: Skipping loading recipe outer_end:himmel_vertical_slab as it's serializer returned null
[02Aug2025 00:49:40.283] [Thread-1/DEBUG] [net.minecraftforge.fml.config.ConfigFileTypeHandler/CONFIG]: Config file sophisticatedcore-common.toml changed, sending notifies
[02Aug2025 00:49:40.285] [main/INFO] [net.minecraft.world.item.crafting.RecipeManager/]: Skipping loading recipe endergetic:poise_slab_from_poise_stems_sawing as it's serializer returned null
[02Aug2025 00:49:40.287] [main/INFO] [net.minecraft.world.item.crafting.RecipeManager/]: Skipping loading recipe endergetic:poise_fence_from_poise_planks_sawing as it's serializer returned null
[02Aug2025 00:49:40.288] [main/INFO] [net.minecraft.world.item.crafting.RecipeManager/]: Skipping loading recipe outer_end:azure_ladder as it's serializer returned null
[02Aug2025 00:49:40.290] [main/INFO] [net.minecraft.world.item.crafting.RecipeManager/]: Skipping loading recipe outer_end:violite/bricks/vertical_slab as it's serializer returned null
[02Aug2025 00:49:40.291] [main/INFO] [net.minecraft.world.item.crafting.RecipeManager/]: Skipping loading recipe outer_end:violite/bricks/slab_from_vertical_slab as it's serializer returned null
[02Aug2025 00:49:40.293] [Thread-1/DEBUG] [net.minecraftforge.fml.config.ConfigFileTypeHandler/CONFIG]: Config file sophisticatedcore-common.toml changed, sending notifies
[02Aug2025 00:49:40.294] [Thread-1/DEBUG] [net.minecraftforge.fml.config.ConfigFileTypeHandler/CONFIG]: Config file sophisticatedcore-common.toml changed, sending notifies
[02Aug2025 00:49:40.295] [Thread-1/DEBUG] [net.minecraftforge.fml.config.ConfigFileTypeHandler/CONFIG]: Config file sophisticatedcore-common.toml changed, sending notifies
[02Aug2025 00:49:40.295] [Thread-1/DEBUG] [net.minecraftforge.fml.config.ConfigFileTypeHandler/CONFIG]: Config file sophisticatedcore-common.toml changed, sending notifies
[02Aug2025 00:49:40.297] [main/INFO] [net.minecraft.world.item.crafting.RecipeManager/]: Skipping loading recipe outer_end:stripped_azure_post as it's serializer returned null
[02Aug2025 00:49:40.297] [main/INFO] [net.minecraft.world.item.crafting.RecipeManager/]: Skipping loading recipe endergetic:poise_beehive as it's serializer returned null
[02Aug2025 00:49:40.300] [main/INFO] [net.minecraft.world.item.crafting.RecipeManager/]: Skipping loading recipe endergetic:cracked_purpur_block_from_baking as it's serializer returned null
[02Aug2025 00:49:40.301] [main/ERROR] [net.minecraft.world.item.crafting.RecipeManager/]: Parsing error loading recipe farmersdelight:cutting/azure_sign
com.google.gson.JsonSyntaxException: Invalid or unsupported recipe type 'farmersdelight:cutting'
	at net.minecraft.world.item.crafting.RecipeManager.m_220253_(RecipeManager.java:170) ~[server-1.20.1-20230612.114412-srg.jar%23271!/:?]
	at java.util.Optional.orElseThrow(Optional.java:403) ~[?:?]
	at net.minecraft.world.item.crafting.RecipeManager.fromJson(RecipeManager.java:169) ~[server-1.20.1-20230612.114412-srg.jar%23271!/:?]
	at net.minecraft.world.item.crafting.RecipeManager.m_5787_(RecipeManager.java:67) ~[server-1.20.1-20230612.114412-srg.jar%23271!/:?]
	at net.minecraft.world.item.crafting.RecipeManager.m_5787_(RecipeManager.java:34) ~[server-1.20.1-20230612.114412-srg.jar%23271!/:?]
	at net.minecraft.server.packs.resources.SimplePreparableReloadListener.m_10789_(SimplePreparableReloadListener.java:13) ~[server-1.20.1-20230612.114412-srg.jar%23271!/:?]
	at java.util.concurrent.CompletableFuture$UniAccept.tryFire(CompletableFuture.java:718) ~[?:?]
	at java.util.concurrent.CompletableFuture$Completion.run(CompletableFuture.java:482) ~[?:?]
	at net.minecraft.server.packs.resources.SimpleReloadInstance.m_143940_(SimpleReloadInstance.java:69) ~[server-1.20.1-20230612.114412-srg.jar%23271!/:?]
	at net.minecraft.Util.m_214652_(Util.java:783) ~[server-1.20.1-20230612.114412-srg.jar%23271!/:?]
	at net.minecraft.Util.m_214679_(Util.java:772) ~[server-1.20.1-20230612.114412-srg.jar%23271!/:?]
	at net.minecraft.server.Main.main(Main.java:166) ~[server-1.20.1-20230612.114412-srg.jar%23271!/:?]
	at jdk.internal.reflect.NativeMethodAccessorImpl.invoke0(Native Method) ~[?:?]
	at jdk.internal.reflect.NativeMethodAccessorImpl.invoke(NativeMethodAccessorImpl.java:77) ~[?:?]
	at jdk.internal.reflect.DelegatingMethodAccessorImpl.invoke(DelegatingMethodAccessorImpl.java:43) ~[?:?]
	at java.lang.reflect.Method.invoke(Method.java:569) ~[?:?]
	at net.minecraftforge.fml.loading.targets.CommonLaunchHandler.runTarget(CommonLaunchHandler.java:111) ~[fmlloader-1.20.1-47.3.7.jar%2369!/:?]
	at net.minecraftforge.fml.loading.targets.CommonLaunchHandler.serverService(CommonLaunchHandler.java:103) ~[fmlloader-1.20.1-47.3.7.jar%2369!/:?]
	at net.minecraftforge.fml.loading.targets.CommonServerLaunchHandler.lambda$makeService$0(CommonServerLaunchHandler.java:27) ~[fmlloader-1.20.1-47.3.7.jar%2369!/:?]
	at cpw.mods.modlauncher.LaunchServiceHandlerDecorator.launch(LaunchServiceHandlerDecorator.java:30) ~[modlauncher-10.0.9.jar%2355!/:?]
	at cpw.mods.modlauncher.LaunchServiceHandler.launch(LaunchServiceHandler.java:53) ~[modlauncher-10.0.9.jar%2355!/:?]
	at cpw.mods.modlauncher.LaunchServiceHandler.launch(LaunchServiceHandler.java:71) ~[modlauncher-10.0.9.jar%2355!/:?]
	at cpw.mods.modlauncher.Launcher.run(Launcher.java:108) ~[modlauncher-10.0.9.jar%2355!/:?]
	at cpw.mods.modlauncher.Launcher.main(Launcher.java:78) ~[modlauncher-10.0.9.jar%2355!/:?]
	at cpw.mods.modlauncher.BootstrapLaunchConsumer.accept(BootstrapLaunchConsumer.java:26) ~[modlauncher-10.0.9.jar%2355!/:?]
	at cpw.mods.modlauncher.BootstrapLaunchConsumer.accept(BootstrapLaunchConsumer.java:23) ~[modlauncher-10.0.9.jar%2355!/:?]
	at cpw.mods.bootstraplauncher.BootstrapLauncher.main(BootstrapLauncher.java:141) ~[bootstraplauncher-1.1.2.jar:?]
[02Aug2025 00:49:40.303] [main/ERROR] [net.minecraft.world.item.crafting.RecipeManager/]: Parsing error loading recipe luminous_nether:supplementaries_ash_block
com.google.gson.JsonSyntaxException: Unknown item 'supplementaries:ash'
	at net.minecraft.world.item.crafting.ShapedRecipe.m_151280_(ShapedRecipe.java:292) ~[server-1.20.1-20230612.114412-srg.jar%23271!/:?]
	at java.util.Optional.orElseThrow(Optional.java:403) ~[?:?]
	at net.minecraft.world.item.crafting.ShapedRecipe.m_151278_(ShapedRecipe.java:291) ~[server-1.20.1-20230612.114412-srg.jar%23271!/:?]
	at net.minecraft.world.item.crafting.Ingredient.m_43919_(Ingredient.java:219) ~[server-1.20.1-20230612.114412-srg.jar%23271!/:?]
	at net.minecraftforge.common.crafting.VanillaIngredientSerializer.parse(VanillaIngredientSerializer.java:27) ~[forge-1.20.1-47.3.7-universal.jar%23276!/:?]
	at net.minecraftforge.common.crafting.CraftingHelper.getIngredient(CraftingHelper.java:148) ~[forge-1.20.1-47.3.7-universal.jar%23276!/:?]
	at net.minecraft.world.item.crafting.Ingredient.m_288218_(Ingredient.java:194) ~[server-1.20.1-20230612.114412-srg.jar%23271!/:?]
	at net.minecraft.world.item.crafting.ShapedRecipe.m_44210_(ShapedRecipe.java:278) ~[server-1.20.1-20230612.114412-srg.jar%23271!/:?]
	at net.minecraft.world.item.crafting.ShapedRecipe$Serializer.m_6729_(ShapedRecipe.java:306) ~[server-1.20.1-20230612.114412-srg.jar%23271!/:?]
	at net.minecraft.world.item.crafting.ShapedRecipe$Serializer.m_6729_(ShapedRecipe.java:301) ~[server-1.20.1-20230612.114412-srg.jar%23271!/:?]
	at net.minecraftforge.common.extensions.IForgeRecipeSerializer.fromJson(IForgeRecipeSerializer.java:23) ~[forge-1.20.1-47.3.7-universal.jar%23276!/:?]
	at net.minecraft.world.item.crafting.RecipeManager.fromJson(RecipeManager.java:171) ~[server-1.20.1-20230612.114412-srg.jar%23271!/:?]
	at net.minecraft.world.item.crafting.RecipeManager.m_5787_(RecipeManager.java:67) ~[server-1.20.1-20230612.114412-srg.jar%23271!/:?]
	at net.minecraft.world.item.crafting.RecipeManager.m_5787_(RecipeManager.java:34) ~[server-1.20.1-20230612.114412-srg.jar%23271!/:?]
	at net.minecraft.server.packs.resources.SimplePreparableReloadListener.m_10789_(SimplePreparableReloadListener.java:13) ~[server-1.20.1-20230612.114412-srg.jar%23271!/:?]
	at java.util.concurrent.CompletableFuture$UniAccept.tryFire(CompletableFuture.java:718) ~[?:?]
	at java.util.concurrent.CompletableFuture$Completion.run(CompletableFuture.java:482) ~[?:?]
	at net.minecraft.server.packs.resources.SimpleReloadInstance.m_143940_(SimpleReloadInstance.java:69) ~[server-1.20.1-20230612.114412-srg.jar%23271!/:?]
	at net.minecraft.Util.m_214652_(Util.java:783) ~[server-1.20.1-20230612.114412-srg.jar%23271!/:?]
	at net.minecraft.Util.m_214679_(Util.java:772) ~[server-1.20.1-20230612.114412-srg.jar%23271!/:?]
	at net.minecraft.server.Main.main(Main.java:166) ~[server-1.20.1-20230612.114412-srg.jar%23271!/:?]
	at jdk.internal.reflect.NativeMethodAccessorImpl.invoke0(Native Method) ~[?:?]
	at jdk.internal.reflect.NativeMethodAccessorImpl.invoke(NativeMethodAccessorImpl.java:77) ~[?:?]
	at jdk.internal.reflect.DelegatingMethodAccessorImpl.invoke(DelegatingMethodAccessorImpl.java:43) ~[?:?]
	at java.lang.reflect.Method.invoke(Method.java:569) ~[?:?]
	at net.minecraftforge.fml.loading.targets.CommonLaunchHandler.runTarget(CommonLaunchHandler.java:111) ~[fmlloader-1.20.1-47.3.7.jar%2369!/:?]
	at net.minecraftforge.fml.loading.targets.CommonLaunchHandler.serverService(CommonLaunchHandler.java:103) ~[fmlloader-1.20.1-47.3.7.jar%2369!/:?]
	at net.minecraftforge.fml.loading.targets.CommonServerLaunchHandler.lambda$makeService$0(CommonServerLaunchHandler.java:27) ~[fmlloader-1.20.1-47.3.7.jar%2369!/:?]
	at cpw.mods.modlauncher.LaunchServiceHandlerDecorator.launch(LaunchServiceHandlerDecorator.java:30) ~[modlauncher-10.0.9.jar%2355!/:?]
	at cpw.mods.modlauncher.LaunchServiceHandler.launch(LaunchServiceHandler.java:53) ~[modlauncher-10.0.9.jar%2355!/:?]
	at cpw.mods.modlauncher.LaunchServiceHandler.launch(LaunchServiceHandler.java:71) ~[modlauncher-10.0.9.jar%2355!/:?]
	at cpw.mods.modlauncher.Launcher.run(Launcher.java:108) ~[modlauncher-10.0.9.jar%2355!/:?]
	at cpw.mods.modlauncher.Launcher.main(Launcher.java:78) ~[modlauncher-10.0.9.jar%2355!/:?]
	at cpw.mods.modlauncher.BootstrapLaunchConsumer.accept(BootstrapLaunchConsumer.java:26) ~[modlauncher-10.0.9.jar%2355!/:?]
	at cpw.mods.modlauncher.BootstrapLaunchConsumer.accept(BootstrapLaunchConsumer.java:23) ~[modlauncher-10.0.9.jar%2355!/:?]
	at cpw.mods.bootstraplauncher.BootstrapLauncher.main(BootstrapLauncher.java:141) ~[bootstraplauncher-1.1.2.jar:?]
[02Aug2025 00:49:40.304] [main/INFO] [net.minecraft.world.item.crafting.RecipeManager/]: Skipping loading recipe outer_end:azure_bookshelf as it's serializer returned null
[02Aug2025 00:49:40.305] [main/INFO] [net.minecraft.world.item.crafting.RecipeManager/]: Skipping loading recipe outer_end:violite/mossy_bricks/vertical_slab_stonecutting as it's serializer returned null
[02Aug2025 00:49:40.305] [main/INFO] [net.minecraft.world.item.crafting.RecipeManager/]: Skipping loading recipe endergetic:poise_button_from_poise_stems_sawing as it's serializer returned null
[02Aug2025 00:49:40.306] [main/INFO] [net.minecraft.world.item.crafting.RecipeManager/]: Skipping loading recipe outer_end:violite/mossy_bricks/slab_from_vertical_slab as it's serializer returned null
[02Aug2025 00:49:40.308] [main/INFO] [net.minecraft.world.item.crafting.RecipeManager/]: Skipping loading recipe outer_end:violite/vertical_slab_stonecutting as it's serializer returned null
[02Aug2025 00:49:40.308] [main/INFO] [net.minecraft.world.item.crafting.RecipeManager/]: Skipping loading recipe outer_end:violite/tiles/vertical_slab_stonecutting as it's serializer returned null
[02Aug2025 00:49:40.308] [Thread-1/DEBUG] [net.minecraftforge.fml.config.ConfigFileTypeHandler/CONFIG]: Config file sophisticatedcore-common.toml changed, sending notifies
[02Aug2025 00:49:40.310] [Thread-1/DEBUG] [net.minecraftforge.fml.config.ConfigFileTypeHandler/CONFIG]: Config file sophisticatedcore-common.toml changed, sending notifies
[02Aug2025 00:49:40.313] [main/INFO] [net.minecraft.world.item.crafting.RecipeManager/]: Skipping loading recipe outer_end:violite/mossy_tiles/vertical_slab_stonecutting as it's serializer returned null
[02Aug2025 00:49:40.316] [main/INFO] [net.minecraft.world.item.crafting.RecipeManager/]: Skipping loading recipe outer_end:himmel_vertical_slab_stonecutting as it's serializer returned null
[02Aug2025 00:49:40.317] [main/INFO] [net.minecraft.world.item.crafting.RecipeManager/]: Skipping loading recipe endergetic:poise_trapdoor_from_poise_stems_sawing as it's serializer returned null
[02Aug2025 00:49:40.318] [Thread-1/DEBUG] [net.minecraftforge.fml.config.ConfigFileTypeHandler/CONFIG]: Config file sophisticatedcore-common.toml changed, sending notifies
[02Aug2025 00:49:40.319] [Thread-1/DEBUG] [net.minecraftforge.fml.config.ConfigFileTypeHandler/CONFIG]: Config file sophisticatedcore-common.toml changed, sending notifies
[02Aug2025 00:49:40.319] [main/INFO] [net.minecraft.world.item.crafting.RecipeManager/]: Skipping loading recipe outer_end:violite/tiles/vertical_slab as it's serializer returned null
[02Aug2025 00:49:40.321] [main/ERROR] [net.minecraft.world.item.crafting.RecipeManager/]: Parsing error loading recipe farmersdelight:cutting/azure_pith
com.google.gson.JsonSyntaxException: Invalid or unsupported recipe type 'farmersdelight:cutting'
	at net.minecraft.world.item.crafting.RecipeManager.m_220253_(RecipeManager.java:170) ~[server-1.20.1-20230612.114412-srg.jar%23271!/:?]
	at java.util.Optional.orElseThrow(Optional.java:403) ~[?:?]
	at net.minecraft.world.item.crafting.RecipeManager.fromJson(RecipeManager.java:169) ~[server-1.20.1-20230612.114412-srg.jar%23271!/:?]
	at net.minecraft.world.item.crafting.RecipeManager.m_5787_(RecipeManager.java:67) ~[server-1.20.1-20230612.114412-srg.jar%23271!/:?]
	at net.minecraft.world.item.crafting.RecipeManager.m_5787_(RecipeManager.java:34) ~[server-1.20.1-20230612.114412-srg.jar%23271!/:?]
	at net.minecraft.server.packs.resources.SimplePreparableReloadListener.m_10789_(SimplePreparableReloadListener.java:13) ~[server-1.20.1-20230612.114412-srg.jar%23271!/:?]
	at java.util.concurrent.CompletableFuture$UniAccept.tryFire(CompletableFuture.java:718) ~[?:?]
	at java.util.concurrent.CompletableFuture$Completion.run(CompletableFuture.java:482) ~[?:?]
	at net.minecraft.server.packs.resources.SimpleReloadInstance.m_143940_(SimpleReloadInstance.java:69) ~[server-1.20.1-20230612.114412-srg.jar%23271!/:?]
	at net.minecraft.Util.m_214652_(Util.java:783) ~[server-1.20.1-20230612.114412-srg.jar%23271!/:?]
	at net.minecraft.Util.m_214679_(Util.java:772) ~[server-1.20.1-20230612.114412-srg.jar%23271!/:?]
	at net.minecraft.server.Main.main(Main.java:166) ~[server-1.20.1-20230612.114412-srg.jar%23271!/:?]
	at jdk.internal.reflect.NativeMethodAccessorImpl.invoke0(Native Method) ~[?:?]
	at jdk.internal.reflect.NativeMethodAccessorImpl.invoke(NativeMethodAccessorImpl.java:77) ~[?:?]
	at jdk.internal.reflect.DelegatingMethodAccessorImpl.invoke(DelegatingMethodAccessorImpl.java:43) ~[?:?]
	at java.lang.reflect.Method.invoke(Method.java:569) ~[?:?]
	at net.minecraftforge.fml.loading.targets.CommonLaunchHandler.runTarget(CommonLaunchHandler.java:111) ~[fmlloader-1.20.1-47.3.7.jar%2369!/:?]
	at net.minecraftforge.fml.loading.targets.CommonLaunchHandler.serverService(CommonLaunchHandler.java:103) ~[fmlloader-1.20.1-47.3.7.jar%2369!/:?]
	at net.minecraftforge.fml.loading.targets.CommonServerLaunchHandler.lambda$makeService$0(CommonServerLaunchHandler.java:27) ~[fmlloader-1.20.1-47.3.7.jar%2369!/:?]
	at cpw.mods.modlauncher.LaunchServiceHandlerDecorator.launch(LaunchServiceHandlerDecorator.java:30) ~[modlauncher-10.0.9.jar%2355!/:?]
	at cpw.mods.modlauncher.LaunchServiceHandler.launch(LaunchServiceHandler.java:53) ~[modlauncher-10.0.9.jar%2355!/:?]
	at cpw.mods.modlauncher.LaunchServiceHandler.launch(LaunchServiceHandler.java:71) ~[modlauncher-10.0.9.jar%2355!/:?]
	at cpw.mods.modlauncher.Launcher.run(Launcher.java:108) ~[modlauncher-10.0.9.jar%2355!/:?]
	at cpw.mods.modlauncher.Launcher.main(Launcher.java:78) ~[modlauncher-10.0.9.jar%2355!/:?]
	at cpw.mods.modlauncher.BootstrapLaunchConsumer.accept(BootstrapLaunchConsumer.java:26) ~[modlauncher-10.0.9.jar%2355!/:?]
	at cpw.mods.modlauncher.BootstrapLaunchConsumer.accept(BootstrapLaunchConsumer.java:23) ~[modlauncher-10.0.9.jar%2355!/:?]
	at cpw.mods.bootstraplauncher.BootstrapLauncher.main(BootstrapLauncher.java:141) ~[bootstraplauncher-1.1.2.jar:?]
[02Aug2025 00:49:40.323] [main/INFO] [net.minecraft.world.item.crafting.RecipeManager/]: Skipping loading recipe endergetic:poise_furnace_boat as it's serializer returned null
[02Aug2025 00:49:40.324] [main/INFO] [net.minecraft.world.item.crafting.RecipeManager/]: Skipping loading recipe outer_end:azure_vertical_to_slab as it's serializer returned null
[02Aug2025 00:49:40.326] [main/INFO] [net.minecraft.world.item.crafting.RecipeManager/]: Skipping loading recipe endergetic:poise_slab_from_poise_planks_sawing as it's serializer returned null
[02Aug2025 00:49:40.327] [main/INFO] [net.minecraft.world.item.crafting.RecipeManager/]: Skipping loading recipe outer_end:azure_post as it's serializer returned null
[02Aug2025 00:49:40.328] [main/INFO] [net.minecraft.world.item.crafting.RecipeManager/]: Skipping loading recipe endergetic:chiseled_poise_bookshelf as it's serializer returned null
[02Aug2025 00:49:40.329] [main/INFO] [net.minecraft.world.item.crafting.RecipeManager/]: Skipping loading recipe endergetic:poise_planks_from_poise_stems_sawing as it's serializer returned null
[02Aug2025 00:49:40.330] [main/INFO] [net.minecraft.world.item.crafting.RecipeManager/]: Skipping loading recipe endergetic:eumus_brick_from_baking as it's serializer returned null
[02Aug2025 00:49:40.330] [Thread-1/DEBUG] [net.minecraftforge.fml.config.ConfigFileTypeHandler/CONFIG]: Config file sophisticatedcore-common.toml changed, sending notifies
[02Aug2025 00:49:40.333] [main/ERROR] [net.minecraft.world.item.crafting.RecipeManager/]: Parsing error loading recipe outer_end:azure_chest
com.google.gson.JsonSyntaxException: Unknown item 'outer_end:azure_chest'
	at net.minecraftforge.common.crafting.CraftingHelper.getItem(CraftingHelper.java:160) ~[forge-1.20.1-47.3.7-universal.jar%23276!/:?]
	at net.minecraftforge.common.crafting.CraftingHelper.getItemStack(CraftingHelper.java:186) ~[forge-1.20.1-47.3.7-universal.jar%23276!/:?]
	at net.minecraft.world.item.crafting.ShapedRecipe.m_151274_(ShapedRecipe.java:286) ~[server-1.20.1-20230612.114412-srg.jar%23271!/:?]
	at net.minecraft.world.item.crafting.ShapedRecipe$Serializer.m_6729_(ShapedRecipe.java:311) ~[server-1.20.1-20230612.114412-srg.jar%23271!/:?]
	at net.minecraft.world.item.crafting.ShapedRecipe$Serializer.m_6729_(ShapedRecipe.java:301) ~[server-1.20.1-20230612.114412-srg.jar%23271!/:?]
	at net.minecraftforge.common.extensions.IForgeRecipeSerializer.fromJson(IForgeRecipeSerializer.java:23) ~[forge-1.20.1-47.3.7-universal.jar%23276!/:?]
	at net.minecraft.world.item.crafting.RecipeManager.fromJson(RecipeManager.java:171) ~[server-1.20.1-20230612.114412-srg.jar%23271!/:?]
	at net.minecraft.world.item.crafting.RecipeManager.m_5787_(RecipeManager.java:67) ~[server-1.20.1-20230612.114412-srg.jar%23271!/:?]
	at net.minecraft.world.item.crafting.RecipeManager.m_5787_(RecipeManager.java:34) ~[server-1.20.1-20230612.114412-srg.jar%23271!/:?]
	at net.minecraft.server.packs.resources.SimplePreparableReloadListener.m_10789_(SimplePreparableReloadListener.java:13) ~[server-1.20.1-20230612.114412-srg.jar%23271!/:?]
	at java.util.concurrent.CompletableFuture$UniAccept.tryFire(CompletableFuture.java:718) ~[?:?]
	at java.util.concurrent.CompletableFuture$Completion.run(CompletableFuture.java:482) ~[?:?]
	at net.minecraft.server.packs.resources.SimpleReloadInstance.m_143940_(SimpleReloadInstance.java:69) ~[server-1.20.1-20230612.114412-srg.jar%23271!/:?]
	at net.minecraft.Util.m_214652_(Util.java:783) ~[server-1.20.1-20230612.114412-srg.jar%23271!/:?]
	at net.minecraft.Util.m_214679_(Util.java:772) ~[server-1.20.1-20230612.114412-srg.jar%23271!/:?]
	at net.minecraft.server.Main.main(Main.java:166) ~[server-1.20.1-20230612.114412-srg.jar%23271!/:?]
	at jdk.internal.reflect.NativeMethodAccessorImpl.invoke0(Native Method) ~[?:?]
	at jdk.internal.reflect.NativeMethodAccessorImpl.invoke(NativeMethodAccessorImpl.java:77) ~[?:?]
	at jdk.internal.reflect.DelegatingMethodAccessorImpl.invoke(DelegatingMethodAccessorImpl.java:43) ~[?:?]
	at java.lang.reflect.Method.invoke(Method.java:569) ~[?:?]
	at net.minecraftforge.fml.loading.targets.CommonLaunchHandler.runTarget(CommonLaunchHandler.java:111) ~[fmlloader-1.20.1-47.3.7.jar%2369!/:?]
	at net.minecraftforge.fml.loading.targets.CommonLaunchHandler.serverService(CommonLaunchHandler.java:103) ~[fmlloader-1.20.1-47.3.7.jar%2369!/:?]
	at net.minecraftforge.fml.loading.targets.CommonServerLaunchHandler.lambda$makeService$0(CommonServerLaunchHandler.java:27) ~[fmlloader-1.20.1-47.3.7.jar%2369!/:?]
	at cpw.mods.modlauncher.LaunchServiceHandlerDecorator.launch(LaunchServiceHandlerDecorator.java:30) ~[modlauncher-10.0.9.jar%2355!/:?]
	at cpw.mods.modlauncher.LaunchServiceHandler.launch(LaunchServiceHandler.java:53) ~[modlauncher-10.0.9.jar%2355!/:?]
	at cpw.mods.modlauncher.LaunchServiceHandler.launch(LaunchServiceHandler.java:71) ~[modlauncher-10.0.9.jar%2355!/:?]
	at cpw.mods.modlauncher.Launcher.run(Launcher.java:108) ~[modlauncher-10.0.9.jar%2355!/:?]
	at cpw.mods.modlauncher.Launcher.main(Launcher.java:78) ~[modlauncher-10.0.9.jar%2355!/:?]
	at cpw.mods.modlauncher.BootstrapLaunchConsumer.accept(BootstrapLaunchConsumer.java:26) ~[modlauncher-10.0.9.jar%2355!/:?]
	at cpw.mods.modlauncher.BootstrapLaunchConsumer.accept(BootstrapLaunchConsumer.java:23) ~[modlauncher-10.0.9.jar%2355!/:?]
	at cpw.mods.bootstraplauncher.BootstrapLauncher.main(BootstrapLauncher.java:141) ~[bootstraplauncher-1.1.2.jar:?]
[02Aug2025 00:49:40.335] [main/INFO] [net.minecraft.world.item.crafting.RecipeManager/]: Skipping loading recipe outer_end:violite/slab_from_vertical_slab as it's serializer returned null
[02Aug2025 00:49:40.335] [main/INFO] [net.minecraft.world.item.crafting.RecipeManager/]: Skipping loading recipe outer_end:violite/mossy_tiles/slab_from_vertical_slab as it's serializer returned null
[02Aug2025 00:49:40.337] [main/ERROR] [net.minecraft.world.item.crafting.RecipeManager/]: Parsing error loading recipe mofus_better_end_:end_engine_recipe
com.google.gson.JsonSyntaxException: Unknown item 'mofus_better_end_:deleted_mod_element'
	at net.minecraftforge.common.crafting.CraftingHelper.getItem(CraftingHelper.java:160) ~[forge-1.20.1-47.3.7-universal.jar%23276!/:?]
	at net.minecraftforge.common.crafting.CraftingHelper.getItemStack(CraftingHelper.java:186) ~[forge-1.20.1-47.3.7-universal.jar%23276!/:?]
	at net.minecraft.world.item.crafting.ShapedRecipe.m_151274_(ShapedRecipe.java:286) ~[server-1.20.1-20230612.114412-srg.jar%23271!/:?]
	at net.minecraft.world.item.crafting.ShapedRecipe$Serializer.m_6729_(ShapedRecipe.java:311) ~[server-1.20.1-20230612.114412-srg.jar%23271!/:?]
	at net.minecraft.world.item.crafting.ShapedRecipe$Serializer.m_6729_(ShapedRecipe.java:301) ~[server-1.20.1-20230612.114412-srg.jar%23271!/:?]
	at net.minecraftforge.common.extensions.IForgeRecipeSerializer.fromJson(IForgeRecipeSerializer.java:23) ~[forge-1.20.1-47.3.7-universal.jar%23276!/:?]
	at net.minecraft.world.item.crafting.RecipeManager.fromJson(RecipeManager.java:171) ~[server-1.20.1-20230612.114412-srg.jar%23271!/:?]
	at net.minecraft.world.item.crafting.RecipeManager.m_5787_(RecipeManager.java:67) ~[server-1.20.1-20230612.114412-srg.jar%23271!/:?]
	at net.minecraft.world.item.crafting.RecipeManager.m_5787_(RecipeManager.java:34) ~[server-1.20.1-20230612.114412-srg.jar%23271!/:?]
	at net.minecraft.server.packs.resources.SimplePreparableReloadListener.m_10789_(SimplePreparableReloadListener.java:13) ~[server-1.20.1-20230612.114412-srg.jar%23271!/:?]
	at java.util.concurrent.CompletableFuture$UniAccept.tryFire(CompletableFuture.java:718) ~[?:?]
	at java.util.concurrent.CompletableFuture$Completion.run(CompletableFuture.java:482) ~[?:?]
	at net.minecraft.server.packs.resources.SimpleReloadInstance.m_143940_(SimpleReloadInstance.java:69) ~[server-1.20.1-20230612.114412-srg.jar%23271!/:?]
	at net.minecraft.Util.m_214652_(Util.java:783) ~[server-1.20.1-20230612.114412-srg.jar%23271!/:?]
	at net.minecraft.Util.m_214679_(Util.java:772) ~[server-1.20.1-20230612.114412-srg.jar%23271!/:?]
	at net.minecraft.server.Main.main(Main.java:166) ~[server-1.20.1-20230612.114412-srg.jar%23271!/:?]
	at jdk.internal.reflect.NativeMethodAccessorImpl.invoke0(Native Method) ~[?:?]
	at jdk.internal.reflect.NativeMethodAccessorImpl.invoke(NativeMethodAccessorImpl.java:77) ~[?:?]
	at jdk.internal.reflect.DelegatingMethodAccessorImpl.invoke(DelegatingMethodAccessorImpl.java:43) ~[?:?]
	at java.lang.reflect.Method.invoke(Method.java:569) ~[?:?]
	at net.minecraftforge.fml.loading.targets.CommonLaunchHandler.runTarget(CommonLaunchHandler.java:111) ~[fmlloader-1.20.1-47.3.7.jar%2369!/:?]
	at net.minecraftforge.fml.loading.targets.CommonLaunchHandler.serverService(CommonLaunchHandler.java:103) ~[fmlloader-1.20.1-47.3.7.jar%2369!/:?]
	at net.minecraftforge.fml.loading.targets.CommonServerLaunchHandler.lambda$makeService$0(CommonServerLaunchHandler.java:27) ~[fmlloader-1.20.1-47.3.7.jar%2369!/:?]
	at cpw.mods.modlauncher.LaunchServiceHandlerDecorator.launch(LaunchServiceHandlerDecorator.java:30) ~[modlauncher-10.0.9.jar%2355!/:?]
	at cpw.mods.modlauncher.LaunchServiceHandler.launch(LaunchServiceHandler.java:53) ~[modlauncher-10.0.9.jar%2355!/:?]
	at cpw.mods.modlauncher.LaunchServiceHandler.launch(LaunchServiceHandler.java:71) ~[modlauncher-10.0.9.jar%2355!/:?]
	at cpw.mods.modlauncher.Launcher.run(Launcher.java:108) ~[modlauncher-10.0.9.jar%2355!/:?]
	at cpw.mods.modlauncher.Launcher.main(Launcher.java:78) ~[modlauncher-10.0.9.jar%2355!/:?]
	at cpw.mods.modlauncher.BootstrapLaunchConsumer.accept(BootstrapLaunchConsumer.java:26) ~[modlauncher-10.0.9.jar%2355!/:?]
	at cpw.mods.modlauncher.BootstrapLaunchConsumer.accept(BootstrapLaunchConsumer.java:23) ~[modlauncher-10.0.9.jar%2355!/:?]
	at cpw.mods.bootstraplauncher.BootstrapLauncher.main(BootstrapLauncher.java:141) ~[bootstraplauncher-1.1.2.jar:?]
[02Aug2025 00:49:40.338] [Thread-1/DEBUG] [net.minecraftforge.fml.config.ConfigFileTypeHandler/CONFIG]: Config file sophisticatedcore-common.toml changed, sending notifies
[02Aug2025 00:49:40.338] [Thread-1/DEBUG] [net.minecraftforge.fml.config.ConfigFileTypeHandler/CONFIG]: Config file sophisticatedcore-common.toml changed, sending notifies
[02Aug2025 00:49:40.339] [Thread-1/DEBUG] [net.minecraftforge.fml.config.ConfigFileTypeHandler/CONFIG]: Config file sophisticatedcore-common.toml changed, sending notifies
[02Aug2025 00:49:40.339] [Thread-1/DEBUG] [net.minecraftforge.fml.config.ConfigFileTypeHandler/CONFIG]: Config file sophisticatedcore-common.toml changed, sending notifies
[02Aug2025 00:49:40.339] [main/ERROR] [net.minecraft.world.item.crafting.RecipeManager/]: Parsing error loading recipe farmersdelight:cutting/azure_door
com.google.gson.JsonSyntaxException: Invalid or unsupported recipe type 'farmersdelight:cutting'
	at net.minecraft.world.item.crafting.RecipeManager.m_220253_(RecipeManager.java:170) ~[server-1.20.1-20230612.114412-srg.jar%23271!/:?]
	at java.util.Optional.orElseThrow(Optional.java:403) ~[?:?]
	at net.minecraft.world.item.crafting.RecipeManager.fromJson(RecipeManager.java:169) ~[server-1.20.1-20230612.114412-srg.jar%23271!/:?]
	at net.minecraft.world.item.crafting.RecipeManager.m_5787_(RecipeManager.java:67) ~[server-1.20.1-20230612.114412-srg.jar%23271!/:?]
	at net.minecraft.world.item.crafting.RecipeManager.m_5787_(RecipeManager.java:34) ~[server-1.20.1-20230612.114412-srg.jar%23271!/:?]
	at net.minecraft.server.packs.resources.SimplePreparableReloadListener.m_10789_(SimplePreparableReloadListener.java:13) ~[server-1.20.1-20230612.114412-srg.jar%23271!/:?]
	at java.util.concurrent.CompletableFuture$UniAccept.tryFire(CompletableFuture.java:718) ~[?:?]
	at java.util.concurrent.CompletableFuture$Completion.run(CompletableFuture.java:482) ~[?:?]
	at net.minecraft.server.packs.resources.SimpleReloadInstance.m_143940_(SimpleReloadInstance.java:69) ~[server-1.20.1-20230612.114412-srg.jar%23271!/:?]
	at net.minecraft.Util.m_214652_(Util.java:783) ~[server-1.20.1-20230612.114412-srg.jar%23271!/:?]
	at net.minecraft.Util.m_214679_(Util.java:772) ~[server-1.20.1-20230612.114412-srg.jar%23271!/:?]
	at net.minecraft.server.Main.main(Main.java:166) ~[server-1.20.1-20230612.114412-srg.jar%23271!/:?]
	at jdk.internal.reflect.NativeMethodAccessorImpl.invoke0(Native Method) ~[?:?]
	at jdk.internal.reflect.NativeMethodAccessorImpl.invoke(NativeMethodAccessorImpl.java:77) ~[?:?]
	at jdk.internal.reflect.DelegatingMethodAccessorImpl.invoke(DelegatingMethodAccessorImpl.java:43) ~[?:?]
	at java.lang.reflect.Method.invoke(Method.java:569) ~[?:?]
	at net.minecraftforge.fml.loading.targets.CommonLaunchHandler.runTarget(CommonLaunchHandler.java:111) ~[fmlloader-1.20.1-47.3.7.jar%2369!/:?]
	at net.minecraftforge.fml.loading.targets.CommonLaunchHandler.serverService(CommonLaunchHandler.java:103) ~[fmlloader-1.20.1-47.3.7.jar%2369!/:?]
	at net.minecraftforge.fml.loading.targets.CommonServerLaunchHandler.lambda$makeService$0(CommonServerLaunchHandler.java:27) ~[fmlloader-1.20.1-47.3.7.jar%2369!/:?]
	at cpw.mods.modlauncher.LaunchServiceHandlerDecorator.launch(LaunchServiceHandlerDecorator.java:30) ~[modlauncher-10.0.9.jar%2355!/:?]
	at cpw.mods.modlauncher.LaunchServiceHandler.launch(LaunchServiceHandler.java:53) ~[modlauncher-10.0.9.jar%2355!/:?]
	at cpw.mods.modlauncher.LaunchServiceHandler.launch(LaunchServiceHandler.java:71) ~[modlauncher-10.0.9.jar%2355!/:?]
	at cpw.mods.modlauncher.Launcher.run(Launcher.java:108) ~[modlauncher-10.0.9.jar%2355!/:?]
	at cpw.mods.modlauncher.Launcher.main(Launcher.java:78) ~[modlauncher-10.0.9.jar%2355!/:?]
	at cpw.mods.modlauncher.BootstrapLaunchConsumer.accept(BootstrapLaunchConsumer.java:26) ~[modlauncher-10.0.9.jar%2355!/:?]
	at cpw.mods.modlauncher.BootstrapLaunchConsumer.accept(BootstrapLaunchConsumer.java:23) ~[modlauncher-10.0.9.jar%2355!/:?]
	at cpw.mods.bootstraplauncher.BootstrapLauncher.main(BootstrapLauncher.java:141) ~[bootstraplauncher-1.1.2.jar:?]
[02Aug2025 00:49:40.344] [Thread-1/DEBUG] [net.minecraftforge.fml.config.ConfigFileTypeHandler/CONFIG]: Config file sophisticatedcore-common.toml changed, sending notifies
[02Aug2025 00:49:40.345] [Thread-1/DEBUG] [net.minecraftforge.fml.config.ConfigFileTypeHandler/CONFIG]: Config file sophisticatedcore-common.toml changed, sending notifies
[02Aug2025 00:49:40.346] [Thread-1/DEBUG] [net.minecraftforge.fml.config.ConfigFileTypeHandler/CONFIG]: Config file sophisticatedcore-common.toml changed, sending notifies
[02Aug2025 00:49:40.347] [Thread-1/DEBUG] [net.minecraftforge.fml.config.ConfigFileTypeHandler/CONFIG]: Config file sophisticatedcore-common.toml changed, sending notifies
[02Aug2025 00:49:40.350] [main/INFO] [net.minecraft.world.item.crafting.RecipeManager/]: Skipping loading recipe endergetic:poise_fence_gate_from_poise_stems_sawing as it's serializer returned null
[02Aug2025 00:49:40.352] [main/INFO] [net.minecraft.world.item.crafting.RecipeManager/]: Skipping loading recipe endergetic:poise_ladder as it's serializer returned null
[02Aug2025 00:49:40.352] [main/INFO] [net.minecraft.world.item.crafting.RecipeManager/]: Skipping loading recipe endergetic:poise_door_from_poise_stems_sawing as it's serializer returned null
[02Aug2025 00:49:40.353] [main/INFO] [net.minecraft.world.item.crafting.RecipeManager/]: Skipping loading recipe outer_end:violite/mossy_tiles/vertical_slab as it's serializer returned null
[02Aug2025 00:49:40.353] [main/INFO] [net.minecraft.world.item.crafting.RecipeManager/]: Skipping loading recipe outer_end:violite/bricks/vertical_slab_stonecutting as it's serializer returned null
[02Aug2025 00:49:40.353] [main/INFO] [net.minecraft.world.item.crafting.RecipeManager/]: Skipping loading recipe outer_end:azure_vertical_to_planks as it's serializer returned null
[02Aug2025 00:49:40.353] [Thread-1/DEBUG] [net.minecraftforge.fml.config.ConfigFileTypeHandler/CONFIG]: Config file sophisticatedcore-common.toml changed, sending notifies
[02Aug2025 00:49:40.354] [Thread-1/DEBUG] [net.minecraftforge.fml.config.ConfigFileTypeHandler/CONFIG]: Config file sophisticatedcore-common.toml changed, sending notifies
[02Aug2025 00:49:40.354] [main/INFO] [net.minecraft.world.item.crafting.RecipeManager/]: Skipping loading recipe endergetic:trapped_poise_chest as it's serializer returned null
[02Aug2025 00:49:40.354] [main/ERROR] [net.minecraft.world.item.crafting.RecipeManager/]: Parsing error loading recipe netherdungeons:crafting/chiseled_polished_gilded_blackstone
com.google.gson.JsonSyntaxException: Unknown item 'netherdungeons:polished_gilded_blackstone_slab'
	at net.minecraft.world.item.crafting.ShapedRecipe.m_151280_(ShapedRecipe.java:292) ~[server-1.20.1-20230612.114412-srg.jar%23271!/:?]
	at java.util.Optional.orElseThrow(Optional.java:403) ~[?:?]
	at net.minecraft.world.item.crafting.ShapedRecipe.m_151278_(ShapedRecipe.java:291) ~[server-1.20.1-20230612.114412-srg.jar%23271!/:?]
	at net.minecraft.world.item.crafting.Ingredient.m_43919_(Ingredient.java:219) ~[server-1.20.1-20230612.114412-srg.jar%23271!/:?]
	at net.minecraftforge.common.crafting.VanillaIngredientSerializer.parse(VanillaIngredientSerializer.java:27) ~[forge-1.20.1-47.3.7-universal.jar%23276!/:?]
	at net.minecraftforge.common.crafting.CraftingHelper.getIngredient(CraftingHelper.java:148) ~[forge-1.20.1-47.3.7-universal.jar%23276!/:?]
	at net.minecraft.world.item.crafting.Ingredient.m_288218_(Ingredient.java:194) ~[server-1.20.1-20230612.114412-srg.jar%23271!/:?]
	at net.minecraft.world.item.crafting.ShapedRecipe.m_44210_(ShapedRecipe.java:278) ~[server-1.20.1-20230612.114412-srg.jar%23271!/:?]
	at net.minecraft.world.item.crafting.ShapedRecipe$Serializer.m_6729_(ShapedRecipe.java:306) ~[server-1.20.1-20230612.114412-srg.jar%23271!/:?]
	at net.minecraft.world.item.crafting.ShapedRecipe$Serializer.m_6729_(ShapedRecipe.java:301) ~[server-1.20.1-20230612.114412-srg.jar%23271!/:?]
	at net.minecraftforge.common.extensions.IForgeRecipeSerializer.fromJson(IForgeRecipeSerializer.java:23) ~[forge-1.20.1-47.3.7-universal.jar%23276!/:?]
	at net.minecraft.world.item.crafting.RecipeManager.fromJson(RecipeManager.java:171) ~[server-1.20.1-20230612.114412-srg.jar%23271!/:?]
	at net.minecraft.world.item.crafting.RecipeManager.m_5787_(RecipeManager.java:67) ~[server-1.20.1-20230612.114412-srg.jar%23271!/:?]
	at net.minecraft.world.item.crafting.RecipeManager.m_5787_(RecipeManager.java:34) ~[server-1.20.1-20230612.114412-srg.jar%23271!/:?]
	at net.minecraft.server.packs.resources.SimplePreparableReloadListener.m_10789_(SimplePreparableReloadListener.java:13) ~[server-1.20.1-20230612.114412-srg.jar%23271!/:?]
	at java.util.concurrent.CompletableFuture$UniAccept.tryFire(CompletableFuture.java:718) ~[?:?]
	at java.util.concurrent.CompletableFuture$Completion.run(CompletableFuture.java:482) ~[?:?]
	at net.minecraft.server.packs.resources.SimpleReloadInstance.m_143940_(SimpleReloadInstance.java:69) ~[server-1.20.1-20230612.114412-srg.jar%23271!/:?]
	at net.minecraft.Util.m_214652_(Util.java:783) ~[server-1.20.1-20230612.114412-srg.jar%23271!/:?]
	at net.minecraft.Util.m_214679_(Util.java:772) ~[server-1.20.1-20230612.114412-srg.jar%23271!/:?]
	at net.minecraft.server.Main.main(Main.java:166) ~[server-1.20.1-20230612.114412-srg.jar%23271!/:?]
	at jdk.internal.reflect.NativeMethodAccessorImpl.invoke0(Native Method) ~[?:?]
	at jdk.internal.reflect.NativeMethodAccessorImpl.invoke(NativeMethodAccessorImpl.java:77) ~[?:?]
	at jdk.internal.reflect.DelegatingMethodAccessorImpl.invoke(DelegatingMethodAccessorImpl.java:43) ~[?:?]
	at java.lang.reflect.Method.invoke(Method.java:569) ~[?:?]
	at net.minecraftforge.fml.loading.targets.CommonLaunchHandler.runTarget(CommonLaunchHandler.java:111) ~[fmlloader-1.20.1-47.3.7.jar%2369!/:?]
	at net.minecraftforge.fml.loading.targets.CommonLaunchHandler.serverService(CommonLaunchHandler.java:103) ~[fmlloader-1.20.1-47.3.7.jar%2369!/:?]
	at net.minecraftforge.fml.loading.targets.CommonServerLaunchHandler.lambda$makeService$0(CommonServerLaunchHandler.java:27) ~[fmlloader-1.20.1-47.3.7.jar%2369!/:?]
	at cpw.mods.modlauncher.LaunchServiceHandlerDecorator.launch(LaunchServiceHandlerDecorator.java:30) ~[modlauncher-10.0.9.jar%2355!/:?]
	at cpw.mods.modlauncher.LaunchServiceHandler.launch(LaunchServiceHandler.java:53) ~[modlauncher-10.0.9.jar%2355!/:?]
	at cpw.mods.modlauncher.LaunchServiceHandler.launch(LaunchServiceHandler.java:71) ~[modlauncher-10.0.9.jar%2355!/:?]
	at cpw.mods.modlauncher.Launcher.run(Launcher.java:108) ~[modlauncher-10.0.9.jar%2355!/:?]
	at cpw.mods.modlauncher.Launcher.main(Launcher.java:78) ~[modlauncher-10.0.9.jar%2355!/:?]
	at cpw.mods.modlauncher.BootstrapLaunchConsumer.accept(BootstrapLaunchConsumer.java:26) ~[modlauncher-10.0.9.jar%2355!/:?]
	at cpw.mods.modlauncher.BootstrapLaunchConsumer.accept(BootstrapLaunchConsumer.java:23) ~[modlauncher-10.0.9.jar%2355!/:?]
	at cpw.mods.bootstraplauncher.BootstrapLauncher.main(BootstrapLauncher.java:141) ~[bootstraplauncher-1.1.2.jar:?]
[02Aug2025 00:49:40.357] [main/ERROR] [net.minecraft.world.item.crafting.RecipeManager/]: Parsing error loading recipe legendary_monsters:ancient_dripstone_brick_stairs_left
com.google.gson.JsonSyntaxException: Unknown item 'legendary_monsters:ancient_dripstone_brick'
	at net.minecraft.world.item.crafting.ShapedRecipe.m_151280_(ShapedRecipe.java:292) ~[server-1.20.1-20230612.114412-srg.jar%23271!/:?]
	at java.util.Optional.orElseThrow(Optional.java:403) ~[?:?]
	at net.minecraft.world.item.crafting.ShapedRecipe.m_151278_(ShapedRecipe.java:291) ~[server-1.20.1-20230612.114412-srg.jar%23271!/:?]
	at net.minecraft.world.item.crafting.Ingredient.m_43919_(Ingredient.java:219) ~[server-1.20.1-20230612.114412-srg.jar%23271!/:?]
	at net.minecraftforge.common.crafting.VanillaIngredientSerializer.parse(VanillaIngredientSerializer.java:27) ~[forge-1.20.1-47.3.7-universal.jar%23276!/:?]
	at net.minecraftforge.common.crafting.CraftingHelper.getIngredient(CraftingHelper.java:148) ~[forge-1.20.1-47.3.7-universal.jar%23276!/:?]
	at net.minecraft.world.item.crafting.Ingredient.m_288218_(Ingredient.java:194) ~[server-1.20.1-20230612.114412-srg.jar%23271!/:?]
	at net.minecraft.world.item.crafting.ShapedRecipe.m_44210_(ShapedRecipe.java:278) ~[server-1.20.1-20230612.114412-srg.jar%23271!/:?]
	at net.minecraft.world.item.crafting.ShapedRecipe$Serializer.m_6729_(ShapedRecipe.java:306) ~[server-1.20.1-20230612.114412-srg.jar%23271!/:?]
	at net.minecraft.world.item.crafting.ShapedRecipe$Serializer.m_6729_(ShapedRecipe.java:301) ~[server-1.20.1-20230612.114412-srg.jar%23271!/:?]
	at net.minecraftforge.common.extensions.IForgeRecipeSerializer.fromJson(IForgeRecipeSerializer.java:23) ~[forge-1.20.1-47.3.7-universal.jar%23276!/:?]
	at net.minecraft.world.item.crafting.RecipeManager.fromJson(RecipeManager.java:171) ~[server-1.20.1-20230612.114412-srg.jar%23271!/:?]
	at net.minecraft.world.item.crafting.RecipeManager.m_5787_(RecipeManager.java:67) ~[server-1.20.1-20230612.114412-srg.jar%23271!/:?]
	at net.minecraft.world.item.crafting.RecipeManager.m_5787_(RecipeManager.java:34) ~[server-1.20.1-20230612.114412-srg.jar%23271!/:?]
	at net.minecraft.server.packs.resources.SimplePreparableReloadListener.m_10789_(SimplePreparableReloadListener.java:13) ~[server-1.20.1-20230612.114412-srg.jar%23271!/:?]
	at java.util.concurrent.CompletableFuture$UniAccept.tryFire(CompletableFuture.java:718) ~[?:?]
	at java.util.concurrent.CompletableFuture$Completion.run(CompletableFuture.java:482) ~[?:?]
	at net.minecraft.server.packs.resources.SimpleReloadInstance.m_143940_(SimpleReloadInstance.java:69) ~[server-1.20.1-20230612.114412-srg.jar%23271!/:?]
	at net.minecraft.Util.m_214652_(Util.java:783) ~[server-1.20.1-20230612.114412-srg.jar%23271!/:?]
	at net.minecraft.Util.m_214679_(Util.java:772) ~[server-1.20.1-20230612.114412-srg.jar%23271!/:?]
	at net.minecraft.server.Main.main(Main.java:166) ~[server-1.20.1-20230612.114412-srg.jar%23271!/:?]
	at jdk.internal.reflect.NativeMethodAccessorImpl.invoke0(Native Method) ~[?:?]
	at jdk.internal.reflect.NativeMethodAccessorImpl.invoke(NativeMethodAccessorImpl.java:77) ~[?:?]
	at jdk.internal.reflect.DelegatingMethodAccessorImpl.invoke(DelegatingMethodAccessorImpl.java:43) ~[?:?]
	at java.lang.reflect.Method.invoke(Method.java:569) ~[?:?]
	at net.minecraftforge.fml.loading.targets.CommonLaunchHandler.runTarget(CommonLaunchHandler.java:111) ~[fmlloader-1.20.1-47.3.7.jar%2369!/:?]
	at net.minecraftforge.fml.loading.targets.CommonLaunchHandler.serverService(CommonLaunchHandler.java:103) ~[fmlloader-1.20.1-47.3.7.jar%2369!/:?]
	at net.minecraftforge.fml.loading.targets.CommonServerLaunchHandler.lambda$makeService$0(CommonServerLaunchHandler.java:27) ~[fmlloader-1.20.1-47.3.7.jar%2369!/:?]
	at cpw.mods.modlauncher.LaunchServiceHandlerDecorator.launch(LaunchServiceHandlerDecorator.java:30) ~[modlauncher-10.0.9.jar%2355!/:?]
	at cpw.mods.modlauncher.LaunchServiceHandler.launch(LaunchServiceHandler.java:53) ~[modlauncher-10.0.9.jar%2355!/:?]
	at cpw.mods.modlauncher.LaunchServiceHandler.launch(LaunchServiceHandler.java:71) ~[modlauncher-10.0.9.jar%2355!/:?]
	at cpw.mods.modlauncher.Launcher.run(Launcher.java:108) ~[modlauncher-10.0.9.jar%2355!/:?]
	at cpw.mods.modlauncher.Launcher.main(Launcher.java:78) ~[modlauncher-10.0.9.jar%2355!/:?]
	at cpw.mods.modlauncher.BootstrapLaunchConsumer.accept(BootstrapLaunchConsumer.java:26) ~[modlauncher-10.0.9.jar%2355!/:?]
	at cpw.mods.modlauncher.BootstrapLaunchConsumer.accept(BootstrapLaunchConsumer.java:23) ~[modlauncher-10.0.9.jar%2355!/:?]
	at cpw.mods.bootstraplauncher.BootstrapLauncher.main(BootstrapLauncher.java:141) ~[bootstraplauncher-1.1.2.jar:?]
[02Aug2025 00:49:40.359] [main/ERROR] [net.minecraft.world.item.crafting.RecipeManager/]: Parsing error loading recipe farmersdelight:cutting/azure_stem
com.google.gson.JsonSyntaxException: Invalid or unsupported recipe type 'farmersdelight:cutting'
	at net.minecraft.world.item.crafting.RecipeManager.m_220253_(RecipeManager.java:170) ~[server-1.20.1-20230612.114412-srg.jar%23271!/:?]
	at java.util.Optional.orElseThrow(Optional.java:403) ~[?:?]
	at net.minecraft.world.item.crafting.RecipeManager.fromJson(RecipeManager.java:169) ~[server-1.20.1-20230612.114412-srg.jar%23271!/:?]
	at net.minecraft.world.item.crafting.RecipeManager.m_5787_(RecipeManager.java:67) ~[server-1.20.1-20230612.114412-srg.jar%23271!/:?]
	at net.minecraft.world.item.crafting.RecipeManager.m_5787_(RecipeManager.java:34) ~[server-1.20.1-20230612.114412-srg.jar%23271!/:?]
	at net.minecraft.server.packs.resources.SimplePreparableReloadListener.m_10789_(SimplePreparableReloadListener.java:13) ~[server-1.20.1-20230612.114412-srg.jar%23271!/:?]
	at java.util.concurrent.CompletableFuture$UniAccept.tryFire(CompletableFuture.java:718) ~[?:?]
	at java.util.concurrent.CompletableFuture$Completion.run(CompletableFuture.java:482) ~[?:?]
	at net.minecraft.server.packs.resources.SimpleReloadInstance.m_143940_(SimpleReloadInstance.java:69) ~[server-1.20.1-20230612.114412-srg.jar%23271!/:?]
	at net.minecraft.Util.m_214652_(Util.java:783) ~[server-1.20.1-20230612.114412-srg.jar%23271!/:?]
	at net.minecraft.Util.m_214679_(Util.java:772) ~[server-1.20.1-20230612.114412-srg.jar%23271!/:?]
	at net.minecraft.server.Main.main(Main.java:166) ~[server-1.20.1-20230612.114412-srg.jar%23271!/:?]
	at jdk.internal.reflect.NativeMethodAccessorImpl.invoke0(Native Method) ~[?:?]
	at jdk.internal.reflect.NativeMethodAccessorImpl.invoke(NativeMethodAccessorImpl.java:77) ~[?:?]
	at jdk.internal.reflect.DelegatingMethodAccessorImpl.invoke(DelegatingMethodAccessorImpl.java:43) ~[?:?]
	at java.lang.reflect.Method.invoke(Method.java:569) ~[?:?]
	at net.minecraftforge.fml.loading.targets.CommonLaunchHandler.runTarget(CommonLaunchHandler.java:111) ~[fmlloader-1.20.1-47.3.7.jar%2369!/:?]
	at net.minecraftforge.fml.loading.targets.CommonLaunchHandler.serverService(CommonLaunchHandler.java:103) ~[fmlloader-1.20.1-47.3.7.jar%2369!/:?]
	at net.minecraftforge.fml.loading.targets.CommonServerLaunchHandler.lambda$makeService$0(CommonServerLaunchHandler.java:27) ~[fmlloader-1.20.1-47.3.7.jar%2369!/:?]
	at cpw.mods.modlauncher.LaunchServiceHandlerDecorator.launch(LaunchServiceHandlerDecorator.java:30) ~[modlauncher-10.0.9.jar%2355!/:?]
	at cpw.mods.modlauncher.LaunchServiceHandler.launch(LaunchServiceHandler.java:53) ~[modlauncher-10.0.9.jar%2355!/:?]
	at cpw.mods.modlauncher.LaunchServiceHandler.launch(LaunchServiceHandler.java:71) ~[modlauncher-10.0.9.jar%2355!/:?]
	at cpw.mods.modlauncher.Launcher.run(Launcher.java:108) ~[modlauncher-10.0.9.jar%2355!/:?]
	at cpw.mods.modlauncher.Launcher.main(Launcher.java:78) ~[modlauncher-10.0.9.jar%2355!/:?]
	at cpw.mods.modlauncher.BootstrapLaunchConsumer.accept(BootstrapLaunchConsumer.java:26) ~[modlauncher-10.0.9.jar%2355!/:?]
	at cpw.mods.modlauncher.BootstrapLaunchConsumer.accept(BootstrapLaunchConsumer.java:23) ~[modlauncher-10.0.9.jar%2355!/:?]
	at cpw.mods.bootstraplauncher.BootstrapLauncher.main(BootstrapLauncher.java:141) ~[bootstraplauncher-1.1.2.jar:?]
[02Aug2025 00:49:40.360] [main/ERROR] [net.minecraft.world.item.crafting.RecipeManager/]: Parsing error loading recipe famersdelight:adamantite_knife_smithing
com.google.gson.JsonSyntaxException: Invalid or unsupported recipe type 'minecraft:smithing'
	at net.minecraft.world.item.crafting.RecipeManager.m_220253_(RecipeManager.java:170) ~[server-1.20.1-20230612.114412-srg.jar%23271!/:?]
	at java.util.Optional.orElseThrow(Optional.java:403) ~[?:?]
	at net.minecraft.world.item.crafting.RecipeManager.fromJson(RecipeManager.java:169) ~[server-1.20.1-20230612.114412-srg.jar%23271!/:?]
	at net.minecraft.world.item.crafting.RecipeManager.m_5787_(RecipeManager.java:67) ~[server-1.20.1-20230612.114412-srg.jar%23271!/:?]
	at net.minecraft.world.item.crafting.RecipeManager.m_5787_(RecipeManager.java:34) ~[server-1.20.1-20230612.114412-srg.jar%23271!/:?]
	at net.minecraft.server.packs.resources.SimplePreparableReloadListener.m_10789_(SimplePreparableReloadListener.java:13) ~[server-1.20.1-20230612.114412-srg.jar%23271!/:?]
	at java.util.concurrent.CompletableFuture$UniAccept.tryFire(CompletableFuture.java:718) ~[?:?]
	at java.util.concurrent.CompletableFuture$Completion.run(CompletableFuture.java:482) ~[?:?]
	at net.minecraft.server.packs.resources.SimpleReloadInstance.m_143940_(SimpleReloadInstance.java:69) ~[server-1.20.1-20230612.114412-srg.jar%23271!/:?]
	at net.minecraft.Util.m_214652_(Util.java:783) ~[server-1.20.1-20230612.114412-srg.jar%23271!/:?]
	at net.minecraft.Util.m_214679_(Util.java:772) ~[server-1.20.1-20230612.114412-srg.jar%23271!/:?]
	at net.minecraft.server.Main.main(Main.java:166) ~[server-1.20.1-20230612.114412-srg.jar%23271!/:?]
	at jdk.internal.reflect.NativeMethodAccessorImpl.invoke0(Native Method) ~[?:?]
	at jdk.internal.reflect.NativeMethodAccessorImpl.invoke(NativeMethodAccessorImpl.java:77) ~[?:?]
	at jdk.internal.reflect.DelegatingMethodAccessorImpl.invoke(DelegatingMethodAccessorImpl.java:43) ~[?:?]
	at java.lang.reflect.Method.invoke(Method.java:569) ~[?:?]
	at net.minecraftforge.fml.loading.targets.CommonLaunchHandler.runTarget(CommonLaunchHandler.java:111) ~[fmlloader-1.20.1-47.3.7.jar%2369!/:?]
	at net.minecraftforge.fml.loading.targets.CommonLaunchHandler.serverService(CommonLaunchHandler.java:103) ~[fmlloader-1.20.1-47.3.7.jar%2369!/:?]
	at net.minecraftforge.fml.loading.targets.CommonServerLaunchHandler.lambda$makeService$0(CommonServerLaunchHandler.java:27) ~[fmlloader-1.20.1-47.3.7.jar%2369!/:?]
	at cpw.mods.modlauncher.LaunchServiceHandlerDecorator.launch(LaunchServiceHandlerDecorator.java:30) ~[modlauncher-10.0.9.jar%2355!/:?]
	at cpw.mods.modlauncher.LaunchServiceHandler.launch(LaunchServiceHandler.java:53) ~[modlauncher-10.0.9.jar%2355!/:?]
	at cpw.mods.modlauncher.LaunchServiceHandler.launch(LaunchServiceHandler.java:71) ~[modlauncher-10.0.9.jar%2355!/:?]
	at cpw.mods.modlauncher.Launcher.run(Launcher.java:108) ~[modlauncher-10.0.9.jar%2355!/:?]
	at cpw.mods.modlauncher.Launcher.main(Launcher.java:78) ~[modlauncher-10.0.9.jar%2355!/:?]
	at cpw.mods.modlauncher.BootstrapLaunchConsumer.accept(BootstrapLaunchConsumer.java:26) ~[modlauncher-10.0.9.jar%2355!/:?]
	at cpw.mods.modlauncher.BootstrapLaunchConsumer.accept(BootstrapLaunchConsumer.java:23) ~[modlauncher-10.0.9.jar%2355!/:?]
	at cpw.mods.bootstraplauncher.BootstrapLauncher.main(BootstrapLauncher.java:141) ~[bootstraplauncher-1.1.2.jar:?]
[02Aug2025 00:49:40.361] [Thread-1/DEBUG] [net.minecraftforge.fml.config.ConfigFileTypeHandler/CONFIG]: Config file sophisticatedcore-common.toml changed, sending notifies
[02Aug2025 00:49:40.361] [Thread-1/DEBUG] [net.minecraftforge.fml.config.ConfigFileTypeHandler/CONFIG]: Config file sophisticatedcore-common.toml changed, sending notifies
[02Aug2025 00:49:40.365] [Thread-1/DEBUG] [net.minecraftforge.fml.config.ConfigFileTypeHandler/CONFIG]: Config file sophisticatedcore-common.toml changed, sending notifies
[02Aug2025 00:49:40.366] [main/INFO] [net.minecraft.world.item.crafting.RecipeManager/]: Skipping loading recipe endergetic:cracked_eumus_bricks_from_baking as it's serializer returned null
[02Aug2025 00:49:40.366] [Thread-1/DEBUG] [net.minecraftforge.fml.config.ConfigFileTypeHandler/CONFIG]: Config file sophisticatedcore-common.toml changed, sending notifies
[02Aug2025 00:49:40.366] [main/INFO] [net.minecraft.world.item.crafting.RecipeManager/]: Skipping loading recipe outer_end:violite/mossy_bricks/vertical_slab as it's serializer returned null
[02Aug2025 00:49:40.367] [main/ERROR] [net.minecraft.world.item.crafting.RecipeManager/]: Parsing error loading recipe legendary_monsters:purified_soul
com.google.gson.JsonSyntaxException: Invalid or unsupported recipe type 'minecraft:brewing'
	at net.minecraft.world.item.crafting.RecipeManager.m_220253_(RecipeManager.java:170) ~[server-1.20.1-20230612.114412-srg.jar%23271!/:?]
	at java.util.Optional.orElseThrow(Optional.java:403) ~[?:?]
	at net.minecraft.world.item.crafting.RecipeManager.fromJson(RecipeManager.java:169) ~[server-1.20.1-20230612.114412-srg.jar%23271!/:?]
	at net.minecraft.world.item.crafting.RecipeManager.m_5787_(RecipeManager.java:67) ~[server-1.20.1-20230612.114412-srg.jar%23271!/:?]
	at net.minecraft.world.item.crafting.RecipeManager.m_5787_(RecipeManager.java:34) ~[server-1.20.1-20230612.114412-srg.jar%23271!/:?]
	at net.minecraft.server.packs.resources.SimplePreparableReloadListener.m_10789_(SimplePreparableReloadListener.java:13) ~[server-1.20.1-20230612.114412-srg.jar%23271!/:?]
	at java.util.concurrent.CompletableFuture$UniAccept.tryFire(CompletableFuture.java:718) ~[?:?]
	at java.util.concurrent.CompletableFuture$Completion.run(CompletableFuture.java:482) ~[?:?]
	at net.minecraft.server.packs.resources.SimpleReloadInstance.m_143940_(SimpleReloadInstance.java:69) ~[server-1.20.1-20230612.114412-srg.jar%23271!/:?]
	at net.minecraft.Util.m_214652_(Util.java:783) ~[server-1.20.1-20230612.114412-srg.jar%23271!/:?]
	at net.minecraft.Util.m_214679_(Util.java:772) ~[server-1.20.1-20230612.114412-srg.jar%23271!/:?]
	at net.minecraft.server.Main.main(Main.java:166) ~[server-1.20.1-20230612.114412-srg.jar%23271!/:?]
	at jdk.internal.reflect.NativeMethodAccessorImpl.invoke0(Native Method) ~[?:?]
	at jdk.internal.reflect.NativeMethodAccessorImpl.invoke(NativeMethodAccessorImpl.java:77) ~[?:?]
	at jdk.internal.reflect.DelegatingMethodAccessorImpl.invoke(DelegatingMethodAccessorImpl.java:43) ~[?:?]
	at java.lang.reflect.Method.invoke(Method.java:569) ~[?:?]
	at net.minecraftforge.fml.loading.targets.CommonLaunchHandler.runTarget(CommonLaunchHandler.java:111) ~[fmlloader-1.20.1-47.3.7.jar%2369!/:?]
	at net.minecraftforge.fml.loading.targets.CommonLaunchHandler.serverService(CommonLaunchHandler.java:103) ~[fmlloader-1.20.1-47.3.7.jar%2369!/:?]
	at net.minecraftforge.fml.loading.targets.CommonServerLaunchHandler.lambda$makeService$0(CommonServerLaunchHandler.java:27) ~[fmlloader-1.20.1-47.3.7.jar%2369!/:?]
	at cpw.mods.modlauncher.LaunchServiceHandlerDecorator.launch(LaunchServiceHandlerDecorator.java:30) ~[modlauncher-10.0.9.jar%2355!/:?]
	at cpw.mods.modlauncher.LaunchServiceHandler.launch(LaunchServiceHandler.java:53) ~[modlauncher-10.0.9.jar%2355!/:?]
	at cpw.mods.modlauncher.LaunchServiceHandler.launch(LaunchServiceHandler.java:71) ~[modlauncher-10.0.9.jar%2355!/:?]
	at cpw.mods.modlauncher.Launcher.run(Launcher.java:108) ~[modlauncher-10.0.9.jar%2355!/:?]
	at cpw.mods.modlauncher.Launcher.main(Launcher.java:78) ~[modlauncher-10.0.9.jar%2355!/:?]
	at cpw.mods.modlauncher.BootstrapLaunchConsumer.accept(BootstrapLaunchConsumer.java:26) ~[modlauncher-10.0.9.jar%2355!/:?]
	at cpw.mods.modlauncher.BootstrapLaunchConsumer.accept(BootstrapLaunchConsumer.java:23) ~[modlauncher-10.0.9.jar%2355!/:?]
	at cpw.mods.bootstraplauncher.BootstrapLauncher.main(BootstrapLauncher.java:141) ~[bootstraplauncher-1.1.2.jar:?]
[02Aug2025 00:49:40.369] [main/INFO] [net.minecraft.world.item.crafting.RecipeManager/]: Skipping loading recipe endergetic:poise_boards as it's serializer returned null
[02Aug2025 00:49:40.370] [Thread-1/DEBUG] [net.minecraftforge.fml.config.ConfigFileTypeHandler/CONFIG]: Config file sophisticatedcore-common.toml changed, sending notifies
[02Aug2025 00:49:40.371] [Thread-1/DEBUG] [net.minecraftforge.fml.config.ConfigFileTypeHandler/CONFIG]: Config file sophisticatedcore-common.toml changed, sending notifies
[02Aug2025 00:49:40.372] [main/INFO] [net.minecraft.world.item.crafting.RecipeManager/]: Skipping loading recipe endergetic:poise_sign_from_poise_stems_sawing as it's serializer returned null
[02Aug2025 00:49:40.373] [main/INFO] [net.minecraft.world.item.crafting.RecipeManager/]: Skipping loading recipe endergetic:poise_boards_from_poise_stems_sawing as it's serializer returned null
[02Aug2025 00:49:40.373] [Thread-1/DEBUG] [net.minecraftforge.fml.config.ConfigFileTypeHandler/CONFIG]: Config file sophisticatedcore-common.toml changed, sending notifies
[02Aug2025 00:49:40.374] [Thread-1/DEBUG] [net.minecraftforge.fml.config.ConfigFileTypeHandler/CONFIG]: Config file sophisticatedcore-common.toml changed, sending notifies
[02Aug2025 00:49:40.374] [main/INFO] [net.minecraft.world.item.crafting.RecipeManager/]: Skipping loading recipe outer_end:violite/tiles/slab_from_vertical_slab as it's serializer returned null
[02Aug2025 00:49:40.375] [Thread-1/DEBUG] [net.minecraftforge.fml.config.ConfigFileTypeHandler/CONFIG]: Config file sophisticatedcore-common.toml changed, sending notifies
[02Aug2025 00:49:40.375] [main/ERROR] [net.minecraft.world.item.crafting.RecipeManager/]: Parsing error loading recipe legendary_monsters:dinosaur_bone_meal
com.google.gson.JsonSyntaxException: Unknown item 'legendary_monsters:dinosaur_bone_meal'
	at net.minecraftforge.common.crafting.CraftingHelper.getItem(CraftingHelper.java:160) ~[forge-1.20.1-47.3.7-universal.jar%23276!/:?]
	at net.minecraftforge.common.crafting.CraftingHelper.getItemStack(CraftingHelper.java:186) ~[forge-1.20.1-47.3.7-universal.jar%23276!/:?]
	at net.minecraft.world.item.crafting.ShapedRecipe.m_151274_(ShapedRecipe.java:286) ~[server-1.20.1-20230612.114412-srg.jar%23271!/:?]
	at net.minecraft.world.item.crafting.ShapedRecipe$Serializer.m_6729_(ShapedRecipe.java:311) ~[server-1.20.1-20230612.114412-srg.jar%23271!/:?]
	at net.minecraft.world.item.crafting.ShapedRecipe$Serializer.m_6729_(ShapedRecipe.java:301) ~[server-1.20.1-20230612.114412-srg.jar%23271!/:?]
	at net.minecraftforge.common.extensions.IForgeRecipeSerializer.fromJson(IForgeRecipeSerializer.java:23) ~[forge-1.20.1-47.3.7-universal.jar%23276!/:?]
	at net.minecraft.world.item.crafting.RecipeManager.fromJson(RecipeManager.java:171) ~[server-1.20.1-20230612.114412-srg.jar%23271!/:?]
	at net.minecraft.world.item.crafting.RecipeManager.m_5787_(RecipeManager.java:67) ~[server-1.20.1-20230612.114412-srg.jar%23271!/:?]
	at net.minecraft.world.item.crafting.RecipeManager.m_5787_(RecipeManager.java:34) ~[server-1.20.1-20230612.114412-srg.jar%23271!/:?]
	at net.minecraft.server.packs.resources.SimplePreparableReloadListener.m_10789_(SimplePreparableReloadListener.java:13) ~[server-1.20.1-20230612.114412-srg.jar%23271!/:?]
	at java.util.concurrent.CompletableFuture$UniAccept.tryFire(CompletableFuture.java:718) ~[?:?]
	at java.util.concurrent.CompletableFuture$Completion.run(CompletableFuture.java:482) ~[?:?]
	at net.minecraft.server.packs.resources.SimpleReloadInstance.m_143940_(SimpleReloadInstance.java:69) ~[server-1.20.1-20230612.114412-srg.jar%23271!/:?]
	at net.minecraft.Util.m_214652_(Util.java:783) ~[server-1.20.1-20230612.114412-srg.jar%23271!/:?]
	at net.minecraft.Util.m_214679_(Util.java:772) ~[server-1.20.1-20230612.114412-srg.jar%23271!/:?]
	at net.minecraft.server.Main.main(Main.java:166) ~[server-1.20.1-20230612.114412-srg.jar%23271!/:?]
	at jdk.internal.reflect.NativeMethodAccessorImpl.invoke0(Native Method) ~[?:?]
	at jdk.internal.reflect.NativeMethodAccessorImpl.invoke(NativeMethodAccessorImpl.java:77) ~[?:?]
	at jdk.internal.reflect.DelegatingMethodAccessorImpl.invoke(DelegatingMethodAccessorImpl.java:43) ~[?:?]
	at java.lang.reflect.Method.invoke(Method.java:569) ~[?:?]
	at net.minecraftforge.fml.loading.targets.CommonLaunchHandler.runTarget(CommonLaunchHandler.java:111) ~[fmlloader-1.20.1-47.3.7.jar%2369!/:?]
	at net.minecraftforge.fml.loading.targets.CommonLaunchHandler.serverService(CommonLaunchHandler.java:103) ~[fmlloader-1.20.1-47.3.7.jar%2369!/:?]
	at net.minecraftforge.fml.loading.targets.CommonServerLaunchHandler.lambda$makeService$0(CommonServerLaunchHandler.java:27) ~[fmlloader-1.20.1-47.3.7.jar%2369!/:?]
	at cpw.mods.modlauncher.LaunchServiceHandlerDecorator.launch(LaunchServiceHandlerDecorator.java:30) ~[modlauncher-10.0.9.jar%2355!/:?]
	at cpw.mods.modlauncher.LaunchServiceHandler.launch(LaunchServiceHandler.java:53) ~[modlauncher-10.0.9.jar%2355!/:?]
	at cpw.mods.modlauncher.LaunchServiceHandler.launch(LaunchServiceHandler.java:71) ~[modlauncher-10.0.9.jar%2355!/:?]
	at cpw.mods.modlauncher.Launcher.run(Launcher.java:108) ~[modlauncher-10.0.9.jar%2355!/:?]
	at cpw.mods.modlauncher.Launcher.main(Launcher.java:78) ~[modlauncher-10.0.9.jar%2355!/:?]
	at cpw.mods.modlauncher.BootstrapLaunchConsumer.accept(BootstrapLaunchConsumer.java:26) ~[modlauncher-10.0.9.jar%2355!/:?]
	at cpw.mods.modlauncher.BootstrapLaunchConsumer.accept(BootstrapLaunchConsumer.java:23) ~[modlauncher-10.0.9.jar%2355!/:?]
	at cpw.mods.bootstraplauncher.BootstrapLauncher.main(BootstrapLauncher.java:141) ~[bootstraplauncher-1.1.2.jar:?]
[02Aug2025 00:49:40.376] [main/INFO] [net.minecraft.world.item.crafting.RecipeManager/]: Skipping loading recipe outer_end:azure_vertical_slab as it's serializer returned null
[02Aug2025 00:49:40.377] [main/INFO] [net.minecraft.world.item.crafting.RecipeManager/]: Skipping loading recipe endergetic:poise_stairs_from_poise_stems_sawing as it's serializer returned null
[02Aug2025 00:49:40.378] [Thread-1/DEBUG] [net.minecraftforge.fml.config.ConfigFileTypeHandler/CONFIG]: Config file sophisticatedcore-common.toml changed, sending notifies
[02Aug2025 00:49:40.378] [main/INFO] [net.minecraft.world.item.crafting.RecipeManager/]: Skipping loading recipe endergetic:poise_button_from_poise_planks_sawing as it's serializer returned null
[02Aug2025 00:49:40.379] [Thread-1/DEBUG] [net.minecraftforge.fml.config.ConfigFileTypeHandler/CONFIG]: Config file sophisticatedcore-common.toml changed, sending notifies
[02Aug2025 00:49:40.380] [main/INFO] [net.minecraft.world.item.crafting.RecipeManager/]: Skipping loading recipe outer_end:himmel_vertical_to_slab as it's serializer returned null
[02Aug2025 00:49:40.380] [Thread-1/DEBUG] [net.minecraftforge.fml.config.ConfigFileTypeHandler/CONFIG]: Config file sophisticatedcore-common.toml changed, sending notifies
[02Aug2025 00:49:40.381] [Thread-1/DEBUG] [net.minecraftforge.fml.config.ConfigFileTypeHandler/CONFIG]: Config file sophisticatedcore-common.toml changed, sending notifies
[02Aug2025 00:49:40.382] [main/INFO] [net.minecraft.world.item.crafting.RecipeManager/]: Skipping loading recipe endergetic:poise_bookshelf as it's serializer returned null
[02Aug2025 00:49:40.384] [Thread-1/DEBUG] [net.minecraftforge.fml.config.ConfigFileTypeHandler/CONFIG]: Config file sophisticatedcore-common.toml changed, sending notifies
[02Aug2025 00:49:40.384] [main/INFO] [net.minecraft.world.item.crafting.RecipeManager/]: Skipping loading recipe endergetic:poise_boards_from_poise_planks_sawing as it's serializer returned null
[02Aug2025 00:49:40.385] [Thread-1/DEBUG] [net.minecraftforge.fml.config.ConfigFileTypeHandler/CONFIG]: Config file sophisticatedcore-common.toml changed, sending notifies
[02Aug2025 00:49:40.389] [Thread-1/DEBUG] [net.minecraftforge.fml.config.ConfigFileTypeHandler/CONFIG]: Config file sophisticatedcore-common.toml changed, sending notifies
[02Aug2025 00:49:40.389] [Thread-1/DEBUG] [net.minecraftforge.fml.config.ConfigFileTypeHandler/CONFIG]: Config file sophisticatedcore-common.toml changed, sending notifies
[02Aug2025 00:49:40.389] [main/INFO] [net.minecraft.world.item.crafting.RecipeManager/]: Skipping loading recipe endergetic:poise_pressure_plate_from_poise_stems_sawing as it's serializer returned null
[02Aug2025 00:49:40.390] [main/INFO] [net.minecraft.world.item.crafting.RecipeManager/]: Skipping loading recipe outer_end:azure_vertical_planks as it's serializer returned null
[02Aug2025 00:49:40.392] [main/ERROR] [net.minecraft.world.item.crafting.RecipeManager/]: Parsing error loading recipe farmersdelight:cutting/azure_trapdoor
com.google.gson.JsonSyntaxException: Invalid or unsupported recipe type 'farmersdelight:cutting'
	at net.minecraft.world.item.crafting.RecipeManager.m_220253_(RecipeManager.java:170) ~[server-1.20.1-20230612.114412-srg.jar%23271!/:?]
	at java.util.Optional.orElseThrow(Optional.java:403) ~[?:?]
	at net.minecraft.world.item.crafting.RecipeManager.fromJson(RecipeManager.java:169) ~[server-1.20.1-20230612.114412-srg.jar%23271!/:?]
	at net.minecraft.world.item.crafting.RecipeManager.m_5787_(RecipeManager.java:67) ~[server-1.20.1-20230612.114412-srg.jar%23271!/:?]
	at net.minecraft.world.item.crafting.RecipeManager.m_5787_(RecipeManager.java:34) ~[server-1.20.1-20230612.114412-srg.jar%23271!/:?]
	at net.minecraft.server.packs.resources.SimplePreparableReloadListener.m_10789_(SimplePreparableReloadListener.java:13) ~[server-1.20.1-20230612.114412-srg.jar%23271!/:?]
	at java.util.concurrent.CompletableFuture$UniAccept.tryFire(CompletableFuture.java:718) ~[?:?]
	at java.util.concurrent.CompletableFuture$Completion.run(CompletableFuture.java:482) ~[?:?]
	at net.minecraft.server.packs.resources.SimpleReloadInstance.m_143940_(SimpleReloadInstance.java:69) ~[server-1.20.1-20230612.114412-srg.jar%23271!/:?]
	at net.minecraft.Util.m_214652_(Util.java:783) ~[server-1.20.1-20230612.114412-srg.jar%23271!/:?]
	at net.minecraft.Util.m_214679_(Util.java:772) ~[server-1.20.1-20230612.114412-srg.jar%23271!/:?]
	at net.minecraft.server.Main.main(Main.java:166) ~[server-1.20.1-20230612.114412-srg.jar%23271!/:?]
	at jdk.internal.reflect.NativeMethodAccessorImpl.invoke0(Native Method) ~[?:?]
	at jdk.internal.reflect.NativeMethodAccessorImpl.invoke(NativeMethodAccessorImpl.java:77) ~[?:?]
	at jdk.internal.reflect.DelegatingMethodAccessorImpl.invoke(DelegatingMethodAccessorImpl.java:43) ~[?:?]
	at java.lang.reflect.Method.invoke(Method.java:569) ~[?:?]
	at net.minecraftforge.fml.loading.targets.CommonLaunchHandler.runTarget(CommonLaunchHandler.java:111) ~[fmlloader-1.20.1-47.3.7.jar%2369!/:?]
	at net.minecraftforge.fml.loading.targets.CommonLaunchHandler.serverService(CommonLaunchHandler.java:103) ~[fmlloader-1.20.1-47.3.7.jar%2369!/:?]
	at net.minecraftforge.fml.loading.targets.CommonServerLaunchHandler.lambda$makeService$0(CommonServerLaunchHandler.java:27) ~[fmlloader-1.20.1-47.3.7.jar%2369!/:?]
	at cpw.mods.modlauncher.LaunchServiceHandlerDecorator.launch(LaunchServiceHandlerDecorator.java:30) ~[modlauncher-10.0.9.jar%2355!/:?]
	at cpw.mods.modlauncher.LaunchServiceHandler.launch(LaunchServiceHandler.java:53) ~[modlauncher-10.0.9.jar%2355!/:?]
	at cpw.mods.modlauncher.LaunchServiceHandler.launch(LaunchServiceHandler.java:71) ~[modlauncher-10.0.9.jar%2355!/:?]
	at cpw.mods.modlauncher.Launcher.run(Launcher.java:108) ~[modlauncher-10.0.9.jar%2355!/:?]
	at cpw.mods.modlauncher.Launcher.main(Launcher.java:78) ~[modlauncher-10.0.9.jar%2355!/:?]
	at cpw.mods.modlauncher.BootstrapLaunchConsumer.accept(BootstrapLaunchConsumer.java:26) ~[modlauncher-10.0.9.jar%2355!/:?]
	at cpw.mods.modlauncher.BootstrapLaunchConsumer.accept(BootstrapLaunchConsumer.java:23) ~[modlauncher-10.0.9.jar%2355!/:?]
	at cpw.mods.bootstraplauncher.BootstrapLauncher.main(BootstrapLauncher.java:141) ~[bootstraplauncher-1.1.2.jar:?]
[02Aug2025 00:49:40.393] [main/INFO] [net.minecraft.world.item.crafting.RecipeManager/]: Skipping loading recipe endergetic:poise_fence_from_poise_stems_sawing as it's serializer returned null
[02Aug2025 00:49:40.393] [main/INFO] [net.minecraft.world.item.crafting.RecipeManager/]: Skipping loading recipe endergetic:large_poise_boat as it's serializer returned null
[02Aug2025 00:49:40.396] [main/INFO] [net.minecraft.world.item.crafting.RecipeManager/]: Skipping loading recipe endergetic:poise_stairs_from_poise_planks_sawing as it's serializer returned null
[02Aug2025 00:49:40.397] [main/ERROR] [net.minecraft.world.item.crafting.RecipeManager/]: Parsing error loading recipe outer_end:azure_trapped_chest
com.google.gson.JsonSyntaxException: Unknown item 'outer_end:azure_chest'
	at net.minecraft.world.item.crafting.ShapedRecipe.m_151280_(ShapedRecipe.java:292) ~[server-1.20.1-20230612.114412-srg.jar%23271!/:?]
	at java.util.Optional.orElseThrow(Optional.java:403) ~[?:?]
	at net.minecraft.world.item.crafting.ShapedRecipe.m_151278_(ShapedRecipe.java:291) ~[server-1.20.1-20230612.114412-srg.jar%23271!/:?]
	at net.minecraft.world.item.crafting.Ingredient.m_43919_(Ingredient.java:219) ~[server-1.20.1-20230612.114412-srg.jar%23271!/:?]
	at net.minecraftforge.common.crafting.VanillaIngredientSerializer.parse(VanillaIngredientSerializer.java:27) ~[forge-1.20.1-47.3.7-universal.jar%23276!/:?]
	at net.minecraftforge.common.crafting.CraftingHelper.getIngredient(CraftingHelper.java:148) ~[forge-1.20.1-47.3.7-universal.jar%23276!/:?]
	at net.minecraft.world.item.crafting.Ingredient.m_288218_(Ingredient.java:194) ~[server-1.20.1-20230612.114412-srg.jar%23271!/:?]
	at net.minecraft.world.item.crafting.ShapelessRecipe$Serializer.m_44275_(ShapelessRecipe.java:104) ~[server-1.20.1-20230612.114412-srg.jar%23271!/:?]
	at net.minecraft.world.item.crafting.ShapelessRecipe$Serializer.m_6729_(ShapelessRecipe.java:89) ~[server-1.20.1-20230612.114412-srg.jar%23271!/:?]
	at net.minecraft.world.item.crafting.ShapelessRecipe$Serializer.m_6729_(ShapelessRecipe.java:84) ~[server-1.20.1-20230612.114412-srg.jar%23271!/:?]
	at net.minecraftforge.common.extensions.IForgeRecipeSerializer.fromJson(IForgeRecipeSerializer.java:23) ~[forge-1.20.1-47.3.7-universal.jar%23276!/:?]
	at net.minecraft.world.item.crafting.RecipeManager.fromJson(RecipeManager.java:171) ~[server-1.20.1-20230612.114412-srg.jar%23271!/:?]
	at net.minecraft.world.item.crafting.RecipeManager.m_5787_(RecipeManager.java:67) ~[server-1.20.1-20230612.114412-srg.jar%23271!/:?]
	at net.minecraft.world.item.crafting.RecipeManager.m_5787_(RecipeManager.java:34) ~[server-1.20.1-20230612.114412-srg.jar%23271!/:?]
	at net.minecraft.server.packs.resources.SimplePreparableReloadListener.m_10789_(SimplePreparableReloadListener.java:13) ~[server-1.20.1-20230612.114412-srg.jar%23271!/:?]
	at java.util.concurrent.CompletableFuture$UniAccept.tryFire(CompletableFuture.java:718) ~[?:?]
	at java.util.concurrent.CompletableFuture$Completion.run(CompletableFuture.java:482) ~[?:?]
	at net.minecraft.server.packs.resources.SimpleReloadInstance.m_143940_(SimpleReloadInstance.java:69) ~[server-1.20.1-20230612.114412-srg.jar%23271!/:?]
	at net.minecraft.Util.m_214652_(Util.java:783) ~[server-1.20.1-20230612.114412-srg.jar%23271!/:?]
	at net.minecraft.Util.m_214679_(Util.java:772) ~[server-1.20.1-20230612.114412-srg.jar%23271!/:?]
	at net.minecraft.server.Main.main(Main.java:166) ~[server-1.20.1-20230612.114412-srg.jar%23271!/:?]
	at jdk.internal.reflect.NativeMethodAccessorImpl.invoke0(Native Method) ~[?:?]
	at jdk.internal.reflect.NativeMethodAccessorImpl.invoke(NativeMethodAccessorImpl.java:77) ~[?:?]
	at jdk.internal.reflect.DelegatingMethodAccessorImpl.invoke(DelegatingMethodAccessorImpl.java:43) ~[?:?]
	at java.lang.reflect.Method.invoke(Method.java:569) ~[?:?]
	at net.minecraftforge.fml.loading.targets.CommonLaunchHandler.runTarget(CommonLaunchHandler.java:111) ~[fmlloader-1.20.1-47.3.7.jar%2369!/:?]
	at net.minecraftforge.fml.loading.targets.CommonLaunchHandler.serverService(CommonLaunchHandler.java:103) ~[fmlloader-1.20.1-47.3.7.jar%2369!/:?]
	at net.minecraftforge.fml.loading.targets.CommonServerLaunchHandler.lambda$makeService$0(CommonServerLaunchHandler.java:27) ~[fmlloader-1.20.1-47.3.7.jar%2369!/:?]
	at cpw.mods.modlauncher.LaunchServiceHandlerDecorator.launch(LaunchServiceHandlerDecorator.java:30) ~[modlauncher-10.0.9.jar%2355!/:?]
	at cpw.mods.modlauncher.LaunchServiceHandler.launch(LaunchServiceHandler.java:53) ~[modlauncher-10.0.9.jar%2355!/:?]
	at cpw.mods.modlauncher.LaunchServiceHandler.launch(LaunchServiceHandler.java:71) ~[modlauncher-10.0.9.jar%2355!/:?]
	at cpw.mods.modlauncher.Launcher.run(Launcher.java:108) ~[modlauncher-10.0.9.jar%2355!/:?]
	at cpw.mods.modlauncher.Launcher.main(Launcher.java:78) ~[modlauncher-10.0.9.jar%2355!/:?]
	at cpw.mods.modlauncher.BootstrapLaunchConsumer.accept(BootstrapLaunchConsumer.java:26) ~[modlauncher-10.0.9.jar%2355!/:?]
	at cpw.mods.modlauncher.BootstrapLaunchConsumer.accept(BootstrapLaunchConsumer.java:23) ~[modlauncher-10.0.9.jar%2355!/:?]
	at cpw.mods.bootstraplauncher.BootstrapLauncher.main(BootstrapLauncher.java:141) ~[bootstraplauncher-1.1.2.jar:?]
[02Aug2025 00:49:40.399] [main/INFO] [net.minecraft.world.item.crafting.RecipeManager/]: Skipping loading recipe endergetic:poise_ladder_from_poise_planks_sawing as it's serializer returned null
[02Aug2025 00:49:40.399] [main/INFO] [net.minecraft.world.item.crafting.RecipeManager/]: Skipping loading recipe endergetic:cracked_end_stone_bricks_from_baking as it's serializer returned null
[02Aug2025 00:49:40.401] [main/INFO] [net.minecraft.world.item.crafting.RecipeManager/]: Skipping loading recipe outer_end:violite/vertical_slab as it's serializer returned null
[02Aug2025 00:49:40.401] [main/INFO] [net.minecraft.world.item.crafting.RecipeManager/]: Skipping loading recipe endergetic:poise_ladder_from_poise_stems_sawing as it's serializer returned null
[02Aug2025 00:49:40.402] [main/INFO] [net.minecraft.world.item.crafting.RecipeManager/]: Skipping loading recipe endergetic:poise_chest as it's serializer returned null
[02Aug2025 00:49:40.405] [main/INFO] [net.minecraft.world.item.crafting.RecipeManager/]: Loaded 13 recipes
[02Aug2025 00:49:40.412] [main/DEBUG] [mixin/]: Mixing AdvancementBuilderMixin from blueprint.mixins.json into net.minecraft.advancements.Advancement$Builder
[02Aug2025 00:49:40.419] [main/INFO] [com.teamabnormals.blueprint.core.Blueprint/]: Advancement Modification Manager has loaded 5 modifier groups
[02Aug2025 00:49:40.475] [main/ERROR] [net.minecraft.server.ServerAdvancementManager/]: Parsing error loading custom advancement outer_end:end/find_catacombs: Expected item to be an item, was unknown string 'outer_end:chiseled_violite'
[02Aug2025 00:49:40.570] [main/INFO] [net.minecraft.advancements.AdvancementList/]: Loaded 2359 advancements
[02Aug2025 00:49:40.579] [main/INFO] [Dungeon Crawl/]: Loading data...
[02Aug2025 00:49:40.583] [main/DEBUG] [Dungeon Crawl/]: Loading dungeoncrawl:models/catacombs/corridor/linker/linker.nbt
[02Aug2025 00:49:40.601] [main/DEBUG] [Dungeon Crawl/]: Loading dungeoncrawl:models/catacombs/corridor/linker/linker.json
[02Aug2025 00:49:40.609] [main/DEBUG] [Dungeon Crawl/]: Loading dungeoncrawl:models/catacombs/corridor/linker/linker_trap.nbt
[02Aug2025 00:49:40.609] [main/DEBUG] [Dungeon Crawl/]: Loading dungeoncrawl:models/catacombs/corridor/linker/linker_trap.json
[02Aug2025 00:49:40.614] [main/DEBUG] [Dungeon Crawl/]: Loading dungeoncrawl:models/catacombs/multipart/connector.nbt
[02Aug2025 00:49:40.614] [main/DEBUG] [Dungeon Crawl/]: Loading dungeoncrawl:models/catacombs/multipart/connector_2.nbt
[02Aug2025 00:49:40.615] [main/DEBUG] [Dungeon Crawl/]: Loading dungeoncrawl:models/catacombs/multipart/corridor/ceiling.nbt
[02Aug2025 00:49:40.615] [main/DEBUG] [Dungeon Crawl/]: Loading dungeoncrawl:models/catacombs/multipart/corridor/ceiling_glowstone.nbt
[02Aug2025 00:49:40.615] [main/DEBUG] [Dungeon Crawl/]: Loading dungeoncrawl:models/catacombs/multipart/corridor/ceiling_lamp.nbt
[02Aug2025 00:49:40.616] [main/DEBUG] [Dungeon Crawl/]: Loading dungeoncrawl:models/catacombs/multipart/crypt_graves.nbt
[02Aug2025 00:49:40.617] [main/DEBUG] [Dungeon Crawl/]: Loading dungeoncrawl:models/catacombs/multipart/crypt_graves.json
[02Aug2025 00:49:40.617] [main/DEBUG] [Dungeon Crawl/]: Loading dungeoncrawl:models/catacombs/multipart/hidden_piston.nbt
[02Aug2025 00:49:40.617] [main/DEBUG] [Dungeon Crawl/]: Loading dungeoncrawl:models/catacombs/multipart/large_connector.nbt
[02Aug2025 00:49:40.618] [main/DEBUG] [Dungeon Crawl/]: Loading dungeoncrawl:models/catacombs/multipart/large_spawner_cell_open.nbt
[02Aug2025 00:49:40.619] [main/DEBUG] [Dungeon Crawl/]: Loading dungeoncrawl:models/catacombs/multipart/node/ceiling/crumbled.nbt
[02Aug2025 00:49:40.619] [main/DEBUG] [Dungeon Crawl/]: Loading dungeoncrawl:models/catacombs/multipart/node/ceiling/dome.nbt
[02Aug2025 00:49:40.620] [main/DEBUG] [Dungeon Crawl/]: Loading dungeoncrawl:models/catacombs/multipart/node/ceiling/flat.nbt
[02Aug2025 00:49:40.621] [main/DEBUG] [Dungeon Crawl/]: Loading dungeoncrawl:models/catacombs/multipart/node/ceiling/light.nbt
[02Aug2025 00:49:40.621] [main/DEBUG] [Dungeon Crawl/]: Loading dungeoncrawl:models/catacombs/node/crypt_dead_end.nbt
[02Aug2025 00:49:40.623] [main/DEBUG] [Dungeon Crawl/]: Loading dungeoncrawl:models/catacombs/node/crypt_dead_end.json
[02Aug2025 00:49:40.624] [main/DEBUG] [Dungeon Crawl/]: Loading dungeoncrawl:models/catacombs/node/crypt_turn.nbt
[02Aug2025 00:49:40.625] [main/DEBUG] [Dungeon Crawl/]: Loading dungeoncrawl:models/catacombs/node/crypt_turn.json
[02Aug2025 00:49:40.626] [main/DEBUG] [Dungeon Crawl/]: Loading dungeoncrawl:models/catacombs/node/fountain.nbt
[02Aug2025 00:49:40.630] [main/DEBUG] [Dungeon Crawl/]: Loading dungeoncrawl:models/catacombs/node/fountain.json
[02Aug2025 00:49:40.630] [main/DEBUG] [Dungeon Crawl/]: Loading dungeoncrawl:models/catacombs/node/prison.nbt
[02Aug2025 00:49:40.632] [main/DEBUG] [Dungeon Crawl/]: Loading dungeoncrawl:models/catacombs/node/prison.json
[02Aug2025 00:49:40.633] [main/DEBUG] [Dungeon Crawl/]: Loading dungeoncrawl:models/catacombs/node/prison_fork.nbt
[02Aug2025 00:49:40.635] [main/DEBUG] [Dungeon Crawl/]: Loading dungeoncrawl:models/catacombs/node/prison_fork.json
[02Aug2025 00:49:40.635] [main/DEBUG] [Dungeon Crawl/]: Loading dungeoncrawl:models/catacombs/node/room.nbt
[02Aug2025 00:49:40.636] [main/DEBUG] [Dungeon Crawl/]: Loading dungeoncrawl:models/catacombs/node/room.json
[02Aug2025 00:49:40.637] [main/DEBUG] [Dungeon Crawl/]: Loading dungeoncrawl:models/catacombs/node/room_2.nbt
[02Aug2025 00:49:40.638] [main/DEBUG] [Dungeon Crawl/]: Loading dungeoncrawl:models/catacombs/node/room_2.json
[02Aug2025 00:49:40.639] [main/DEBUG] [Dungeon Crawl/]: Loading dungeoncrawl:models/catacombs/node/sarcophagus.nbt
[02Aug2025 00:49:40.641] [main/DEBUG] [Dungeon Crawl/]: Loading dungeoncrawl:models/catacombs/node/sarcophagus.json
[02Aug2025 00:49:40.642] [main/DEBUG] [Dungeon Crawl/]: Loading dungeoncrawl:models/catacombs/node/sewers.nbt
[02Aug2025 00:49:40.646] [main/DEBUG] [Dungeon Crawl/]: Loading dungeoncrawl:models/catacombs/node/sewers.json
[02Aug2025 00:49:40.647] [main/DEBUG] [Dungeon Crawl/]: Loading dungeoncrawl:models/catacombs/node/sewers_dead_end.nbt
[02Aug2025 00:49:40.649] [main/DEBUG] [Dungeon Crawl/]: Loading dungeoncrawl:models/catacombs/node/sewers_dead_end.json
[02Aug2025 00:49:40.649] [main/DEBUG] [Dungeon Crawl/]: Loading dungeoncrawl:models/catacombs/node/sewers_fork.nbt
[02Aug2025 00:49:40.652] [main/DEBUG] [Dungeon Crawl/]: Loading dungeoncrawl:models/catacombs/node/sewers_fork.json
[02Aug2025 00:49:40.652] [main/DEBUG] [Dungeon Crawl/]: Loading dungeoncrawl:models/catacombs/node/sewers_straight.nbt
[02Aug2025 00:49:40.655] [main/DEBUG] [Dungeon Crawl/]: Loading dungeoncrawl:models/catacombs/node/sewers_straight.json
[02Aug2025 00:49:40.655] [main/DEBUG] [Dungeon Crawl/]: Loading dungeoncrawl:models/catacombs/room/spawner_room.nbt
[02Aug2025 00:49:40.656] [main/DEBUG] [Dungeon Crawl/]: Loading dungeoncrawl:models/catacombs/room/spawner_room.json
[02Aug2025 00:49:40.656] [main/DEBUG] [Dungeon Crawl/]: Loading dungeoncrawl:models/default/corridor/corridor.nbt
[02Aug2025 00:49:40.657] [main/DEBUG] [Dungeon Crawl/]: Loading dungeoncrawl:models/default/corridor/corridor.json
[02Aug2025 00:49:40.657] [main/DEBUG] [Dungeon Crawl/]: Loading dungeoncrawl:models/default/corridor/corridor_2.nbt
[02Aug2025 00:49:40.658] [main/DEBUG] [Dungeon Crawl/]: Loading dungeoncrawl:models/default/corridor/corridor_2.json
[02Aug2025 00:49:40.658] [main/DEBUG] [Dungeon Crawl/]: Loading dungeoncrawl:models/default/corridor/corridor_3.nbt
[02Aug2025 00:49:40.658] [main/DEBUG] [Dungeon Crawl/]: Loading dungeoncrawl:models/default/corridor/corridor_3.json
[02Aug2025 00:49:40.660] [main/DEBUG] [Dungeon Crawl/]: Loading dungeoncrawl:models/default/corridor/corridor_fire.nbt
[02Aug2025 00:49:40.660] [main/DEBUG] [Dungeon Crawl/]: Loading dungeoncrawl:models/default/corridor/corridor_fire.json
[02Aug2025 00:49:40.660] [main/DEBUG] [Dungeon Crawl/]: Loading dungeoncrawl:models/default/corridor/corridor_light.nbt
[02Aug2025 00:49:40.661] [main/DEBUG] [Dungeon Crawl/]: Loading dungeoncrawl:models/default/corridor/corridor_light.json
[02Aug2025 00:49:40.661] [main/DEBUG] [Dungeon Crawl/]: Loading dungeoncrawl:models/default/corridor/corridor_room.nbt
[02Aug2025 00:49:40.662] [main/DEBUG] [Dungeon Crawl/]: Loading dungeoncrawl:models/default/corridor/corridor_room.json
[02Aug2025 00:49:40.662] [main/DEBUG] [Dungeon Crawl/]: Loading dungeoncrawl:models/default/corridor/corridor_spawner.nbt
[02Aug2025 00:49:40.663] [main/DEBUG] [Dungeon Crawl/]: Loading dungeoncrawl:models/default/corridor/corridor_spawner.json
[02Aug2025 00:49:40.663] [main/DEBUG] [Dungeon Crawl/]: Loading dungeoncrawl:models/default/corridor/linker/cake_room.nbt
[02Aug2025 00:49:40.664] [main/DEBUG] [Dungeon Crawl/]: Loading dungeoncrawl:models/default/corridor/linker/cake_room.json
[02Aug2025 00:49:40.664] [main/DEBUG] [Dungeon Crawl/]: Loading dungeoncrawl:models/default/corridor/linker/linker.nbt
[02Aug2025 00:49:40.665] [main/DEBUG] [Dungeon Crawl/]: Loading dungeoncrawl:models/default/corridor/linker/linker.json
[02Aug2025 00:49:40.665] [main/DEBUG] [Dungeon Crawl/]: Loading dungeoncrawl:models/default/corridor/linker/linker_2.nbt
[02Aug2025 00:49:40.665] [main/DEBUG] [Dungeon Crawl/]: Loading dungeoncrawl:models/default/corridor/linker/linker_2.json
[02Aug2025 00:49:40.665] [main/DEBUG] [Dungeon Crawl/]: Loading dungeoncrawl:models/default/corridor/linker/linker_3.nbt
[02Aug2025 00:49:40.667] [main/DEBUG] [Dungeon Crawl/]: Loading dungeoncrawl:models/default/corridor/linker/linker_3.json
[02Aug2025 00:49:40.667] [main/DEBUG] [Dungeon Crawl/]: Loading dungeoncrawl:models/default/corridor/linker/linker_4.nbt
[02Aug2025 00:49:40.667] [main/DEBUG] [Dungeon Crawl/]: Loading dungeoncrawl:models/default/corridor/linker/linker_4.json
[02Aug2025 00:49:40.668] [main/DEBUG] [Dungeon Crawl/]: Loading dungeoncrawl:models/default/corridor/linker/linker_5.nbt
[02Aug2025 00:49:40.668] [main/DEBUG] [Dungeon Crawl/]: Loading dungeoncrawl:models/default/corridor/linker/linker_5.json
[02Aug2025 00:49:40.668] [main/DEBUG] [Dungeon Crawl/]: Loading dungeoncrawl:models/default/corridor/linker/linker_6.nbt
[02Aug2025 00:49:40.669] [main/DEBUG] [Dungeon Crawl/]: Loading dungeoncrawl:models/default/corridor/linker/linker_6.json
[02Aug2025 00:49:40.669] [main/DEBUG] [Dungeon Crawl/]: Loading dungeoncrawl:models/default/corridor/old_corridor.nbt
[02Aug2025 00:49:40.670] [main/DEBUG] [Dungeon Crawl/]: Loading dungeoncrawl:models/default/corridor/old_corridor.json
[02Aug2025 00:49:40.670] [main/DEBUG] [Dungeon Crawl/]: Loading dungeoncrawl:models/default/corridor/old_corridor_3.nbt
[02Aug2025 00:49:40.670] [main/DEBUG] [Dungeon Crawl/]: Loading dungeoncrawl:models/default/corridor/old_corridor_3.json
[02Aug2025 00:49:40.670] [main/DEBUG] [Dungeon Crawl/]: Loading dungeoncrawl:models/default/corridor/secret_room_entrance.nbt
[02Aug2025 00:49:40.671] [main/DEBUG] [Dungeon Crawl/]: Loading dungeoncrawl:models/default/corridor/secret_room_entrance.json
[02Aug2025 00:49:40.673] [main/DEBUG] [Dungeon Crawl/]: Loading dungeoncrawl:models/default/corridor/stone_corridor.nbt
[02Aug2025 00:49:40.673] [main/DEBUG] [Dungeon Crawl/]: Loading dungeoncrawl:models/default/corridor/stone_corridor.json
[02Aug2025 00:49:40.673] [main/DEBUG] [Dungeon Crawl/]: Loading dungeoncrawl:models/default/loot_room.nbt
[02Aug2025 00:49:40.681] [main/DEBUG] [Dungeon Crawl/]: Loading dungeoncrawl:models/default/loot_room.json
[02Aug2025 00:49:40.681] [main/DEBUG] [Dungeon Crawl/]: Loading dungeoncrawl:models/default/multipart/corridor/bookshelf.nbt
[02Aug2025 00:49:40.681] [main/DEBUG] [Dungeon Crawl/]: Loading dungeoncrawl:models/default/multipart/corridor/chest.nbt
[02Aug2025 00:49:40.681] [main/DEBUG] [Dungeon Crawl/]: Loading dungeoncrawl:models/default/multipart/corridor/chest_room.nbt
[02Aug2025 00:49:40.682] [main/DEBUG] [Dungeon Crawl/]: Loading dungeoncrawl:models/default/multipart/corridor/chest_room_2.nbt
[02Aug2025 00:49:40.682] [main/DEBUG] [Dungeon Crawl/]: Loading dungeoncrawl:models/default/multipart/corridor/crops.nbt
[02Aug2025 00:49:40.682] [main/DEBUG] [Dungeon Crawl/]: Loading dungeoncrawl:models/default/multipart/corridor/crops.json
[02Aug2025 00:49:40.683] [main/DEBUG] [Dungeon Crawl/]: Loading dungeoncrawl:models/default/multipart/corridor/default.nbt
[02Aug2025 00:49:40.683] [main/DEBUG] [Dungeon Crawl/]: Loading dungeoncrawl:models/default/multipart/corridor/empty_room.nbt
[02Aug2025 00:49:40.683] [main/DEBUG] [Dungeon Crawl/]: Loading dungeoncrawl:models/default/multipart/corridor/empty_room_2.nbt
[02Aug2025 00:49:40.684] [main/DEBUG] [Dungeon Crawl/]: Loading dungeoncrawl:models/default/multipart/corridor/empty_room_3.nbt
[02Aug2025 00:49:40.684] [main/DEBUG] [Dungeon Crawl/]: Loading dungeoncrawl:models/default/multipart/corridor/empty_room_4.nbt
[02Aug2025 00:49:40.685] [main/DEBUG] [Dungeon Crawl/]: Loading dungeoncrawl:models/default/multipart/corridor/fire.nbt
[02Aug2025 00:49:40.685] [main/DEBUG] [Dungeon Crawl/]: Loading dungeoncrawl:models/default/multipart/corridor/light.nbt
[02Aug2025 00:49:40.685] [main/DEBUG] [Dungeon Crawl/]: Loading dungeoncrawl:models/default/multipart/corridor/light_switch.nbt
[02Aug2025 00:49:40.686] [main/DEBUG] [Dungeon Crawl/]: Loading dungeoncrawl:models/default/multipart/corridor/secret_room_entrance.nbt
[02Aug2025 00:49:40.686] [main/DEBUG] [Dungeon Crawl/]: Loading dungeoncrawl:models/default/multipart/corridor/secret_room_entrance_2.nbt
[02Aug2025 00:49:40.686] [main/DEBUG] [Dungeon Crawl/]: Loading dungeoncrawl:models/default/multipart/corridor/secret_room_entrance_3.nbt
[02Aug2025 00:49:40.686] [main/DEBUG] [Dungeon Crawl/]: Loading dungeoncrawl:models/default/multipart/corridor/secret_room_entrance_bookshelf.nbt
[02Aug2025 00:49:40.687] [main/DEBUG] [Dungeon Crawl/]: Loading dungeoncrawl:models/default/multipart/corridor/spawner.nbt
[02Aug2025 00:49:40.687] [main/DEBUG] [Dungeon Crawl/]: Loading dungeoncrawl:models/default/multipart/corridor/spawner_room.nbt
[02Aug2025 00:49:40.688] [main/DEBUG] [Dungeon Crawl/]: Loading dungeoncrawl:models/default/multipart/corridor/variant.nbt
[02Aug2025 00:49:40.688] [main/DEBUG] [Dungeon Crawl/]: Loading dungeoncrawl:models/default/multipart/corridor/variant_2.nbt
[02Aug2025 00:49:40.688] [main/DEBUG] [Dungeon Crawl/]: Loading dungeoncrawl:models/default/multipart/large_wall.nbt
[02Aug2025 00:49:40.688] [main/DEBUG] [Dungeon Crawl/]: Loading dungeoncrawl:models/default/multipart/node_connector.nbt
[02Aug2025 00:49:40.689] [main/DEBUG] [Dungeon Crawl/]: Loading dungeoncrawl:models/default/multipart/short_node_connector.nbt
[02Aug2025 00:49:40.689] [main/DEBUG] [Dungeon Crawl/]: Loading dungeoncrawl:models/default/multipart/wall.nbt
[02Aug2025 00:49:40.689] [main/DEBUG] [Dungeon Crawl/]: Loading dungeoncrawl:models/default/multipart/wall_2.nbt
[02Aug2025 00:49:40.690] [main/DEBUG] [Dungeon Crawl/]: Loading dungeoncrawl:models/default/node/connector/connector.nbt
[02Aug2025 00:49:40.690] [main/DEBUG] [Dungeon Crawl/]: Loading dungeoncrawl:models/default/node/connector/connector.json
[02Aug2025 00:49:40.690] [main/DEBUG] [Dungeon Crawl/]: Loading dungeoncrawl:models/default/node/connector/connector_2.nbt
[02Aug2025 00:49:40.691] [main/DEBUG] [Dungeon Crawl/]: Loading dungeoncrawl:models/default/node/connector/connector_2.json
[02Aug2025 00:49:40.691] [main/DEBUG] [Dungeon Crawl/]: Loading dungeoncrawl:models/default/node/connector/connector_3.nbt
[02Aug2025 00:49:40.691] [main/DEBUG] [Dungeon Crawl/]: Loading dungeoncrawl:models/default/node/connector/connector_3.json
[02Aug2025 00:49:40.692] [main/DEBUG] [Dungeon Crawl/]: Loading dungeoncrawl:models/default/node/connector/connector_4.nbt
[02Aug2025 00:49:40.692] [main/DEBUG] [Dungeon Crawl/]: Loading dungeoncrawl:models/default/node/connector/connector_4.json
[02Aug2025 00:49:40.692] [main/DEBUG] [Dungeon Crawl/]: Loading dungeoncrawl:models/default/node/connector/connector_6.nbt
[02Aug2025 00:49:40.693] [main/DEBUG] [Dungeon Crawl/]: Loading dungeoncrawl:models/default/node/connector/connector_6.json
[02Aug2025 00:49:40.693] [main/DEBUG] [Dungeon Crawl/]: Loading dungeoncrawl:models/default/node/connector/connector_lava.nbt
[02Aug2025 00:49:40.693] [main/DEBUG] [Dungeon Crawl/]: Loading dungeoncrawl:models/default/node/connector/node_connector_catacomb.nbt
[02Aug2025 00:49:40.694] [main/DEBUG] [Dungeon Crawl/]: Loading dungeoncrawl:models/default/node/connector/node_connector_catacomb.json
[02Aug2025 00:49:40.694] [main/DEBUG] [Dungeon Crawl/]: Loading dungeoncrawl:models/default/node/dark_hall.nbt
[02Aug2025 00:49:40.699] [main/DEBUG] [Dungeon Crawl/]: Loading dungeoncrawl:models/default/node/fire_hall.nbt
[02Aug2025 00:49:40.704] [main/DEBUG] [Dungeon Crawl/]: Loading dungeoncrawl:models/default/node/fireplace.nbt
[02Aug2025 00:49:40.708] [main/DEBUG] [Dungeon Crawl/]: Loading dungeoncrawl:models/default/node/fireplace.json
[02Aug2025 00:49:40.708] [main/DEBUG] [Dungeon Crawl/]: Loading dungeoncrawl:models/default/node/forge.nbt
[02Aug2025 00:49:40.712] [main/DEBUG] [Dungeon Crawl/]: Loading dungeoncrawl:models/default/node/forge.json
[02Aug2025 00:49:40.712] [main/DEBUG] [Dungeon Crawl/]: Loading dungeoncrawl:models/default/node/jukebox_room.nbt
[02Aug2025 00:49:40.714] [main/DEBUG] [Dungeon Crawl/]: Loading dungeoncrawl:models/default/node/jukebox_room.json
[02Aug2025 00:49:40.715] [main/DEBUG] [Dungeon Crawl/]: Loading dungeoncrawl:models/default/node/library.nbt
[02Aug2025 00:49:40.727] [main/DEBUG] [Dungeon Crawl/]: Loading dungeoncrawl:models/default/node/library.json
[02Aug2025 00:49:40.727] [main/DEBUG] [Dungeon Crawl/]: Loading dungeoncrawl:models/default/node/node_turn.nbt
[02Aug2025 00:49:40.733] [main/DEBUG] [Dungeon Crawl/]: Loading dungeoncrawl:models/default/node/node_turn.json
[02Aug2025 00:49:40.733] [main/DEBUG] [Dungeon Crawl/]: Loading dungeoncrawl:models/default/node/old_fire_hall.nbt
[02Aug2025 00:49:40.742] [main/DEBUG] [Dungeon Crawl/]: Loading dungeoncrawl:models/default/node/old_fire_hall.json
[02Aug2025 00:49:40.742] [main/DEBUG] [Dungeon Crawl/]: Loading dungeoncrawl:models/default/node/old_jukebox_room.nbt
[02Aug2025 00:49:40.746] [main/DEBUG] [Dungeon Crawl/]: Loading dungeoncrawl:models/default/node/old_jukebox_room.json
[02Aug2025 00:49:40.746] [main/DEBUG] [Dungeon Crawl/]: Loading dungeoncrawl:models/default/node/room.nbt
[02Aug2025 00:49:40.748] [main/DEBUG] [Dungeon Crawl/]: Loading dungeoncrawl:models/default/node/room.json
[02Aug2025 00:49:40.749] [main/DEBUG] [Dungeon Crawl/]: Loading dungeoncrawl:models/default/node/room_2.nbt
[02Aug2025 00:49:40.752] [main/DEBUG] [Dungeon Crawl/]: Loading dungeoncrawl:models/default/node/room_2.json
[02Aug2025 00:49:40.753] [main/DEBUG] [Dungeon Crawl/]: Loading dungeoncrawl:models/default/node/spawner_hall.nbt
[02Aug2025 00:49:40.758] [main/DEBUG] [Dungeon Crawl/]: Loading dungeoncrawl:models/default/node/spawner_hall.json
[02Aug2025 00:49:40.759] [main/DEBUG] [Dungeon Crawl/]: Loading dungeoncrawl:models/default/old_loot_room.nbt
[02Aug2025 00:49:40.765] [main/DEBUG] [Dungeon Crawl/]: Loading dungeoncrawl:models/default/old_loot_room.json
[02Aug2025 00:49:40.765] [main/DEBUG] [Dungeon Crawl/]: Loading dungeoncrawl:models/default/room/food_side_room.nbt
[02Aug2025 00:49:40.765] [main/DEBUG] [Dungeon Crawl/]: Loading dungeoncrawl:models/default/room/food_side_room.json
[02Aug2025 00:49:40.765] [main/DEBUG] [Dungeon Crawl/]: Loading dungeoncrawl:models/default/room/secret_room.nbt
[02Aug2025 00:49:40.767] [main/DEBUG] [Dungeon Crawl/]: Loading dungeoncrawl:models/default/room/secret_room.json
[02Aug2025 00:49:40.767] [main/DEBUG] [Dungeon Crawl/]: Loading dungeoncrawl:models/default/room/spawner_room.nbt
[02Aug2025 00:49:40.767] [main/DEBUG] [Dungeon Crawl/]: Loading dungeoncrawl:models/default/room/spawner_room.json
[02Aug2025 00:49:40.768] [main/DEBUG] [Dungeon Crawl/]: Loading dungeoncrawl:models/default/room/spawner_room_2.nbt
[02Aug2025 00:49:40.768] [main/DEBUG] [Dungeon Crawl/]: Loading dungeoncrawl:models/default/room/spawner_room_2.json
[02Aug2025 00:49:40.769] [main/DEBUG] [Dungeon Crawl/]: Loading dungeoncrawl:models/default/room/spawner_room_material.nbt
[02Aug2025 00:49:40.769] [main/DEBUG] [Dungeon Crawl/]: Loading dungeoncrawl:models/default/room/spawner_room_material.json
[02Aug2025 00:49:40.769] [main/DEBUG] [Dungeon Crawl/]: Loading dungeoncrawl:models/default/room/spawner_room_material_2.nbt
[02Aug2025 00:49:40.770] [main/DEBUG] [Dungeon Crawl/]: Loading dungeoncrawl:models/default/room/spawner_room_material_2.json
[02Aug2025 00:49:40.770] [main/DEBUG] [Dungeon Crawl/]: Loading dungeoncrawl:models/default/room/starter_room.nbt
[02Aug2025 00:49:40.770] [main/DEBUG] [Dungeon Crawl/]: Loading dungeoncrawl:models/default/room/starter_room.json
[02Aug2025 00:49:40.770] [main/DEBUG] [Dungeon Crawl/]: Loading dungeoncrawl:models/default/room/tnt_trap_side_room.nbt
[02Aug2025 00:49:40.771] [main/DEBUG] [Dungeon Crawl/]: Loading dungeoncrawl:models/default/room/tnt_trap_side_room.json
[02Aug2025 00:49:40.771] [main/DEBUG] [Dungeon Crawl/]: Loading dungeoncrawl:models/default/staircase.nbt
[02Aug2025 00:49:40.771] [main/DEBUG] [Dungeon Crawl/]: Loading dungeoncrawl:models/default/staircase.json
[02Aug2025 00:49:40.772] [main/DEBUG] [Dungeon Crawl/]: Loading dungeoncrawl:models/default/staircase_layer.nbt
[02Aug2025 00:49:40.772] [main/DEBUG] [Dungeon Crawl/]: Loading dungeoncrawl:models/default/stairs_bottom.nbt
[02Aug2025 00:49:40.772] [main/DEBUG] [Dungeon Crawl/]: Loading dungeoncrawl:models/default/stairs_bottom.json
[02Aug2025 00:49:40.773] [main/DEBUG] [Dungeon Crawl/]: Loading dungeoncrawl:models/default/stairs_bottom_2.nbt
[02Aug2025 00:49:40.773] [main/DEBUG] [Dungeon Crawl/]: Loading dungeoncrawl:models/default/stairs_bottom_2.json
[02Aug2025 00:49:40.773] [main/DEBUG] [Dungeon Crawl/]: Loading dungeoncrawl:models/default/stairs_top.nbt
[02Aug2025 00:49:40.774] [main/DEBUG] [Dungeon Crawl/]: Loading dungeoncrawl:models/default/stairs_top.json
[02Aug2025 00:49:40.774] [main/DEBUG] [Dungeon Crawl/]: Loading dungeoncrawl:models/entrance/roguelike/eniko_tower.nbt
[02Aug2025 00:49:40.776] [main/DEBUG] [Dungeon Crawl/]: Loading dungeoncrawl:models/entrance/roguelike/eniko_tower.json
[02Aug2025 00:49:40.777] [main/DEBUG] [Dungeon Crawl/]: Loading dungeoncrawl:models/entrance/roguelike/house.nbt
[02Aug2025 00:49:40.778] [main/DEBUG] [Dungeon Crawl/]: Loading dungeoncrawl:models/entrance/roguelike/house.json
[02Aug2025 00:49:40.779] [main/DEBUG] [Dungeon Crawl/]: Loading dungeoncrawl:models/entrance/roguelike/pyramid.nbt
[02Aug2025 00:49:40.780] [main/DEBUG] [Dungeon Crawl/]: Loading dungeoncrawl:models/entrance/roguelike/pyramid.json
[02Aug2025 00:49:40.780] [main/DEBUG] [Dungeon Crawl/]: Loading dungeoncrawl:models/entrance/roguelike/rogue_tower.nbt
[02Aug2025 00:49:40.781] [main/DEBUG] [Dungeon Crawl/]: Loading dungeoncrawl:models/entrance/roguelike/rogue_tower.json
[02Aug2025 00:49:40.781] [main/DEBUG] [Dungeon Crawl/]: Loading dungeoncrawl:models/entrance/roguelike/witch_tower.nbt
[02Aug2025 00:49:40.783] [main/DEBUG] [Dungeon Crawl/]: Loading dungeoncrawl:models/entrance/roguelike/witch_tower.json
[02Aug2025 00:49:40.783] [main/DEBUG] [Dungeon Crawl/]: Loading dungeoncrawl:models/hell/node/lava_hall.nbt
[02Aug2025 00:49:40.786] [main/DEBUG] [Dungeon Crawl/]: Loading dungeoncrawl:models/hell/node/small_loot_room.nbt
[02Aug2025 00:49:40.787] [main/DEBUG] [Dungeon Crawl/]: Loading dungeoncrawl:models/hell/node/small_loot_room.json
[02Aug2025 00:49:40.788] [main/DEBUG] [Dungeon Crawl/]: Loading dungeoncrawl:models/hell/room/empty_room.nbt
[02Aug2025 00:49:40.789] [main/DEBUG] [Dungeon Crawl/]: Loading dungeoncrawl:models/hell/room/empty_room.json
[02Aug2025 00:49:40.789] [main/DEBUG] [Dungeon Crawl/]: Loading dungeoncrawl:models/hell/room/spawner_room.nbt
[02Aug2025 00:49:40.789] [main/DEBUG] [Dungeon Crawl/]: Loading dungeoncrawl:models/hell/room/spawner_room.json
[02Aug2025 00:49:40.790] [main/DEBUG] [Dungeon Crawl/]: Loading dungeoncrawl:dungeon/model_pools.json
[02Aug2025 00:49:40.794] [main/DEBUG] [Dungeon Crawl/]: Loading dungeoncrawl:dungeon/types/default.json
[02Aug2025 00:49:40.800] [main/DEBUG] [Dungeon Crawl/]: Loading dungeoncrawl:dungeon/types/desert/default.json
[02Aug2025 00:49:40.800] [main/DEBUG] [Dungeon Crawl/]: Loading dungeoncrawl:dungeon/types/forest/default.json
[02Aug2025 00:49:40.802] [main/DEBUG] [Dungeon Crawl/]: Loading dungeoncrawl:dungeon/types/mountains/default.json
[02Aug2025 00:49:40.803] [main/DEBUG] [Dungeon Crawl/]: Loading dungeoncrawl:dungeon/biome_mappings/default.json
[02Aug2025 00:49:40.806] [main/DEBUG] [Dungeon Crawl/]: Loading dungeoncrawl:theming/secondary_themes/catacombs/crumbled.json
[02Aug2025 00:49:40.808] [main/DEBUG] [Dungeon Crawl/]: Loading dungeoncrawl:theming/secondary_themes/hell/roguelike.json
[02Aug2025 00:49:40.809] [main/DEBUG] [Dungeon Crawl/]: Loading dungeoncrawl:theming/secondary_themes/vanilla/acacia.json
[02Aug2025 00:49:40.809] [main/DEBUG] [Dungeon Crawl/]: Loading dungeoncrawl:theming/secondary_themes/vanilla/badlands/default.json
[02Aug2025 00:49:40.810] [main/DEBUG] [Dungeon Crawl/]: Loading dungeoncrawl:theming/secondary_themes/vanilla/birch.json
[02Aug2025 00:49:40.810] [main/DEBUG] [Dungeon Crawl/]: Loading dungeoncrawl:theming/secondary_themes/vanilla/catacombs/mossy.json
[02Aug2025 00:49:40.811] [main/DEBUG] [Dungeon Crawl/]: Loading dungeoncrawl:theming/secondary_themes/vanilla/catacombs/overgrown.json
[02Aug2025 00:49:40.812] [main/DEBUG] [Dungeon Crawl/]: Loading dungeoncrawl:theming/secondary_themes/vanilla/dark_oak.json
[02Aug2025 00:49:40.812] [main/DEBUG] [Dungeon Crawl/]: Loading dungeoncrawl:theming/secondary_themes/vanilla/desert/default.json
[02Aug2025 00:49:40.812] [main/DEBUG] [Dungeon Crawl/]: Loading dungeoncrawl:theming/secondary_themes/vanilla/desert/diorite.json
[02Aug2025 00:49:40.813] [main/DEBUG] [Dungeon Crawl/]: Loading dungeoncrawl:theming/secondary_themes/vanilla/desert/granite.json
[02Aug2025 00:49:40.813] [main/DEBUG] [Dungeon Crawl/]: Loading dungeoncrawl:theming/secondary_themes/vanilla/hell/default.json
[02Aug2025 00:49:40.814] [main/DEBUG] [Dungeon Crawl/]: Loading dungeoncrawl:theming/secondary_themes/vanilla/jungle.json
[02Aug2025 00:49:40.814] [main/DEBUG] [Dungeon Crawl/]: Loading dungeoncrawl:theming/secondary_themes/vanilla/mountains/default.json
[02Aug2025 00:49:40.815] [main/DEBUG] [Dungeon Crawl/]: Loading dungeoncrawl:theming/secondary_themes/vanilla/oak.json
[02Aug2025 00:49:40.815] [main/DEBUG] [Dungeon Crawl/]: Loading dungeoncrawl:theming/secondary_themes/vanilla/spruce.json
[02Aug2025 00:49:40.817] [main/DEBUG] [Dungeon Crawl/]: Loading dungeoncrawl:theming/primary_themes/catacombs/crumbled.json
[02Aug2025 00:49:40.820] [main/DEBUG] [Dungeon Crawl/]: Loading dungeoncrawl:theming/primary_themes/create/andesite.json
[02Aug2025 00:49:40.820] [main/DEBUG] [Dungeon Crawl/]: Loading dungeoncrawl:theming/primary_themes/create/crumbled_andesite.json
[02Aug2025 00:49:40.821] [main/DEBUG] [Dungeon Crawl/]: Loading dungeoncrawl:theming/primary_themes/create/mossy_andesite.json
[02Aug2025 00:49:40.822] [main/DEBUG] [Dungeon Crawl/]: Loading dungeoncrawl:theming/primary_themes/create/overgrown_andesite.json
[02Aug2025 00:49:40.823] [main/DEBUG] [Dungeon Crawl/]: Loading dungeoncrawl:theming/primary_themes/hell/roguelike.json
[02Aug2025 00:49:40.823] [main/DEBUG] [Dungeon Crawl/]: Loading dungeoncrawl:theming/primary_themes/vanilla/andesite.json
[02Aug2025 00:49:40.824] [main/DEBUG] [Dungeon Crawl/]: Loading dungeoncrawl:theming/primary_themes/vanilla/badlands/default.json
[02Aug2025 00:49:40.825] [main/DEBUG] [Dungeon Crawl/]: Loading dungeoncrawl:theming/primary_themes/vanilla/bricks.json
[02Aug2025 00:49:40.826] [main/DEBUG] [Dungeon Crawl/]: Loading dungeoncrawl:theming/primary_themes/vanilla/bricks_2.json
[02Aug2025 00:49:40.827] [main/DEBUG] [Dungeon Crawl/]: Loading dungeoncrawl:theming/primary_themes/vanilla/catacombs/ancient.json
[02Aug2025 00:49:40.828] [main/DEBUG] [Dungeon Crawl/]: Loading dungeoncrawl:theming/primary_themes/vanilla/catacombs/bricks.json
[02Aug2025 00:49:40.829] [main/DEBUG] [Dungeon Crawl/]: Loading dungeoncrawl:theming/primary_themes/vanilla/catacombs/crumbled_floor.json
[02Aug2025 00:49:40.831] [main/DEBUG] [Dungeon Crawl/]: Loading dungeoncrawl:theming/primary_themes/vanilla/catacombs/mossy.json
[02Aug2025 00:49:40.833] [main/DEBUG] [Dungeon Crawl/]: Loading dungeoncrawl:theming/primary_themes/vanilla/catacombs/overgrown.json
[02Aug2025 00:49:40.834] [main/DEBUG] [Dungeon Crawl/]: Loading dungeoncrawl:theming/primary_themes/vanilla/default.json
[02Aug2025 00:49:40.835] [main/DEBUG] [Dungeon Crawl/]: Loading dungeoncrawl:theming/primary_themes/vanilla/desert/default.json
[02Aug2025 00:49:40.835] [main/DEBUG] [Dungeon Crawl/]: Loading dungeoncrawl:theming/primary_themes/vanilla/desert/diorite.json
[02Aug2025 00:49:40.836] [main/DEBUG] [Dungeon Crawl/]: Loading dungeoncrawl:theming/primary_themes/vanilla/desert/granite.json
[02Aug2025 00:49:40.836] [main/DEBUG] [Dungeon Crawl/]: Loading dungeoncrawl:theming/primary_themes/vanilla/desert/terracotta.json
[02Aug2025 00:49:40.837] [main/DEBUG] [Dungeon Crawl/]: Loading dungeoncrawl:theming/primary_themes/vanilla/hell/checked_floor.json
[02Aug2025 00:49:40.838] [main/DEBUG] [Dungeon Crawl/]: Loading dungeoncrawl:theming/primary_themes/vanilla/hell/default.json
[02Aug2025 00:49:40.839] [main/DEBUG] [Dungeon Crawl/]: Loading dungeoncrawl:theming/primary_themes/vanilla/hell/mossy.json
[02Aug2025 00:49:40.840] [main/DEBUG] [Dungeon Crawl/]: Loading dungeoncrawl:theming/primary_themes/vanilla/jungle/default.json
[02Aug2025 00:49:40.841] [main/DEBUG] [Dungeon Crawl/]: Loading dungeoncrawl:theming/primary_themes/vanilla/mountains/default.json
[02Aug2025 00:49:40.849] [main/DEBUG] [Dungeon Crawl/]: Loading dungeoncrawl:monster/spawn_rates.json
[02Aug2025 00:49:40.850] [main/DEBUG] [Dungeon Crawl/]: Loading dungeoncrawl:treasure/stage_1.json
[02Aug2025 00:49:40.851] [main/DEBUG] [Dungeon Crawl/]: Loading dungeoncrawl:treasure/stage_2.json
[02Aug2025 00:49:40.851] [main/DEBUG] [Dungeon Crawl/]: Loading dungeoncrawl:treasure/stage_3.json
[02Aug2025 00:49:40.851] [main/DEBUG] [Dungeon Crawl/]: Loading dungeoncrawl:treasure/stage_4.json
[02Aug2025 00:49:40.852] [main/DEBUG] [Dungeon Crawl/]: Loading dungeoncrawl:treasure/stage_5.json
[02Aug2025 00:49:40.853] [main/DEBUG] [Dungeon Crawl/]: Loading dungeoncrawl:monster/entities/stage_1.json
[02Aug2025 00:49:40.856] [main/DEBUG] [Dungeon Crawl/]: Loading dungeoncrawl:monster/entities/stage_2.json
[02Aug2025 00:49:40.856] [main/DEBUG] [Dungeon Crawl/]: Loading dungeoncrawl:monster/entities/stage_3.json
[02Aug2025 00:49:40.856] [main/DEBUG] [Dungeon Crawl/]: Loading dungeoncrawl:monster/entities/stage_4.json
[02Aug2025 00:49:40.856] [main/DEBUG] [Dungeon Crawl/]: Loading dungeoncrawl:monster/entities/stage_5.json
[02Aug2025 00:49:40.856] [main/DEBUG] [Dungeon Crawl/]: Loading dungeoncrawl:monster/equipment/armor/stage_1.json
[02Aug2025 00:49:40.856] [main/DEBUG] [Dungeon Crawl/]: Loading dungeoncrawl:monster/equipment/armor/stage_2.json
[02Aug2025 00:49:40.856] [main/DEBUG] [Dungeon Crawl/]: Loading dungeoncrawl:monster/equipment/armor/stage_3.json
[02Aug2025 00:49:40.857] [main/DEBUG] [Dungeon Crawl/]: Loading dungeoncrawl:monster/equipment/armor/stage_4.json
[02Aug2025 00:49:40.857] [main/DEBUG] [Dungeon Crawl/]: Loading dungeoncrawl:monster/equipment/armor/stage_5.json
[02Aug2025 00:49:40.857] [main/DEBUG] [Dungeon Crawl/]: Loading dungeoncrawl:monster/equipment/weapon/stage_1.json
[02Aug2025 00:49:40.857] [main/DEBUG] [Dungeon Crawl/]: Loading dungeoncrawl:monster/equipment/weapon/stage_2.json
[02Aug2025 00:49:40.857] [main/DEBUG] [Dungeon Crawl/]: Loading dungeoncrawl:monster/equipment/weapon/stage_3.json
[02Aug2025 00:49:40.857] [main/DEBUG] [Dungeon Crawl/]: Loading dungeoncrawl:monster/equipment/weapon/stage_4.json
[02Aug2025 00:49:40.858] [main/DEBUG] [Dungeon Crawl/]: Loading dungeoncrawl:monster/equipment/weapon/stage_5.json
[02Aug2025 00:49:40.859] [main/DEBUG] [Dungeon Crawl/]: Loading dungeoncrawl:monster/potion_effects/stage_1.json
[02Aug2025 00:49:40.860] [main/DEBUG] [Dungeon Crawl/]: Loading dungeoncrawl:monster/potion_effects/stage_2.json
[02Aug2025 00:49:40.860] [main/DEBUG] [Dungeon Crawl/]: Loading dungeoncrawl:monster/potion_effects/stage_3.json
[02Aug2025 00:49:40.860] [main/DEBUG] [Dungeon Crawl/]: Loading dungeoncrawl:monster/potion_effects/stage_4.json
[02Aug2025 00:49:40.860] [main/DEBUG] [Dungeon Crawl/]: Loading dungeoncrawl:monster/potion_effects/stage_5.json
[02Aug2025 00:49:40.861] [main/DEBUG] [Dungeon Crawl/]: Completing...
[02Aug2025 00:49:40.861] [main/INFO] [Dungeon Crawl/]: Done.
[02Aug2025 00:49:40.864] [main/DEBUG] [sophisticatedbackpacks/]: Started loading registry data from sophisticatedbackpacks:compat/woot/block_tools 
[02Aug2025 00:49:40.864] [main/DEBUG] [sophisticatedbackpacks/]: Started loading registry data from sophisticatedbackpacks:compat/fluxnetworks/block_tools 
[02Aug2025 00:49:40.864] [main/DEBUG] [sophisticatedbackpacks/]: Started loading registry data from sophisticatedbackpacks:compat/mob_grinding_utils/entity_tools 
[02Aug2025 00:49:40.864] [main/DEBUG] [sophisticatedbackpacks/]: Started loading registry data from sophisticatedbackpacks:compat/astralsorcery/block_tools 
[02Aug2025 00:49:40.864] [main/DEBUG] [sophisticatedbackpacks/]: Started loading registry data from sophisticatedbackpacks:compat/immersivepetroleum/block_tools 
[02Aug2025 00:49:40.864] [main/DEBUG] [sophisticatedbackpacks/]: Started loading registry data from sophisticatedbackpacks:compat/immersiveengineering/block_tools 
[02Aug2025 00:49:40.864] [main/DEBUG] [sophisticatedbackpacks/]: Started loading registry data from sophisticatedbackpacks:compat/pedestals/block_tools 
[02Aug2025 00:49:40.864] [main/DEBUG] [sophisticatedbackpacks/]: Started loading registry data from sophisticatedbackpacks:compat/platforms/block_tools 
[02Aug2025 00:49:40.864] [main/DEBUG] [sophisticatedbackpacks/]: Started loading registry data from sophisticatedbackpacks:compat/rftoolsutility/entity_tools 
[02Aug2025 00:49:40.864] [main/DEBUG] [sophisticatedbackpacks/]: Started loading registry data from sophisticatedbackpacks:compat/compactmachines/block_tools 
[02Aug2025 00:49:40.864] [main/DEBUG] [sophisticatedbackpacks/]: Started loading registry data from sophisticatedbackpacks:compat/mcwwindows/block_tools 
[02Aug2025 00:49:40.864] [main/DEBUG] [sophisticatedbackpacks/]: Started loading registry data from sophisticatedbackpacks:compat/integrateddynamics/block_tools 
[02Aug2025 00:49:40.864] [main/DEBUG] [sophisticatedbackpacks/]: Started loading registry data from sophisticatedbackpacks:entity_tools 
[02Aug2025 00:49:40.865] [main/DEBUG] [sophisticatedbackpacks/]: Finished loading registry data for sophisticatedbackpacks:entity_tools
[02Aug2025 00:49:40.865] [main/DEBUG] [sophisticatedbackpacks/]: Started loading registry data from sophisticatedbackpacks:compat/mekanism/block_tools 
[02Aug2025 00:49:40.866] [main/DEBUG] [sophisticatedbackpacks/]: Started loading registry data from sophisticatedbackpacks:compat/powah/block_tools 
[02Aug2025 00:49:40.866] [main/DEBUG] [sophisticatedbackpacks/]: Started loading registry data from sophisticatedbackpacks:compat/apotheosis/entity_tools 
[02Aug2025 00:49:40.866] [main/DEBUG] [sophisticatedbackpacks/]: Started loading registry data from sophisticatedbackpacks:compat/bloodmagic/block_tools 
[02Aug2025 00:49:40.866] [main/DEBUG] [sophisticatedbackpacks/]: Started loading registry data from sophisticatedbackpacks:compat/immersiveposts/block_tools 
[02Aug2025 00:49:40.866] [main/DEBUG] [sophisticatedbackpacks/]: Started loading registry data from sophisticatedbackpacks:compat/rats/entity_tools 
[02Aug2025 00:49:40.866] [main/DEBUG] [sophisticatedbackpacks/]: Started loading registry data from sophisticatedbackpacks:compat/framedcompactdrawers/block_tools 
[02Aug2025 00:49:40.866] [main/DEBUG] [sophisticatedbackpacks/]: Started loading registry data from sophisticatedbackpacks:compat/iceandfire/entity_tools 
[02Aug2025 00:49:40.866] [main/DEBUG] [sophisticatedbackpacks/]: Started loading registry data from sophisticatedbackpacks:compat/storagedrawers/block_tools 
[02Aug2025 00:49:40.866] [main/DEBUG] [sophisticatedbackpacks/]: Started loading registry data from sophisticatedbackpacks:compat/mcwroofs/block_tools 
[02Aug2025 00:49:40.866] [main/DEBUG] [sophisticatedbackpacks/]: Started loading registry data from sophisticatedbackpacks:compat/morphtool/block_tools 
[02Aug2025 00:49:40.866] [main/DEBUG] [sophisticatedbackpacks/]: Started loading registry data from sophisticatedbackpacks:compat/botania/block_tools 
[02Aug2025 00:49:40.866] [main/DEBUG] [sophisticatedbackpacks/]: Started loading registry data from sophisticatedbackpacks:compat/pneumaticraft/block_tools 
[02Aug2025 00:49:40.866] [main/DEBUG] [sophisticatedbackpacks/]: Started loading registry data from sophisticatedbackpacks:compat/shrink/entity_tools 
[02Aug2025 00:49:40.866] [main/DEBUG] [sophisticatedbackpacks/]: Started loading registry data from sophisticatedbackpacks:compat/blockcarpentry/block_tools 
[02Aug2025 00:49:40.866] [main/DEBUG] [sophisticatedbackpacks/]: Started loading registry data from sophisticatedbackpacks:compat/pipez/block_tools 
[02Aug2025 00:49:40.866] [main/DEBUG] [sophisticatedbackpacks/]: Started loading registry data from sophisticatedbackpacks:compat/transport/block_tools 
[02Aug2025 00:49:40.866] [main/DEBUG] [sophisticatedbackpacks/]: Started loading registry data from sophisticatedbackpacks:compat/thermal/block_tools 
[02Aug2025 00:49:40.866] [main/DEBUG] [sophisticatedbackpacks/]: Started loading registry data from sophisticatedbackpacks:block_tools 
[02Aug2025 00:49:40.866] [main/DEBUG] [sophisticatedbackpacks/]: Finished loading registry data for sophisticatedbackpacks:block_tools
[02Aug2025 00:49:40.866] [main/DEBUG] [sophisticatedbackpacks/]: Started loading registry data from sophisticatedbackpacks:compat/create/block_tools 
[02Aug2025 00:49:40.866] [main/DEBUG] [sophisticatedbackpacks/]: Started loading registry data from sophisticatedbackpacks:compat/farmersdelight/entity_tools 
[02Aug2025 00:49:40.866] [main/DEBUG] [sophisticatedbackpacks/]: Started loading registry data from sophisticatedbackpacks:compat/refinedstorage/block_tools 
[02Aug2025 00:49:40.866] [main/DEBUG] [sophisticatedbackpacks/]: Started loading registry data from sophisticatedbackpacks:compat/chiselsandbits/block_tools 
[02Aug2025 00:49:40.866] [main/DEBUG] [sophisticatedbackpacks/]: Started loading registry data from sophisticatedbackpacks:compat/farmersdelight/block_tools 
[02Aug2025 00:49:40.866] [main/DEBUG] [sophisticatedbackpacks/]: Started loading registry data from sophisticatedbackpacks:compat/resourcefulbees/entity_tools 
[02Aug2025 00:49:40.866] [main/DEBUG] [sophisticatedbackpacks/]: Started loading registry data from sophisticatedbackpacks:compat/tetra/swords 
[02Aug2025 00:49:40.866] [main/DEBUG] [sophisticatedbackpacks/]: Started loading registry data from sophisticatedbackpacks:swords 
[02Aug2025 00:49:40.866] [main/DEBUG] [sophisticatedbackpacks/]: Finished loading registry data for sophisticatedbackpacks:swords
[02Aug2025 00:49:40.866] [main/DEBUG] [sophisticatedbackpacks/]: Started loading registry data from sophisticatedbackpacks:compat/mythicbotany/block_tools 
[02Aug2025 00:49:40.866] [main/DEBUG] [sophisticatedbackpacks/]: Started loading registry data from sophisticatedbackpacks:compat/resourcefulbees/block_tools 
[02Aug2025 00:49:40.866] [main/DEBUG] [sophisticatedbackpacks/]: Started loading registry data from sophisticatedbackpacks:compat/syp/entity_tools 
[02Aug2025 00:49:40.866] [main/DEBUG] [sophisticatedbackpacks/]: Started loading registry data from sophisticatedbackpacks:compat/eidolon/block_tools 
[02Aug2025 00:49:40.866] [main/DEBUG] [sophisticatedbackpacks/]: Started loading registry data from sophisticatedbackpacks:compat/rftoolsbase/block_tools 
[02Aug2025 00:49:40.869] [main/INFO] [com.teamabnormals.blueprint.core.Blueprint/]: Chunk Generator Modification Manager has loaded 2 modifier groups
[02Aug2025 00:49:40.882] [main/INFO] [top.theillusivec4.curios.Curios/]: Loaded 13 curio slots
[02Aug2025 00:49:40.890] [main/INFO] [top.theillusivec4.curios.Curios/]: Loaded 1 curio entities
[02Aug2025 00:49:42.209] [main/DEBUG] [net.minecraftforge.common.ForgeHooks/WP]: Gathering id map for writing to world save world
[02Aug2025 00:49:42.242] [main/DEBUG] [net.minecraftforge.common.ForgeHooks/WP]: ID Map collection complete world
[02Aug2025 00:49:42.309] [Server thread/INFO] [net.minecraft.server.dedicated.DedicatedServer/]: Starting minecraft server version 1.20.1
[02Aug2025 00:49:42.310] [Server thread/INFO] [net.minecraft.server.dedicated.DedicatedServer/]: Loading properties
[02Aug2025 00:49:42.310] [Server thread/INFO] [net.minecraft.server.dedicated.DedicatedServer/]: Default game type: SURVIVAL
[02Aug2025 00:49:42.310] [Server thread/INFO] [net.minecraft.server.MinecraftServer/]: Generating keypair
[02Aug2025 00:49:42.412] [Server thread/INFO] [net.minecraft.server.dedicated.DedicatedServer/]: Starting Minecraft server on *:25565
[02Aug2025 00:49:42.413] [Server thread/DEBUG] [net.minecraftforge.network.DualStackUtils/]: Detected IPv6 address: "0:0:0:0:0:0:0:0"
[02Aug2025 00:49:42.419] [Server thread/DEBUG] [io.netty.util.internal.NativeLibraryLoader/]: -Dio.netty.native.workdir: /tmp (io.netty.tmpdir)
[02Aug2025 00:49:42.419] [Server thread/DEBUG] [io.netty.util.internal.NativeLibraryLoader/]: -Dio.netty.native.deleteLibAfterLoading: true
[02Aug2025 00:49:42.419] [Server thread/DEBUG] [io.netty.util.internal.NativeLibraryLoader/]: -Dio.netty.native.tryPatchShadedId: true
[02Aug2025 00:49:42.419] [Server thread/DEBUG] [io.netty.util.internal.NativeLibraryLoader/]: -Dio.netty.native.detectNativeLibraryDuplicates: true
[02Aug2025 00:49:42.426] [Server thread/DEBUG] [io.netty.util.internal.NativeLibraryLoader/]: Successfully loaded the library /tmp/libnetty_transport_native_epoll_x86_6410628384865387668004.so
[02Aug2025 00:49:42.429] [Server thread/DEBUG] [io.netty.util.NetUtil/]: -Djava.net.preferIPv4Stack: false
[02Aug2025 00:49:42.429] [Server thread/DEBUG] [io.netty.util.NetUtil/]: -Djava.net.preferIPv6Addresses: true
[02Aug2025 00:49:42.431] [Server thread/DEBUG] [io.netty.util.NetUtilInitializations/]: Loopback interface: lo (lo, 0:0:0:0:0:0:0:1%lo)
[02Aug2025 00:49:42.431] [Server thread/DEBUG] [io.netty.util.NetUtil/]: /proc/sys/net/core/somaxconn: 4096
[02Aug2025 00:49:42.434] [Server thread/INFO] [net.minecraft.server.network.ServerConnectionListener/]: Using epoll channel type
[02Aug2025 00:49:42.448] [Server thread/DEBUG] [io.netty.channel.MultithreadEventLoopGroup/]: -Dio.netty.eventLoopThreads: 8
[02Aug2025 00:49:42.461] [Server thread/DEBUG] [io.netty.util.internal.InternalThreadLocalMap/]: -Dio.netty.threadLocalMap.stringBuilder.initialSize: 1024
[02Aug2025 00:49:42.461] [Server thread/DEBUG] [io.netty.util.internal.InternalThreadLocalMap/]: -Dio.netty.threadLocalMap.stringBuilder.maxSize: 4096
[02Aug2025 00:49:42.470] [Server thread/DEBUG] [io.netty.util.internal.PlatformDependent/]: org.jctools-core.MpscChunkedArrayQueue: available
[02Aug2025 00:49:42.479] [Server thread/DEBUG] [io.netty.channel.DefaultChannelId/]: -Dio.netty.processId: 20639 (auto-detected)
[02Aug2025 00:49:42.480] [Server thread/DEBUG] [io.netty.channel.DefaultChannelId/]: -Dio.netty.machineId: 7c:1e:52:ff:fe:c3:20:6c (auto-detected)
[02Aug2025 00:49:42.504] [Server thread/DEBUG] [io.netty.buffer.PooledByteBufAllocator/]: -Dio.netty.allocator.numHeapArenas: 8
[02Aug2025 00:49:42.504] [Server thread/DEBUG] [io.netty.buffer.PooledByteBufAllocator/]: -Dio.netty.allocator.numDirectArenas: 8
[02Aug2025 00:49:42.504] [Server thread/DEBUG] [io.netty.buffer.PooledByteBufAllocator/]: -Dio.netty.allocator.pageSize: 8192
[02Aug2025 00:49:42.504] [Server thread/DEBUG] [io.netty.buffer.PooledByteBufAllocator/]: -Dio.netty.allocator.maxOrder: 9
[02Aug2025 00:49:42.504] [Server thread/DEBUG] [io.netty.buffer.PooledByteBufAllocator/]: -Dio.netty.allocator.chunkSize: 4194304
[02Aug2025 00:49:42.504] [Server thread/DEBUG] [io.netty.buffer.PooledByteBufAllocator/]: -Dio.netty.allocator.smallCacheSize: 256
[02Aug2025 00:49:42.504] [Server thread/DEBUG] [io.netty.buffer.PooledByteBufAllocator/]: -Dio.netty.allocator.normalCacheSize: 64
[02Aug2025 00:49:42.504] [Server thread/DEBUG] [io.netty.buffer.PooledByteBufAllocator/]: -Dio.netty.allocator.maxCachedBufferCapacity: 32768
[02Aug2025 00:49:42.504] [Server thread/DEBUG] [io.netty.buffer.PooledByteBufAllocator/]: -Dio.netty.allocator.cacheTrimInterval: 8192
[02Aug2025 00:49:42.504] [Server thread/DEBUG] [io.netty.buffer.PooledByteBufAllocator/]: -Dio.netty.allocator.cacheTrimIntervalMillis: 0
[02Aug2025 00:49:42.504] [Server thread/DEBUG] [io.netty.buffer.PooledByteBufAllocator/]: -Dio.netty.allocator.useCacheForAllThreads: false
[02Aug2025 00:49:42.504] [Server thread/DEBUG] [io.netty.buffer.PooledByteBufAllocator/]: -Dio.netty.allocator.maxCachedByteBuffersPerChunk: 1023
[02Aug2025 00:49:42.512] [Server thread/DEBUG] [io.netty.buffer.ByteBufUtil/]: -Dio.netty.allocator.type: pooled
[02Aug2025 00:49:42.512] [Server thread/DEBUG] [io.netty.buffer.ByteBufUtil/]: -Dio.netty.threadLocalDirectBufferSize: 0
[02Aug2025 00:49:42.512] [Server thread/DEBUG] [io.netty.buffer.ByteBufUtil/]: -Dio.netty.maxThreadLocalCharBufferSize: 16384
[02Aug2025 00:49:42.520] [Server thread/WARN] [net.minecraft.server.dedicated.DedicatedServer/]: **** SERVER IS RUNNING IN OFFLINE/INSECURE MODE!
[02Aug2025 00:49:42.520] [Server thread/WARN] [net.minecraft.server.dedicated.DedicatedServer/]: The server will make no attempt to authenticate usernames. Beware.
[02Aug2025 00:49:42.520] [Server thread/WARN] [net.minecraft.server.dedicated.DedicatedServer/]: While this makes the game possible to play without internet access, it also opens up the ability for hackers to connect with any username they choose.
[02Aug2025 00:49:42.520] [Server thread/WARN] [net.minecraft.server.dedicated.DedicatedServer/]: To change this, set "online-mode" to "true" in the server.properties file.
[02Aug2025 00:49:42.534] [Server thread/DEBUG] [net.minecraftforge.fml.config.ConfigTracker/CONFIG]: Loading configs type SERVER
[02Aug2025 00:49:42.534] [Server thread/DEBUG] [net.minecraftforge.fml.config.ConfigFileTypeHandler/CONFIG]: Built TOML config for ./world/serverconfig/jei-server.toml
[02Aug2025 00:49:42.534] [Server thread/DEBUG] [net.minecraftforge.fml.config.ConfigFileTypeHandler/CONFIG]: Loaded TOML config file ./world/serverconfig/jei-server.toml
[02Aug2025 00:49:42.534] [Server thread/DEBUG] [net.minecraftforge.fml.config.ConfigFileTypeHandler/CONFIG]: Watching TOML config file ./world/serverconfig/jei-server.toml for changes
[02Aug2025 00:49:42.535] [Server thread/DEBUG] [net.minecraftforge.fml.config.ConfigFileTypeHandler/CONFIG]: Built TOML config for ./world/serverconfig/pehkui-server.toml
[02Aug2025 00:49:42.536] [Server thread/DEBUG] [net.minecraftforge.fml.config.ConfigFileTypeHandler/CONFIG]: Loaded TOML config file ./world/serverconfig/pehkui-server.toml
[02Aug2025 00:49:42.536] [Server thread/DEBUG] [net.minecraftforge.fml.config.ConfigFileTypeHandler/CONFIG]: Watching TOML config file ./world/serverconfig/pehkui-server.toml for changes
[02Aug2025 00:49:42.537] [Thread-1/DEBUG] [net.minecraftforge.fml.config.ConfigFileTypeHandler/CONFIG]: Config file pehkui-server.toml changed, sending notifies
[02Aug2025 00:49:42.537] [Server thread/DEBUG] [net.minecraftforge.fml.config.ConfigFileTypeHandler/CONFIG]: Built TOML config for ./world/serverconfig/journeymap-server.toml
[02Aug2025 00:49:42.537] [Server thread/DEBUG] [net.minecraftforge.fml.config.ConfigFileTypeHandler/CONFIG]: Loaded TOML config file ./world/serverconfig/journeymap-server.toml
[02Aug2025 00:49:42.537] [Server thread/DEBUG] [net.minecraftforge.fml.config.ConfigFileTypeHandler/CONFIG]: Watching TOML config file ./world/serverconfig/journeymap-server.toml for changes
[02Aug2025 00:49:42.538] [Server thread/INFO] [journeymap/]: Loading JourneyMap Forge Configs
[02Aug2025 00:49:42.538] [Thread-1/DEBUG] [net.minecraftforge.fml.config.ConfigFileTypeHandler/CONFIG]: Config file pehkui-server.toml changed, sending notifies
[02Aug2025 00:49:42.539] [Thread-1/DEBUG] [net.minecraftforge.fml.config.ConfigFileTypeHandler/CONFIG]: Config file journeymap-server.toml changed, sending notifies
[02Aug2025 00:49:42.539] [Server thread/DEBUG] [net.minecraftforge.fml.config.ConfigFileTypeHandler/CONFIG]: Built TOML config for ./world/serverconfig/dungeonnowloading-server.toml
[02Aug2025 00:49:42.539] [Thread-1/INFO] [journeymap/]: Loading JourneyMap Forge Configs
[02Aug2025 00:49:42.539] [Thread-1/DEBUG] [net.minecraftforge.fml.config.ConfigFileTypeHandler/CONFIG]: Config file journeymap-server.toml changed, sending notifies
[02Aug2025 00:49:42.540] [Server thread/DEBUG] [net.minecraftforge.fml.config.ConfigFileTypeHandler/CONFIG]: Loaded TOML config file ./world/serverconfig/dungeonnowloading-server.toml
[02Aug2025 00:49:42.540] [Server thread/DEBUG] [net.minecraftforge.fml.config.ConfigFileTypeHandler/CONFIG]: Watching TOML config file ./world/serverconfig/dungeonnowloading-server.toml for changes
[02Aug2025 00:49:42.540] [Server thread/DEBUG] [net.minecraftforge.fml.config.ConfigFileTypeHandler/CONFIG]: Built TOML config for ./world/serverconfig/sophisticatedbackpacks-server.toml
[02Aug2025 00:49:42.539] [Thread-1/INFO] [journeymap/]: Loading JourneyMap Forge Configs
[02Aug2025 00:49:42.541] [Server thread/DEBUG] [net.minecraftforge.fml.config.ConfigFileTypeHandler/CONFIG]: Loaded TOML config file ./world/serverconfig/sophisticatedbackpacks-server.toml
[02Aug2025 00:49:42.541] [Server thread/DEBUG] [net.minecraftforge.fml.config.ConfigFileTypeHandler/CONFIG]: Watching TOML config file ./world/serverconfig/sophisticatedbackpacks-server.toml for changes
[02Aug2025 00:49:42.542] [Thread-1/DEBUG] [net.minecraftforge.fml.config.ConfigFileTypeHandler/CONFIG]: Config file dungeonnowloading-server.toml changed, sending notifies
[02Aug2025 00:49:42.544] [Thread-1/DEBUG] [net.minecraftforge.fml.config.ConfigFileTypeHandler/CONFIG]: Config file sophisticatedbackpacks-server.toml changed, sending notifies
[02Aug2025 00:49:42.544] [Server thread/DEBUG] [net.minecraftforge.fml.config.ConfigFileTypeHandler/CONFIG]: Built TOML config for ./world/serverconfig/forge-server.toml
[02Aug2025 00:49:42.544] [Server thread/DEBUG] [net.minecraftforge.fml.config.ConfigFileTypeHandler/CONFIG]: Loaded TOML config file ./world/serverconfig/forge-server.toml
[02Aug2025 00:49:42.544] [Server thread/DEBUG] [net.minecraftforge.fml.config.ConfigFileTypeHandler/CONFIG]: Watching TOML config file ./world/serverconfig/forge-server.toml for changes
[02Aug2025 00:49:42.544] [Server thread/DEBUG] [net.minecraftforge.common.ForgeConfig/FORGEMOD]: Loaded forge config file forge-server.toml
[02Aug2025 00:49:42.545] [Thread-1/DEBUG] [net.minecraftforge.fml.config.ConfigFileTypeHandler/CONFIG]: Config file sophisticatedbackpacks-server.toml changed, sending notifies
[02Aug2025 00:49:42.545] [Server thread/DEBUG] [net.minecraftforge.fml.config.ConfigFileTypeHandler/CONFIG]: Built TOML config for ./world/serverconfig/curios-server.toml
[02Aug2025 00:49:42.545] [Server thread/DEBUG] [net.minecraftforge.fml.config.ConfigFileTypeHandler/CONFIG]: Loaded TOML config file ./world/serverconfig/curios-server.toml
[02Aug2025 00:49:42.545] [Server thread/DEBUG] [net.minecraftforge.fml.config.ConfigFileTypeHandler/CONFIG]: Watching TOML config file ./world/serverconfig/curios-server.toml for changes
[02Aug2025 00:49:42.546] [Thread-1/DEBUG] [net.minecraftforge.fml.config.ConfigFileTypeHandler/CONFIG]: Config file curios-server.toml changed, sending notifies
[02Aug2025 00:49:42.546] [Thread-1/DEBUG] [net.minecraftforge.fml.config.ConfigFileTypeHandler/CONFIG]: Config file curios-server.toml changed, sending notifies
[02Aug2025 00:49:42.546] [Server thread/DEBUG] [net.minecraftforge.fml.config.ConfigFileTypeHandler/CONFIG]: Built TOML config for ./world/serverconfig/tcrm-server.toml
[02Aug2025 00:49:42.546] [Server thread/DEBUG] [net.minecraftforge.fml.config.ConfigFileTypeHandler/CONFIG]: Loaded TOML config file ./world/serverconfig/tcrm-server.toml
[02Aug2025 00:49:42.546] [Server thread/DEBUG] [net.minecraftforge.fml.config.ConfigFileTypeHandler/CONFIG]: Watching TOML config file ./world/serverconfig/tcrm-server.toml for changes
[02Aug2025 00:49:42.546] [Server thread/DEBUG] [net.minecraftforge.fml.config.ConfigFileTypeHandler/CONFIG]: Built TOML config for /workspaces/cosecha/servidor_minecraft/config/tombstone-server.toml
[02Aug2025 00:49:42.547] [Server thread/DEBUG] [net.minecraftforge.fml.config.ConfigFileTypeHandler/CONFIG]: Loaded TOML config file /workspaces/cosecha/servidor_minecraft/config/tombstone-server.toml
[02Aug2025 00:49:42.547] [Server thread/DEBUG] [net.minecraftforge.fml.config.ConfigFileTypeHandler/CONFIG]: Watching TOML config file /workspaces/cosecha/servidor_minecraft/config/tombstone-server.toml for changes
[02Aug2025 00:49:42.548] [Server thread/DEBUG] [net.minecraftforge.fml.config.ConfigFileTypeHandler/CONFIG]: Built TOML config for ./world/serverconfig/globalxp-server.toml
[02Aug2025 00:49:42.549] [Server thread/DEBUG] [net.minecraftforge.fml.config.ConfigFileTypeHandler/CONFIG]: Loaded TOML config file ./world/serverconfig/globalxp-server.toml
[02Aug2025 00:49:42.549] [Server thread/DEBUG] [net.minecraftforge.fml.config.ConfigFileTypeHandler/CONFIG]: Watching TOML config file ./world/serverconfig/globalxp-server.toml for changes
[02Aug2025 00:49:42.550] [Thread-1/DEBUG] [net.minecraftforge.fml.config.ConfigFileTypeHandler/CONFIG]: Config file tombstone-server.toml changed, sending notifies
[02Aug2025 00:49:42.726] [Server thread/INFO] [net.jadenxgamer.elysium_api.Elysium/]: ElysiumBiomeSource successfully initialized for minecraft:the_nether
[02Aug2025 00:49:42.727] [Server thread/INFO] [net.jadenxgamer.elysium_api.Elysium/]: ElysiumBiomeSource successfully initialized for minecraft:overworld
[02Aug2025 00:49:42.729] [Server thread/INFO] [net.minecraft.server.dedicated.DedicatedServer/]: Preparing level "world"
[02Aug2025 00:49:42.737] [Server thread/DEBUG] [net.minecraftforge.coremod.transformer.CoreModBaseTransformer/COREMOD]: Transforming net/minecraft/world/level/levelgen/PhantomSpawner
[02Aug2025 00:49:42.745] [Server thread/DEBUG] [net.minecraftforge.coremod.transformer.CoreModBaseTransformer/COREMOD]: Transforming net/minecraft/world/level/levelgen/PatrolSpawner
[02Aug2025 00:49:42.752] [Server thread/DEBUG] [net.minecraftforge.coremod.transformer.CoreModBaseTransformer/COREMOD]: Transforming net/minecraft/world/entity/npc/CatSpawner
[02Aug2025 00:49:42.757] [Server thread/DEBUG] [net.minecraftforge.coremod.transformer.CoreModBaseTransformer/COREMOD]: Transforming net/minecraft/world/entity/ai/village/VillageSiege
[02Aug2025 00:49:42.770] [Server thread/DEBUG] [mixin/]: Mixing compat1201minus.compat117plus.ServerChunkManagerMixin from pehkui.mixins.json into net.minecraft.server.level.ServerChunkCache
[02Aug2025 00:49:42.813] [Server thread/DEBUG] [mixin/]: Mixing DimensionDataStorageAccessor from structure_gel.mixins.json into net.minecraft.world.level.storage.DimensionDataStorage
[02Aug2025 00:49:42.817] [Server thread/DEBUG] [mixin/]: Mixing compat1201minus.compat116plus.ThreadedAnvilChunkStorageMixin from pehkui.mixins.json into net.minecraft.server.level.ChunkMap
[02Aug2025 00:49:42.942] [Server thread/DEBUG] [mixin/]: Mixing ClimateSamplerMixin from mixins.mofus_better_end_.json into net.minecraft.world.level.biome.Climate$Sampler
[02Aug2025 00:49:43.110] [Server thread/DEBUG] [mixin/]: Mixing entities.EntityAvoidBlockMixin from dungeonnowloading.forge.mixins.json into net.minecraft.world.level.pathfinder.WalkNodeEvaluator
[02Aug2025 00:49:43.419] [Server thread/WARN] [net.minecraft.network.syncher.SynchedEntityData/]: defineId called for: class com.cerbon.bosses_of_mass_destruction.entity.custom.obsidilith.ObsidilithEntity from class com.cerbon.bosses_of_mass_destruction.entity.custom.obsidilith.ObsidilithUtils
[02Aug2025 00:49:43.430] [Server thread/WARN] [net.minecraft.network.syncher.SynchedEntityData/]: defineId called for: class com.cerbon.bosses_of_mass_destruction.entity.custom.gauntlet.GauntletEntity from class com.cerbon.bosses_of_mass_destruction.projectile.PetalBladeProjectile
[02Aug2025 00:49:43.443] [Server thread/WARN] [net.minecraft.network.syncher.SynchedEntityData/]: defineId called for: class com.cerbon.bosses_of_mass_destruction.entity.util.BaseEntity from class com.cerbon.bosses_of_mass_destruction.entity.custom.void_blossom.hitbox.NetworkedHitboxManager
[02Aug2025 00:49:43.691] [Server thread/DEBUG] [mixin/]: Mixing compat117plus.ProjectileUtilMixin from pehkui.mixins.json into net.minecraft.world.entity.projectile.ProjectileUtil
[02Aug2025 00:49:43.693] [Server thread/DEBUG] [mixin/]: Mixing compat1202minus.compat120plus.ProjectileUtilMixin from pehkui.mixins.json into net.minecraft.world.entity.projectile.ProjectileUtil
[02Aug2025 00:49:43.833] [Server thread/DEBUG] [mixin/]: Mixing compat119plus.LookTargetUtilMixin from pehkui.mixins.json into net.minecraft.world.entity.ai.behavior.BehaviorUtils
[02Aug2025 00:49:43.925] [Server thread/DEBUG] [mixin/]: Mixing entity.PiglinAiMixin from mixins.elysium_api.json into net.minecraft.world.entity.monster.piglin.PiglinAi
[02Aug2025 00:49:43.927] [Server thread/DEBUG] [mixin/]: Mixing MixinPiglinAi from curios.mixins.json into net.minecraft.world.entity.monster.piglin.PiglinAi
[02Aug2025 00:49:43.960] [Server thread/DEBUG] [mixin/]: Mixing PiglinBruteBrainMixin from piglinproliferation.mixins.json into net.minecraft.world.entity.monster.piglin.PiglinBruteAi
[02Aug2025 00:49:44.052] [Server thread/DEBUG] [mixin/]: Mixing compat116plus.VillagerBreedTaskMixin from pehkui.mixins.json into net.minecraft.world.entity.ai.behavior.VillagerMakeLove
[02Aug2025 00:49:56.392] [Server thread/INFO] [net.minecraft.server.MinecraftServer/]: Preparing start region for dimension minecraft:overworld
[02Aug2025 00:49:56.398] [Server thread/DEBUG] [mixin/]: Mixing compat1201minus.compat116plus.ChunkHolderAccessor from pehkui.mixins.json into net.minecraft.server.level.ChunkHolder
[02Aug2025 00:49:57.955] [Server thread/DEBUG] [mixin/]: Mixing StructureStartMixin from blueprint.mixins.json into net.minecraft.world.level.levelgen.structure.StructureStart
[02Aug2025 00:49:57.955] [Server thread/DEBUG] [mixin/]: Renaming synthetic method lambda$new$0(Lnet/minecraft/world/level/WorldGenLevel;)[Lcom/teamabnormals/blueprint/common/world/modification/structure/StructureRepaletterEntry; to md530ed7$lambda$new$0$0 in blueprint.mixins.json:StructureStartMixin
[02Aug2025 00:49:58.866] [Worker-Main-3/INFO] [net.minecraft.server.level.progress.LoggerChunkProgressListener/]: Preparing spawn area: 0%
[02Aug2025 00:49:58.900] [Worker-Main-1/INFO] [net.minecraft.server.level.progress.LoggerChunkProgressListener/]: Preparing spawn area: 0%
[02Aug2025 00:49:58.914] [Worker-Main-2/INFO] [net.minecraft.server.level.progress.LoggerChunkProgressListener/]: Preparing spawn area: 0%
[02Aug2025 00:49:58.926] [Worker-Main-3/INFO] [net.minecraft.server.level.progress.LoggerChunkProgressListener/]: Preparing spawn area: 0%
[02Aug2025 00:49:58.937] [Worker-Main-3/INFO] [net.minecraft.server.level.progress.LoggerChunkProgressListener/]: Preparing spawn area: 0%
[02Aug2025 00:49:58.949] [Worker-Main-2/INFO] [net.minecraft.server.level.progress.LoggerChunkProgressListener/]: Preparing spawn area: 0%
[02Aug2025 00:49:59.038] [Server thread/DEBUG] [mixin/]: Mixing TemplateMixins$StructurePlaceSettingsMixin from structure_gel.mixins.json into net.minecraft.world.level.levelgen.structure.templatesystem.StructurePlaceSettings
[02Aug2025 00:49:59.045] [Server thread/DEBUG] [net.minecraftforge.coremod.transformer.CoreModBaseTransformer/COREMOD]: Transforming net/minecraft/world/level/levelgen/structure/templatesystem/StructureTemplate
[02Aug2025 00:49:59.078] [Server thread/DEBUG] [mixin/]: Mixing DungeonContextMixin from betterdungeons.mixins.json into net.minecraft.world.level.levelgen.structure.templatesystem.StructureTemplate
[02Aug2025 00:49:59.079] [Server thread/DEBUG] [mixin/]: Mixing StructureTemplateMixin from betterdungeons.mixins.json into net.minecraft.world.level.levelgen.structure.templatesystem.StructureTemplate
[02Aug2025 00:49:59.079] [Server thread/DEBUG] [mixin/]: Renaming synthetic method lambda$betterdungeons_preventAutoWaterlogging$0(Lnet/minecraft/world/level/levelgen/structure/templatesystem/StructureProcessor;)Z to md530ed7$lambda$betterdungeons_preventAutoWaterlogging$0$0 in betterdungeons.mixins.json:StructureTemplateMixin
[02Aug2025 00:49:59.080] [Server thread/DEBUG] [mixin/]: Mixing structures.StructureTemplateMixin from dungeonnowloading.forge.mixins.json into net.minecraft.world.level.levelgen.structure.templatesystem.StructureTemplate
[02Aug2025 00:49:59.080] [Server thread/DEBUG] [mixin/]: Renaming synthetic method lambda$dungeonnowloading_fixWaterlogging$0(Lnet/minecraft/world/level/levelgen/structure/templatesystem/StructureProcessor;)Z to md530ed7$lambda$dungeonnowloading_fixWaterlogging$0$1 in dungeonnowloading.forge.mixins.json:structures.StructureTemplateMixin
[02Aug2025 00:49:59.081] [Server thread/DEBUG] [mixin/]: Mixing StructureTemplateMixin from blueprint.mixins.json into net.minecraft.world.level.levelgen.structure.templatesystem.StructureTemplate
[02Aug2025 00:49:59.081] [Server thread/DEBUG] [mixin/]: Mixing StructureTemplateMixin from formations.mixins.json into net.minecraft.world.level.levelgen.structure.templatesystem.StructureTemplate
[02Aug2025 00:49:59.081] [Server thread/DEBUG] [mixin/]: Renaming synthetic method lambda$processBlockInfos$1(Lnet/minecraft/world/level/levelgen/structure/templatesystem/StructureTemplate$StructureBlockInfo;)Lcom/supermartijn642/formations/structure/BlockInstance; to md530ed7$lambda$processBlockInfos$1$2 in formations.mixins.json:StructureTemplateMixin
[02Aug2025 00:49:59.081] [Server thread/DEBUG] [mixin/]: Renaming synthetic method lambda$processBlockInfos$0(Lnet/minecraft/core/BlockPos;Lnet/minecraft/world/level/levelgen/structure/templatesystem/StructureTemplate$StructureBlockInfo;)Lnet/minecraft/core/BlockPos; to md530ed7$lambda$processBlockInfos$0$3 in formations.mixins.json:StructureTemplateMixin
[02Aug2025 00:49:59.083] [Server thread/DEBUG] [mixin/]: Mixing StructureTemplateMixin from cataclysm.mixins.json into net.minecraft.world.level.levelgen.structure.templatesystem.StructureTemplate
[02Aug2025 00:49:59.083] [Server thread/DEBUG] [mixin/]: Renaming synthetic method lambda$repurposedstructures_preventAutoWaterlogging$0(Lnet/minecraft/world/level/levelgen/structure/templatesystem/StructureProcessor;)Z to md530ed7$lambda$repurposedstructures_preventAutoWaterlogging$0$4 in cataclysm.mixins.json:StructureTemplateMixin
[02Aug2025 00:49:59.084] [Server thread/DEBUG] [mixin/]: Mixing structures.StructureTemplateMixin from mes-common.mixins.json into net.minecraft.world.level.levelgen.structure.templatesystem.StructureTemplate
[02Aug2025 00:49:59.084] [Server thread/DEBUG] [mixin/]: Renaming synthetic method lambda$mes_preventAutoWaterlogging$0(Lnet/minecraft/world/level/levelgen/structure/templatesystem/StructureProcessor;)Z to md530ed7$lambda$mes_preventAutoWaterlogging$0$5 in mes-common.mixins.json:structures.StructureTemplateMixin
[02Aug2025 00:49:59.085] [Server thread/DEBUG] [mixin/]: Mixing structures.TemplateAccessor from mes-common.mixins.json into net.minecraft.world.level.levelgen.structure.templatesystem.StructureTemplate
[02Aug2025 00:49:59.085] [Server thread/DEBUG] [mixin/]: Mixing structures.StructureTemplateMixin from mns-common.mixins.json into net.minecraft.world.level.levelgen.structure.templatesystem.StructureTemplate
[02Aug2025 00:49:59.085] [Server thread/DEBUG] [mixin/]: Renaming synthetic method lambda$mns_preventAutoWaterlogging$0(Lnet/minecraft/world/level/levelgen/structure/templatesystem/StructureProcessor;)Z to md530ed7$lambda$mns_preventAutoWaterlogging$0$6 in mns-common.mixins.json:structures.StructureTemplateMixin
[02Aug2025 00:49:59.086] [Server thread/DEBUG] [mixin/]: Mixing structures.TemplateAccessor from mns-common.mixins.json into net.minecraft.world.level.levelgen.structure.templatesystem.StructureTemplate
[02Aug2025 00:49:59.086] [Server thread/DEBUG] [mixin/]: Mixing TemplateMixins$StructureTemplateMixin from structure_gel.mixins.json into net.minecraft.world.level.levelgen.structure.templatesystem.StructureTemplate
[02Aug2025 00:49:59.086] [Server thread/DEBUG] [mixin/]: Renaming synthetic method lambda$addGelProcessor_processBlockInfos$0(Lnet/minecraft/world/level/levelgen/structure/templatesystem/StructureTemplate$StructureBlockInfo;)Z to md530ed7$lambda$addGelProcessor_processBlockInfos$0$7 in structure_gel.mixins.json:TemplateMixins$StructureTemplateMixin
[02Aug2025 00:49:59.087] [Server thread/DEBUG] [mixin/]: Mixing StructureTemplateAccessor from structure_gel.mixins.json into net.minecraft.world.level.levelgen.structure.templatesystem.StructureTemplate
[02Aug2025 00:49:59.394] [Worker-Main-2/INFO] [net.minecraft.server.level.progress.LoggerChunkProgressListener/]: Preparing spawn area: 0%
[02Aug2025 00:49:59.889] [Server thread/DEBUG] [mixin/]: Mixing compat1193plus.EntityTrackingSectionMixin from pehkui.mixins.json into net.minecraft.world.level.entity.EntitySection
[02Aug2025 00:49:59.893] [Worker-Main-3/INFO] [net.minecraft.server.level.progress.LoggerChunkProgressListener/]: Preparing spawn area: 4%
[02Aug2025 00:50:00.393] [Worker-Main-2/INFO] [net.minecraft.server.level.progress.LoggerChunkProgressListener/]: Preparing spawn area: 72%
[02Aug2025 00:50:00.561] [Server thread/INFO] [net.minecraft.server.level.progress.LoggerChunkProgressListener/]: Time elapsed: 4169 ms
[02Aug2025 00:50:00.562] [Server thread/INFO] [net.minecraft.server.dedicated.DedicatedServer/]: Done (18.028s)! For help, type "help"
[02Aug2025 00:50:00.570] [Server thread/DEBUG] [net.minecraftforge.network.DualStackUtils/]: Detected IPv6 address: "0:0:0:0:0:0:0:0"
[02Aug2025 00:50:00.609] [Server thread/DEBUG] [net.minecraftforge.common.ForgeI18n/CORE]: Loading I18N data entries: 10882
[02Aug2025 00:50:00.612] [Server thread/INFO] [net.minecraftforge.server.permission.PermissionAPI/]: Successfully initialized permission handler forge:default_handler
[02Aug2025 00:50:00.629] [Server thread/INFO] [journeymap/]: global (FirstLoaded) Setting config file to version "5.10.3": journeymap.server.global.config
[02Aug2025 00:50:00.629] [Server thread/INFO] [journeymap/]: global (Valid) Creating config file: ./journeymap/server/5.10/journeymap.server.global.config
[02Aug2025 00:50:00.639] [Server thread/INFO] [journeymap/]: default (FirstLoaded) Setting config file to version "5.10.3": journeymap.server.default.config
[02Aug2025 00:50:00.639] [Server thread/INFO] [journeymap/]: default (Valid) Creating config file: ./journeymap/server/5.10/journeymap.server.default.config
[02Aug2025 00:50:00.642] [Server thread/INFO] [journeymap/]: minecraft~overworld (Initialized) Setting config file to version "5.10.3": journeymap.server.minecraft~overworld.config
[02Aug2025 00:50:00.642] [Server thread/INFO] [journeymap/]: minecraft~overworld (Valid) Creating config file: ./journeymap/server/5.10/journeymap.server.minecraft~overworld.config
[02Aug2025 00:50:00.648] [Server thread/INFO] [journeymap/]: minecraft~the_nether (Initialized) Setting config file to version "5.10.3": journeymap.server.minecraft~the_nether.config
[02Aug2025 00:50:00.648] [Server thread/INFO] [journeymap/]: minecraft~the_nether (Valid) Creating config file: ./journeymap/server/5.10/journeymap.server.minecraft~the_nether.config
[02Aug2025 00:50:00.650] [Server thread/INFO] [journeymap/]: mofus_better_end_~broken_constellation (Initialized) Setting config file to version "5.10.3": journeymap.server.mofus_better_end_~broken_constellation.config
[02Aug2025 00:50:00.650] [Server thread/INFO] [journeymap/]: mofus_better_end_~broken_constellation (Valid) Creating config file: ./journeymap/server/5.10/journeymap.server.mofus_better_end_~broken_constellation.config
[02Aug2025 00:50:00.652] [Server thread/INFO] [journeymap/]: faded_conquest_2~the_abyss (Initialized) Setting config file to version "5.10.3": journeymap.server.faded_conquest_2~the_abyss.config
[02Aug2025 00:50:00.652] [Server thread/INFO] [journeymap/]: faded_conquest_2~the_abyss (Valid) Creating config file: ./journeymap/server/5.10/journeymap.server.faded_conquest_2~the_abyss.config
[02Aug2025 00:50:00.653] [Server thread/INFO] [journeymap/]: minecraft~the_end (Initialized) Setting config file to version "5.10.3": journeymap.server.minecraft~the_end.config
[02Aug2025 00:50:00.654] [Server thread/INFO] [journeymap/]: minecraft~the_end (Valid) Creating config file: ./journeymap/server/5.10/journeymap.server.minecraft~the_end.config
[02Aug2025 00:50:00.655] [Server thread/INFO] [journeymap/]: faded_conquest_2~the_mirror_realm (Initialized) Setting config file to version "5.10.3": journeymap.server.faded_conquest_2~the_mirror_realm.config
[02Aug2025 00:50:00.656] [Server thread/INFO] [journeymap/]: faded_conquest_2~the_mirror_realm (Valid) Creating config file: ./journeymap/server/5.10/journeymap.server.faded_conquest_2~the_mirror_realm.config
[02Aug2025 00:50:00.677] [Server thread/DEBUG] [io.netty.buffer.AbstractByteBuf/]: -Dio.netty.buffer.checkAccessible: true
[02Aug2025 00:50:00.677] [Server thread/DEBUG] [io.netty.buffer.AbstractByteBuf/]: -Dio.netty.buffer.checkBounds: true
[02Aug2025 00:50:00.678] [Server thread/DEBUG] [io.netty.util.ResourceLeakDetectorFactory/]: Loaded default ResourceLeakDetector: io.netty.util.ResourceLeakDetector@6b9b3918
[02Aug2025 00:50:00.735] [Server thread/DEBUG] [mixin/]: Mixing ChunkNoiseSamplerMixin from mixins.mofus_better_end_.json into net.minecraft.world.level.levelgen.NoiseChunk
[02Aug2025 00:50:00.869] [Server thread/DEBUG] [net.minecraftforge.coremod.transformer.CoreModBaseTransformer/COREMOD]: Transforming net/minecraft/world/level/NaturalSpawner
[02Aug2025 00:50:00.886] [Server thread/DEBUG] [mixin/]: Mixing NaturalSpawnerMixin from mixins.bosses_of_mass_destruction.json into net.minecraft.world.level.NaturalSpawner
[02Aug2025 00:50:00.901] [Server thread/DEBUG] [mixin/]: Mixing EntityTrackerEntryMixin from pehkui.mixins.json into net.minecraft.server.level.ServerEntity
[02Aug2025 00:50:00.901] [Server thread/DEBUG] [mixin/]: Renaming synthetic method lambda$pehkui$syncEntityData$1(Lnet/minecraft/network/protocol/Packet;)V to md530ed7$lambda$pehkui$syncEntityData$1$0 in pehkui.mixins.json:EntityTrackerEntryMixin
[02Aug2025 00:50:00.901] [Server thread/DEBUG] [mixin/]: Renaming synthetic method lambda$pehkui$tick$0(Lnet/minecraft/network/protocol/Packet;)V to md530ed7$lambda$pehkui$tick$0$1 in pehkui.mixins.json:EntityTrackerEntryMixin
[02Aug2025 00:50:00.901] [Server thread/DEBUG] [mixin/]: Mixing ServerEntityMixin from blueprint.mixins.json into net.minecraft.server.level.ServerEntity
[02Aug2025 00:50:00.902] [Server thread/DEBUG] [mixin/]: Mixing ServerEntityMixin from endergetic.mixins.json into net.minecraft.server.level.ServerEntity
[02Aug2025 00:50:00.902] [Server thread/DEBUG] [mixin/]: Renaming synthetic method lambda$updateBalloons$0()Lnet/minecraft/world/entity/Entity; to md530ed7$lambda$updateBalloons$0$2 in endergetic.mixins.json:ServerEntityMixin
[02Aug2025 00:50:00.989] [Server thread/DEBUG] [tombstone/]: Updating LootTables
[02Aug2025 00:50:01.764] [Server thread/INFO] [com.github.alexthe666.alexsmobs.AlexsMobs/]: Found Pupfish chunk at 287 ~ 432 after 13 tries
[02Aug2025 00:52:01.927] [Netty Epoll Server IO #1/DEBUG] [io.netty.util.Recycler/]: -Dio.netty.recycler.maxCapacityPerThread: 4096
[02Aug2025 00:52:01.927] [Netty Epoll Server IO #1/DEBUG] [io.netty.util.Recycler/]: -Dio.netty.recycler.ratio: 8
[02Aug2025 00:52:01.927] [Netty Epoll Server IO #1/DEBUG] [io.netty.util.Recycler/]: -Dio.netty.recycler.chunkSize: 32
[02Aug2025 00:52:01.927] [Netty Epoll Server IO #1/DEBUG] [io.netty.util.Recycler/]: -Dio.netty.recycler.blocking: false
[02Aug2025 00:52:24.764] [Server thread/INFO] [net.minecraft.server.MinecraftServer/]: Stopping the server
[02Aug2025 00:52:24.810] [Server thread/INFO] [net.minecraft.server.MinecraftServer/]: Stopping server
[02Aug2025 00:52:24.811] [Server thread/INFO] [net.minecraft.server.MinecraftServer/]: Saving players
[02Aug2025 00:52:24.811] [Server thread/INFO] [net.minecraft.server.MinecraftServer/]: Saving worlds
[02Aug2025 00:52:25.435] [Server thread/INFO] [net.minecraft.server.MinecraftServer/]: Saving chunks for level 'ServerLevel[world]'/minecraft:overworld
[02Aug2025 00:52:26.811] [Server thread/INFO] [net.minecraft.server.MinecraftServer/]: Saving chunks for level 'ServerLevel[world]'/minecraft:the_nether
[02Aug2025 00:52:26.813] [Server thread/INFO] [net.minecraft.server.MinecraftServer/]: Saving chunks for level 'ServerLevel[world]'/mofus_better_end_:broken_constellation
[02Aug2025 00:52:26.813] [Server thread/INFO] [net.minecraft.server.MinecraftServer/]: Saving chunks for level 'ServerLevel[world]'/faded_conquest_2:the_abyss
[02Aug2025 00:52:26.814] [Server thread/INFO] [net.minecraft.server.MinecraftServer/]: Saving chunks for level 'ServerLevel[world]'/minecraft:the_end
[02Aug2025 00:52:26.814] [Server thread/INFO] [net.minecraft.server.MinecraftServer/]: Saving chunks for level 'ServerLevel[world]'/faded_conquest_2:the_mirror_realm
[02Aug2025 00:52:26.831] [Server thread/DEBUG] [net.minecraftforge.common.ForgeHooks/WP]: Gathering id map for writing to world save world
[02Aug2025 00:52:26.875] [Server thread/DEBUG] [net.minecraftforge.common.ForgeHooks/WP]: ID Map collection complete world
[02Aug2025 00:52:26.896] [Server thread/INFO] [net.minecraft.server.MinecraftServer/]: ThreadedAnvilChunkStorage (world): All chunks are saved
[02Aug2025 00:52:26.896] [Server thread/INFO] [net.minecraft.server.MinecraftServer/]: ThreadedAnvilChunkStorage (DIM-1): All chunks are saved
[02Aug2025 00:52:26.897] [Server thread/INFO] [net.minecraft.server.MinecraftServer/]: ThreadedAnvilChunkStorage (broken_constellation): All chunks are saved
[02Aug2025 00:52:26.897] [Server thread/INFO] [net.minecraft.server.MinecraftServer/]: ThreadedAnvilChunkStorage (the_abyss): All chunks are saved
[02Aug2025 00:52:26.897] [Server thread/INFO] [net.minecraft.server.MinecraftServer/]: ThreadedAnvilChunkStorage (DIM1): All chunks are saved
[02Aug2025 00:52:26.897] [Server thread/INFO] [net.minecraft.server.MinecraftServer/]: ThreadedAnvilChunkStorage (the_mirror_realm): All chunks are saved
[02Aug2025 00:52:26.897] [Server thread/INFO] [net.minecraft.server.MinecraftServer/]: ThreadedAnvilChunkStorage: All dimensions are saved
[02Aug2025 00:52:26.916] [Server thread/DEBUG] [net.minecraftforge.fml.config.ConfigTracker/CONFIG]: Unloading configs type SERVER
[02Aug2025 00:52:26.919] [Server thread/INFO] [journeymap/]: Loading JourneyMap Forge Configs
